ts_utc,elapsed_s,rss_total_kb,rss_n1_kb,rss_n2_kb,rss_n3_kb,heap_used_total_kb,fd_total,fd_n1,fd_n2,fd_n3,threads_total,gc_cycles_total,gc_cumsec_total,commit_p50_us,commit_p99_us,committed,rejected
2026-07-23T07:39:19Z,31,748416,242972,227056,278388,211059,144,48,48,48,116,3,0.141,3339,193151,2948,0
2026-07-23T07:39:50Z,62,1035084,345380,333728,355976,250120,144,48,48,48,112,6,0.304,3027,7939,3000,0
2026-07-23T07:40:22Z,94,1084196,346244,339012,398940,250120,144,48,48,48,112,6,0.304,2941,4983,3000,0
2026-07-23T07:40:53Z,125,1232196,385672,391204,455320,327961,144,48,48,48,112,7,0.390,2979,5055,3000,0
2026-07-23T07:41:24Z,156,1321088,421836,443800,455452,362785,144,48,48,48,112,10,0.582,2865,4559,3000,0
2026-07-23T07:41:56Z,188,1324220,422416,444000,457804,370973,144,48,48,48,112,13,0.746,2771,4703,3000,0
2026-07-23T07:42:27Z,219,1338952,426268,444312,468372,467233,144,48,48,48,112,17,0.988,2793,4815,3000,0
2026-07-23T07:42:58Z,250,1355300,426284,444576,484440,362788,144,48,48,48,112,20,1.152,2735,4459,3000,0
2026-07-23T07:43:30Z,282,1361132,426296,444576,490260,366897,144,48,48,48,112,21,1.202,2747,4275,3000,0
2026-07-23T07:44:01Z,313,1362472,426328,444576,491568,330042,144,48,48,48,112,24,1.367,3103,4671,3000,0
2026-07-23T07:44:32Z,344,1405456,450112,463692,491652,356669,144,48,48,48,112,27,1.522,2889,4663,3000,0
2026-07-23T07:45:04Z,376,1416692,451296,472232,493164,395583,144,48,48,48,112,30,1.678,2855,4683,3000,0
2026-07-23T07:45:35Z,407,1421064,453336,474456,493272,381267,144,48,48,48,112,33,1.824,2999,4743,3000,0
2026-07-23T07:46:06Z,438,1426916,458344,475300,493272,508252,144,48,48,48,112,36,2.008,3051,4951,3000,0
2026-07-23T07:46:38Z,470,1428176,458360,476484,493332,364893,144,48,48,48,112,39,2.166,2805,4431,3000,0
2026-07-23T07:47:09Z,501,1428204,458380,476484,493340,360802,144,48,48,48,112,42,2.321,2887,4651,3000,0
2026-07-23T07:47:40Z,532,1430128,459352,477360,493416,426354,144,48,48,48,112,46,2.518,2967,4523,3000,0
2026-07-23T07:48:12Z,564,1430476,459692,477368,493416,360821,144,48,48,48,112,49,2.676,2915,5343,3000,0
2026-07-23T07:48:43Z,595,1430488,459704,477368,493416,364918,144,48,48,48,112,50,2.728,2985,4975,3000,0
2026-07-23T07:49:14Z,626,1430868,459752,477684,493432,360824,144,48,48,48,112,53,2.885,3049,4883,3000,0
2026-07-23T07:49:46Z,658,1431020,459752,477684,493584,424314,144,48,48,48,112,56,3.031,2887,4687,3000,0
2026-07-23T07:50:17Z,689,1431036,459768,477684,493584,373114,144,48,48,48,112,59,3.191,2835,4483,3000,0
2026-07-23T07:50:48Z,720,1431044,459772,477688,493584,371069,144,48,48,48,112,62,3.357,2931,4791,3000,0
2026-07-23T07:51:20Z,752,1431880,460604,477692,493584,493956,144,48,48,48,112,65,3.525,2851,4967,3000,0
2026-07-23T07:51:51Z,783,1431888,460612,477692,493584,364936,144,48,48,48,112,68,3.675,2841,4355,3000,0
2026-07-23T07:52:22Z,814,1431984,460612,477784,493588,364939,144,48,48,48,112,71,3.830,2985,4755,3000,0
2026-07-23T07:52:54Z,846,1432824,461452,477784,493588,436626,144,48,48,48,112,75,4.028,2875,5175,3000,0
2026-07-23T07:53:25Z,877,1432972,461464,477860,493648,360865,144,48,48,48,112,78,4.181,3037,4723,3000,0
2026-07-23T07:53:56Z,908,1432980,461468,477860,493652,352676,144,48,48,48,112,79,4.236,2857,4663,3000,0
2026-07-23T07:54:28Z,940,1434016,462440,477924,493652,362920,144,48,48,48,112,82,4.396,3027,5055,3000,0
2026-07-23T07:54:59Z,971,1434124,462536,477932,493656,352625,144,48,48,48,112,85,4.540,2925,4751,3000,0
2026-07-23T07:55:30Z,1002,1434136,462544,477936,493656,344330,144,48,48,48,112,88,4.695,2857,4683,3000,0
2026-07-23T07:56:02Z,1034,1434144,462552,477936,493656,358670,144,48,48,48,112,91,4.839,3109,5063,3000,0
2026-07-23T07:56:33Z,1065,1434164,462560,477936,493668,420110,144,48,48,48,112,94,4.991,2825,4983,3000,0
2026-07-23T07:57:04Z,1096,1434168,462564,477936,493668,360724,144,48,48,48,112,97,5.131,2731,4527,3000,0
2026-07-23T07:57:36Z,1128,1434168,462564,477936,493668,362774,144,48,48,48,112,100,5.282,2751,4539,3000,0
2026-07-23T07:58:07Z,1159,1434996,463380,477948,493668,422183,144,48,48,48,112,104,5.472,2783,4623,3000,0
2026-07-23T07:58:38Z,1190,1435044,463428,477948,493668,360748,144,48,48,48,112,106,5.572,2741,4371,3000,0
2026-07-23T07:59:10Z,1222,1435064,463428,477948,493688,362797,144,48,48,48,112,108,5.670,2721,4539,3000,0
2026-07-23T07:59:41Z,1253,1435180,463512,477948,493720,362816,144,48,48,48,112,111,5.829,2793,4543,3000,0
2026-07-23T08:00:12Z,1284,1435236,463520,477952,493764,426304,144,48,48,48,112,114,5.986,2643,4727,3000,0
2026-07-23T08:00:44Z,1316,1438320,466604,477952,493764,352576,144,48,48,48,112,117,6.129,2739,4375,3000,0
2026-07-23T08:01:15Z,1347,1438432,466632,478016,493784,356674,144,48,48,48,112,120,6.282,2929,4547,3000,0
2026-07-23T08:01:46Z,1378,1438444,466632,478016,493796,493891,144,48,48,48,112,123,6.461,2687,4455,3000,0
2026-07-23T08:02:18Z,1410,1438444,466632,478016,493796,356677,144,48,48,48,112,126,6.621,2735,4415,3000,0
2026-07-23T08:02:49Z,1441,1438472,466632,478044,493796,354631,144,48,48,48,112,129,6.784,3193,5147,3000,0
2026-07-23T08:03:20Z,1472,1438472,466632,478044,493796,418121,144,48,48,48,112,133,6.969,2981,5239,3000,0
2026-07-23T08:03:52Z,1504,1438520,466632,478048,493840,356703,144,48,48,48,112,136,7.107,2785,4403,3000,0
2026-07-23T08:04:23Z,1535,1438520,466632,478048,493840,366944,144,48,48,48,112,137,7.154,2885,4575,3000,0
2026-07-23T08:04:54Z,1566,1438528,466632,478052,493844,358755,144,48,48,48,112,140,7.303,3029,4799,3000,0
2026-07-23T08:05:26Z,1598,1438532,466636,478052,493844,432488,144,48,48,48,112,143,7.452,2729,4887,3000,0
2026-07-23T08:05:57Z,1629,1438532,466636,478052,493844,362859,144,48,48,48,112,146,7.609,2829,4463,3000,0
2026-07-23T08:06:28Z,1660,1438540,466636,478056,493848,356719,144,48,48,48,112,149,7.761,2791,4551,3000,0
2026-07-23T08:07:00Z,1692,1438760,466636,478276,493848,487796,144,48,48,48,112,153,7.958,2751,4603,3000,0
2026-07-23T08:07:31Z,1723,1438760,466636,478276,493848,362870,144,48,48,48,112,156,8.100,2685,4231,3000,0
2026-07-23T08:08:02Z,1754,1438760,466636,478276,493848,354680,144,48,48,48,112,159,8.250,2767,4475,3000,0
2026-07-23T08:08:34Z,1786,1438764,466636,478276,493852,489849,144,48,48,48,112,162,8.454,2777,4915,3000,0
2026-07-23T08:09:05Z,1817,1438796,466636,478276,493884,356730,144,48,48,48,112,165,8.618,2841,4491,3000,0
2026-07-23T08:09:36Z,1848,1438804,466644,478276,493884,362874,144,48,48,48,112,166,8.667,2959,4747,3000,0
2026-07-23T08:10:08Z,1880,1438804,466644,478276,493884,356737,144,48,48,48,112,169,8.824,3033,4759,3000,0
2026-07-23T08:10:39Z,1911,1440784,466652,480248,493884,418178,144,48,48,48,112,172,8.976,2841,4483,3000,0
2026-07-23T08:11:10Z,1942,1440788,466656,480248,493884,362891,144,48,48,48,112,175,9.121,2987,4667,3000,0
2026-07-23T08:11:42Z,1974,1440788,466656,480248,493884,358799,144,48,48,48,112,178,9.274,2877,4759,3000,0
2026-07-23T08:12:13Z,2005,1440804,466660,480256,493888,385440,144,48,48,48,112,182,9.467,2795,4963,3000,0
2026-07-23T08:12:44Z,2036,1440804,466660,480256,493888,352675,144,48,48,48,112,185,9.616,2931,4535,3000,0
2026-07-23T08:13:16Z,2068,1440808,466660,480260,493888,362916,144,48,48,48,112,188,9.767,3139,4859,3000,0
2026-07-23T08:13:47Z,2099,1441684,467484,480296,493904,493989,144,48,48,48,112,191,9.967,2825,5147,3000,0
2026-07-23T08:14:18Z,2130,1443124,468924,480296,493904,354725,144,48,48,48,112,194,10.118,2803,4495,3000,0
2026-07-23T08:14:50Z,2162,1443148,468948,480296,493904,354725,144,48,48,48,112,195,10.165,2803,4651,3000,0
2026-07-23T08:15:21Z,2193,1443152,468952,480296,493904,352681,144,48,48,48,112,198,10.332,2995,4739,3000,0
2026-07-23T08:15:52Z,2224,1444040,469776,480356,493908,463273,144,48,48,48,112,201,10.514,2695,4643,3000,0
2026-07-23T08:16:24Z,2256,1444268,469984,480372,493912,356778,144,48,48,48,112,204,10.655,2709,4255,3000,0
2026-07-23T08:16:55Z,2287,1444268,469984,480372,493912,350638,144,48,48,48,112,207,10.803,2995,4599,3000,0
2026-07-23T08:17:26Z,2318,1445088,470804,480372,493912,426419,144,48,48,48,112,211,10.995,2655,4735,3000,0
2026-07-23T08:17:58Z,2350,1445104,470816,480376,493912,367031,144,48,48,48,112,214,11.142,2809,4675,3000,0
2026-07-23T08:18:29Z,2381,1445104,470816,480376,493912,375227,144,48,48,48,112,217,11.289,2785,4403,3000,0
2026-07-23T08:19:00Z,2412,1445916,471628,480376,493912,485824,144,48,48,48,112,220,11.437,2787,4479,3000,0
2026-07-23T08:19:32Z,2444,1445924,471632,480376,493916,360901,144,48,48,48,112,223,11.586,2783,4543,3000,0
2026-07-23T08:20:03Z,2475,1445924,471632,480376,493916,360903,144,48,48,48,112,224,11.639,2907,4511,3000,0
2026-07-23T08:20:34Z,2506,1445928,471636,480376,493916,373195,144,48,48,48,112,227,11.796,2925,4463,3000,0
2026-07-23T08:21:06Z,2538,1445948,471656,480376,493916,461264,144,48,48,48,112,230,11.971,2713,4375,3000,0
2026-07-23T08:21:37Z,2569,1445976,471684,480376,493916,354787,144,48,48,48,112,233,12.120,2821,4703,3000,0
2026-07-23T08:22:09Z,2601,1445984,471692,480376,493916,360936,144,48,48,48,112,236,12.273,2803,4623,3000,0
2026-07-23T08:22:40Z,2632,1445996,471696,480380,493920,412137,144,48,48,48,112,240,12.463,2899,4519,3000,0
2026-07-23T08:23:11Z,2663,1445996,471696,480380,493920,350699,144,48,48,48,112,243,12.607,2855,4403,3000,0
2026-07-23T08:23:42Z,2694,1446000,471696,480380,493924,371180,144,48,48,48,112,246,12.753,2699,4515,3000,0
2026-07-23T08:24:14Z,2726,1446040,471696,480420,493924,539119,144,48,48,48,112,249,12.942,2719,4559,3000,0
2026-07-23T08:24:45Z,2757,1446044,471696,480420,493928,348657,144,48,48,48,112,252,13.091,2653,4119,3000,0
2026-07-23T08:25:16Z,2788,1446048,471696,480420,493932,346612,144,48,48,48,112,253,13.140,2835,4359,3000,0
2026-07-23T08:25:48Z,2820,1446052,471700,480420,493932,365048,144,48,48,48,112,256,13.291,2727,4795,3000,0
2026-07-23T08:26:19Z,2851,1446868,472516,480420,493932,381433,144,48,48,48,112,259,13.431,2641,4551,3000,0
2026-07-23T08:26:50Z,2882,1446872,472520,480420,493932,356857,144,48,48,48,112,262,13.571,2701,4423,3000,0
2026-07-23T08:27:22Z,2914,1446880,472524,480420,493936,365058,144,48,48,48,112,265,13.723,2721,4427,3000,0
2026-07-23T08:27:53Z,2945,1446888,472528,480420,493940,424451,144,48,48,48,112,269,13.917,2855,4631,3000,0
2026-07-23T08:28:24Z,2976,1446892,472532,480420,493940,363018,144,48,48,48,112,272,14.071,2735,4575,3000,0
2026-07-23T08:28:55Z,3007,1446896,472536,480420,493940,358923,144,48,48,48,112,275,14.225,2941,4563,3000,0
2026-07-23T08:29:27Z,3039,1447724,473364,480420,493940,496139,144,48,48,48,112,278,14.386,2753,4323,3000,0
2026-07-23T08:29:58Z,3070,1447724,473364,480420,493940,348683,144,48,48,48,112,281,14.538,2709,4435,3000,0
2026-07-23T08:30:29Z,3101,1447724,473364,480420,493940,346635,144,48,48,48,112,282,14.589,2713,4303,3000,0
2026-07-23T08:31:01Z,3133,1447728,473368,480420,493940,344588,144,48,48,48,112,285,14.738,2813,4387,3000,0
2026-07-23T08:31:32Z,3164,1447728,473368,480420,493940,416268,144,48,48,48,112,288,14.871,2663,4639,3000,0
2026-07-23T08:32:03Z,3195,1447728,473368,480420,493940,360973,144,48,48,48,112,291,15.012,2787,4579,3000,0
2026-07-23T08:32:35Z,3227,1447760,473368,480452,493940,358925,144,48,48,48,112,294,15.175,2833,4455,3000,0
2026-07-23T08:33:06Z,3258,1447964,473572,480452,493940,432661,144,48,48,48,112,298,15.368,2747,4531,3000,0
2026-07-23T08:33:37Z,3289,1448092,473700,480452,493940,354839,144,48,48,48,112,301,15.513,2719,4359,3000,0
2026-07-23T08:34:09Z,3321,1448092,473700,480452,493940,373271,144,48,48,48,112,304,15.666,2789,4387,3000,0
2026-07-23T08:34:40Z,3352,1448092,473700,480452,493940,414231,144,48,48,48,112,307,15.808,2689,4647,3000,0
2026-07-23T08:35:11Z,3383,1448092,473700,480452,493940,346647,144,48,48,48,112,310,15.965,2849,4463,3000,0
2026-07-23T08:35:43Z,3415,1448092,473700,480452,493940,346647,144,48,48,48,112,311,16.020,2793,4703,3000,0
2026-07-23T08:36:14Z,3446,1448092,473700,480452,493940,352792,144,48,48,48,112,314,16.166,2859,4363,3000,0
2026-07-23T08:36:45Z,3477,1448104,473704,480456,493944,410138,144,48,48,48,112,317,16.307,2793,4739,3000,0
2026-07-23T08:37:17Z,3509,1448108,473708,480456,493944,354843,144,48,48,48,112,320,16.454,2733,4463,3000,0
2026-07-23T08:37:48Z,3540,1448108,473708,480456,493944,360988,144,48,48,48,112,323,16.604,2795,4439,3000,0
2026-07-23T08:38:19Z,3571,1448116,473708,480456,493952,352802,144,48,48,48,112,327,16.790,2725,4611,3000,0
2026-07-23T08:38:51Z,3603,1448124,473716,480456,493952,363046,144,48,48,48,112,330,16.934,2875,4483,3000,0
2026-07-23T08:39:22Z,3634,1448532,473720,480456,494356,371238,144,48,48,48,112,333,17.085,2769,4291,3000,0
2026-07-23T08:39:53Z,3665,1448540,473728,480456,494356,459305,144,48,48,48,112,336,17.242,2741,4459,3000,0
2026-07-23T08:40:25Z,3697,1448540,473728,480456,494356,361002,144,48,48,48,112,339,17.402,2641,4259,3000,0
2026-07-23T08:40:56Z,3728,1448552,473736,480460,494356,373290,144,48,48,48,112,340,17.452,2693,4219,3000,0
2026-07-23T08:41:27Z,3759,1448568,473752,480460,494356,379436,144,48,48,48,112,343,17.614,2813,4547,3000,0
2026-07-23T08:41:59Z,3791,1448572,473756,480460,494356,424497,144,48,48,48,112,346,17.757,2677,4295,3000,0
2026-07-23T08:42:30Z,3822,1448576,473760,480460,494356,344625,144,48,48,48,112,349,17.903,2757,4387,3000,0
2026-07-23T08:43:01Z,3853,1448576,473760,480460,494356,352821,144,48,48,48,112,352,18.048,2845,4659,3000,0
2026-07-23T08:43:33Z,3885,1448580,473764,480460,494356,494134,144,48,48,48,112,356,18.262,2699,4611,3000,0
2026-07-23T08:44:04Z,3916,1448580,473764,480460,494356,365110,144,48,48,48,112,359,18.408,2723,4239,3000,0
2026-07-23T08:44:35Z,3947,1448580,473764,480460,494356,363062,144,48,48,48,112,362,18.561,2867,4479,3000,0
2026-07-23T08:45:06Z,3978,1448580,473764,480460,494356,463414,144,48,48,48,112,365,18.716,2815,4431,3000,0
2026-07-23T08:45:38Z,4010,1448580,473764,480460,494356,354870,144,48,48,48,112,368,18.860,2697,4323,3000,0
2026-07-23T08:46:09Z,4041,1448584,473764,480464,494356,356918,144,48,48,48,112,369,18.909,2845,4455,3000,0
2026-07-23T08:46:41Z,4073,1448584,473764,480464,494356,361014,144,48,48,48,112,372,19.062,2743,4899,3000,0
2026-07-23T08:47:12Z,4104,1449612,474792,480464,494356,451126,144,48,48,48,112,375,19.260,2805,4779,3000,0
2026-07-23T08:47:43Z,4135,1449648,474828,480464,494356,361014,144,48,48,48,112,378,19.412,2721,4239,3000,0
2026-07-23T08:48:15Z,4167,1449648,474828,480464,494356,344630,144,48,48,48,112,381,19.561,2757,4367,3000,0
2026-07-23T08:48:46Z,4198,1449672,474828,480464,494380,498252,144,48,48,48,112,385,19.794,2775,5015,3000,0
2026-07-23T08:49:17Z,4229,1449672,474828,480464,494380,348748,144,48,48,48,112,388,19.946,2689,4343,3000,0
2026-07-23T08:49:48Z,4260,1449676,474832,480464,494380,363086,144,48,48,48,112,391,20.095,2819,4359,3000,0
2026-07-23T08:50:20Z,4292,1449676,474832,480464,494380,389710,144,48,48,48,112,394,20.225,2779,5095,3000,0
2026-07-23T08:50:51Z,4323,1449684,474836,480468,494380,363086,144,48,48,48,112,397,20.358,2659,4811,3000,0
2026-07-23T08:51:22Z,4354,1449684,474836,480468,494380,363086,144,48,48,48,112,398,20.403,2713,4331,3000,0
2026-07-23T08:51:54Z,4386,1449684,474836,480468,494380,365134,144,48,48,48,112,401,20.552,2739,4419,3000,0
2026-07-23T08:52:25Z,4417,1449728,474836,480472,494420,389710,144,48,48,48,112,405,20.761,2661,4499,3000,0
2026-07-23T08:52:56Z,4448,1449728,474836,480472,494420,358990,144,48,48,48,112,408,20.911,2663,4643,3000,0
2026-07-23T08:53:28Z,4480,1449728,474836,480472,494420,367182,144,48,48,48,112,411,21.075,2789,4459,3000,0
2026-07-23T08:53:59Z,4511,1449740,474840,480480,494420,418383,144,48,48,48,112,414,21.217,2701,4571,3000,0
2026-07-23T08:54:31Z,4543,1449776,474852,480480,494444,348764,144,48,48,48,112,417,21.364,2893,4679,3000,0
2026-07-23T08:55:02Z,4574,1449784,474856,480480,494448,365153,144,48,48,48,112,420,21.525,2985,4547,3000,0
2026-07-23T08:55:33Z,4605,1449788,474856,480480,494452,424546,144,48,48,48,112,423,21.674,2757,4255,3000,0
2026-07-23T08:56:04Z,4636,1449792,474860,480480,494452,354916,144,48,48,48,112,425,21.775,2701,4491,3000,0
2026-07-23T08:56:36Z,4668,1449792,474860,480480,494452,356964,144,48,48,48,112,427,21.872,2723,4403,3000,0
2026-07-23T08:57:07Z,4699,1449792,474860,480480,494452,348772,144,48,48,48,112,430,22.033,2787,4611,3000,0
2026-07-23T08:57:38Z,4730,1449792,474860,480480,494452,379493,144,48,48,48,112,434,22.225,2685,4607,3000,0
2026-07-23T08:58:10Z,4762,1450784,474860,480480,495444,356965,144,48,48,48,112,437,22.394,2747,4687,3000,0
2026-07-23T08:58:41Z,4793,1450784,474860,480480,495444,316005,144,48,48,48,112,440,22.550,2891,4607,3000,0
2026-07-23T08:59:12Z,4824,1450796,474864,480484,495448,420466,144,48,48,48,112,443,22.693,2713,4571,3000,0
2026-07-23T08:59:44Z,4856,1450796,474864,480484,495448,344690,144,48,48,48,112,446,22.849,2883,4571,3000,0
2026-07-23T09:00:15Z,4887,1450800,474868,480484,495448,352882,144,48,48,48,112,449,23.003,2751,4375,3000,0
2026-07-23T09:00:46Z,4918,1450832,474876,480496,495460,424577,144,48,48,48,112,452,23.142,2811,4447,3000,0
2026-07-23T09:01:18Z,4950,1450836,474880,480496,495460,352913,144,48,48,48,112,454,23.246,2959,4923,3000,0
2026-07-23T09:01:49Z,4981,1450836,474880,480496,495460,357009,144,48,48,48,112,456,23.346,2837,4923,3000,0
2026-07-23T09:02:20Z,5012,1450840,474880,480496,495464,363154,144,48,48,48,112,460,23.546,3173,4987,3000,0
2026-07-23T09:02:52Z,5044,1450848,474884,480496,495468,424600,144,48,48,48,112,463,23.699,2725,4539,3000,0
2026-07-23T09:03:23Z,5075,1451148,475180,480496,495472,352941,144,48,48,48,112,466,23.856,2945,4771,3000,0
2026-07-23T09:03:54Z,5106,1451156,475180,480504,495472,371373,144,48,48,48,112,469,24.005,2927,4619,3000,0
2026-07-23T09:04:26Z,5138,1451156,475180,480504,495472,492205,144,48,48,48,112,472,24.160,2869,4671,3000,0
2026-07-23T09:04:57Z,5169,1454040,478064,480504,495472,361133,144,48,48,48,112,475,24.314,2939,4667,3000,0
2026-07-23T09:05:28Z,5200,1454052,478068,480512,495472,369325,144,48,48,48,112,477,24.408,3079,4723,3000,0
2026-07-23T09:06:00Z,5232,1454052,478068,480512,495472,354989,144,48,48,48,112,482,24.654,2895,5003,3000,0
2026-07-23T09:06:31Z,5263,1454052,478068,480512,495472,352941,144,48,48,48,112,484,24.757,2843,4903,3000,0
2026-07-23T09:07:03Z,5295,1454052,478068,480512,495472,357037,144,48,48,48,112,486,24.859,2881,4615,3000,0
2026-07-23T09:07:34Z,5326,1454052,478068,480512,495472,367278,144,48,48,48,112,489,25.006,2871,4543,3000,0
2026-07-23T09:08:05Z,5357,1454052,478068,480512,495472,389807,144,48,48,48,112,492,25.148,2675,5263,3000,0
2026-07-23T09:08:37Z,5389,1454056,478072,480512,495472,365236,144,48,48,48,112,495,25.295,2815,4507,3000,0
2026-07-23T09:09:08Z,5420,1454056,478072,480512,495472,361140,144,48,48,48,112,498,25.453,2905,4815,3000,0
2026-07-23T09:09:39Z,5451,1454056,478072,480512,495472,445108,144,48,48,48,112,501,25.606,2967,4859,3000,0
2026-07-23T09:10:11Z,5483,1454068,478080,480512,495476,354996,144,48,48,48,112,504,25.759,2913,4739,3000,0
2026-07-23T09:10:42Z,5514,1454072,478084,480512,495476,361140,144,48,48,48,112,507,25.910,2953,4531,3000,0
2026-07-23T09:11:13Z,5545,1454092,478104,480512,495476,340680,144,48,48,48,112,511,26.098,3017,4715,3000,0
2026-07-23T09:11:44Z,5576,1454092,478104,480512,495476,352968,144,48,48,48,112,513,26.198,3027,4519,3000,0
2026-07-23T09:12:16Z,5608,1454092,478104,480512,495476,355016,144,48,48,48,112,515,26.296,2873,4783,3000,0
2026-07-23T09:12:47Z,5639,1454160,478164,480516,495480,365263,144,48,48,48,112,518,26.451,2843,4779,3000,0
2026-07-23T09:13:19Z,5671,1454172,478164,480516,495492,426710,144,48,48,48,112,521,26.592,2629,4351,3000,0
2026-07-23T09:13:50Z,5702,1454180,478164,480516,495500,359129,144,48,48,48,112,524,26.756,2745,4915,3000,0
2026-07-23T09:14:21Z,5733,1454192,478172,480516,495504,379615,144,48,48,48,112,527,26.911,2777,4663,3000,0
2026-07-23T09:14:53Z,5765,1454212,478180,480516,495516,500451,144,48,48,48,112,530,27.071,2695,4455,3000,0
2026-07-23T09:15:24Z,5796,1454216,478180,480516,495520,353010,144,48,48,48,112,533,27.222,2893,4471,3000,0
2026-07-23T09:15:55Z,5827,1454220,478180,480516,495524,363251,144,48,48,48,112,536,27.379,2773,4367,3000,0
2026-07-23T09:16:27Z,5859,1454228,478184,480516,495528,418550,144,48,48,48,112,540,27.580,2729,4979,3000,0
2026-07-23T09:16:58Z,5890,1455068,479024,480516,495528,350969,144,48,48,48,112,542,27.685,2837,4367,3000,0
2026-07-23T09:17:29Z,5921,1455068,479024,480516,495528,363258,144,48,48,48,112,544,27.789,2677,4275,3000,0
2026-07-23T09:18:01Z,5953,1455080,479032,480516,495532,359165,144,48,48,48,112,547,27.964,2949,5079,3000,0
2026-07-23T09:18:32Z,5984,1455084,479032,480516,495536,381696,144,48,48,48,112,550,28.116,2901,4879,3000,0
2026-07-23T09:19:03Z,6015,1455084,479032,480516,495536,346882,144,48,48,48,112,553,28.268,2871,4455,3000,0
2026-07-23T09:19:35Z,6047,1455096,479032,480516,495548,353029,144,48,48,48,112,556,28.414,2905,4575,3000,0
2026-07-23T09:20:06Z,6078,1455096,479032,480516,495548,424709,144,48,48,48,112,559,28.572,3033,4995,3000,0
2026-07-23T09:20:37Z,6109,1455096,479032,480516,495548,363273,144,48,48,48,112,562,28.721,3135,4799,3000,0
2026-07-23T09:21:09Z,6141,1455096,479032,480516,495548,359177,144,48,48,48,112,565,28.879,2831,4607,3000,0
2026-07-23T09:21:40Z,6172,1455096,479032,480516,495548,420617,144,48,48,48,112,569,29.077,2863,4975,3000,0
2026-07-23T09:22:11Z,6203,1455096,479032,480516,495548,348937,144,48,48,48,112,571,29.186,2675,4451,3000,0
2026-07-23T09:22:43Z,6235,1455096,479032,480516,495548,353033,144,48,48,48,112,573,29.277,2851,4323,3000,0
2026-07-23T09:23:14Z,6266,1455100,479032,480516,495552,363273,144,48,48,48,112,576,29.426,3019,4987,3000,0
2026-07-23T09:23:45Z,6297,1455100,479032,480516,495552,348937,144,48,48,48,112,579,29.570,2823,4851,3000,0
2026-07-23T09:24:17Z,6329,1455112,479032,480516,495564,363273,144,48,48,48,112,582,29.732,2893,4643,3000,0
2026-07-23T09:24:48Z,6360,1455112,479032,480516,495564,363273,144,48,48,48,112,585,29.879,3047,4811,3000,0
2026-07-23T09:25:19Z,6391,1455204,479052,480516,495636,459531,144,48,48,48,112,588,30.035,2795,4767,3000,0
2026-07-23T09:25:51Z,6423,1455208,479056,480516,495636,353037,144,48,48,48,112,591,30.186,3043,4667,3000,0
2026-07-23T09:26:22Z,6454,1455212,479056,480516,495640,365325,144,48,48,48,112,594,30.336,2787,4447,3000,0
2026-07-23T09:26:53Z,6485,1455216,479060,480516,495640,422673,144,48,48,48,112,598,30.545,2795,4915,3000,0
2026-07-23T09:27:25Z,6517,1455224,479064,480520,495640,355093,144,48,48,48,112,600,30.646,2711,4259,3000,0
2026-07-23T09:27:56Z,6548,1455236,479076,480520,495640,367381,144,48,48,48,112,602,30.746,2789,4291,3000,0
2026-07-23T09:28:27Z,6579,1455256,479096,480520,495640,365369,144,48,48,48,112,605,30.898,2871,4571,3000,0
2026-07-23T09:28:59Z,6611,1455264,479104,480520,495640,422720,144,48,48,48,112,608,31.037,2791,4759,3000,0
2026-07-23T09:29:30Z,6642,1455264,479104,480520,495640,357185,144,48,48,48,112,611,31.186,2809,4403,3000,0
2026-07-23T09:30:01Z,6673,1455264,479104,480520,495640,357185,144,48,48,48,112,614,31.332,2811,4803,3000,0
2026-07-23T09:30:33Z,6705,1455268,479104,480524,495640,457537,144,48,48,48,112,617,31.482,2791,4635,3000,0
2026-07-23T09:31:04Z,6736,1455268,479104,480524,495640,361281,144,48,48,48,112,620,31.628,2773,4511,3000,0
2026-07-23T09:31:35Z,6767,1455268,479104,480524,495640,359234,144,48,48,48,112,623,31.789,2929,4559,3000,0
2026-07-23T09:32:07Z,6799,1455268,479104,480524,495640,418626,144,48,48,48,112,627,31.993,2775,4703,3000,0
2026-07-23T09:32:38Z,6830,1455268,479104,480524,495640,346946,144,48,48,48,112,629,32.094,2763,4307,3000,0
2026-07-23T09:33:09Z,6861,1455268,479104,480524,495640,357186,144,48,48,48,112,631,32.198,2769,4771,3000,0
2026-07-23T09:33:41Z,6893,1455272,479108,480524,495640,363331,144,48,48,48,112,634,32.345,2797,4423,3000,0
2026-07-23T09:34:12Z,6924,1455304,479112,480524,495668,420678,144,48,48,48,112,637,32.499,2743,4979,3000,0
2026-07-23T09:34:43Z,6955,1455304,479112,480524,495668,361286,144,48,48,48,112,640,32.638,2865,4547,3000,0
2026-07-23T09:35:15Z,6987,1455308,479112,480524,495672,363335,144,48,48,48,112,643,32.801,2801,4311,3000,0
2026-07-23T09:35:46Z,7018,1455344,479112,480524,495708,410439,144,48,48,48,112,647,33.001,2799,4727,3000,0
2026-07-23T09:36:17Z,7049,1455348,479116,480524,495708,353099,144,48,48,48,112,650,33.155,2909,4351,3000,0
2026-07-23T09:36:49Z,7081,1455356,479124,480524,495708,367435,144,48,48,48,112,653,33.307,2799,4591,3000,0
2026-07-23T09:37:20Z,7112,1455356,479124,480524,495708,486219,144,48,48,48,112,656,33.452,2819,4779,3000,0
2026-07-23T09:37:51Z,7143,1455356,479124,480524,495708,351051,144,48,48,48,112,659,33.600,2737,4267,3000,0
2026-07-23T09:38:23Z,7175,1455356,479124,480524,495708,353099,144,48,48,48,112,660,33.648,2811,4523,3000,0
2026-07-23T09:38:54Z,7206,1455364,479128,480524,495712,371538,144,48,48,48,112,663,33.806,3027,5087,3000,0
2026-07-23T09:39:25Z,7237,1455368,479132,480524,495712,379730,144,48,48,48,112,666,33.949,2887,4971,3000,0
2026-07-23T09:39:57Z,7269,1455372,479132,480524,495716,355154,144,48,48,48,112,669,34.093,2839,4435,3000,0
2026-07-23T09:40:28Z,7300,1455372,479132,480524,495716,363346,144,48,48,48,112,672,34.253,3057,5067,3000,0
2026-07-23T09:40:59Z,7331,1455372,479132,480524,495716,453459,144,48,48,48,112,676,34.464,2751,4823,3000,0
2026-07-23T09:41:31Z,7363,1455376,479136,480524,495716,351061,144,48,48,48,112,679,34.616,2711,4531,3000,0
2026-07-23T09:42:02Z,7394,1455380,479136,480528,495716,361301,144,48,48,48,112,682,34.763,2885,4867,3000,0
2026-07-23T09:42:33Z,7425,1455380,479136,480528,495716,566101,144,48,48,48,112,685,34.924,2851,4975,3000,0
2026-07-23T09:43:05Z,7457,1455584,479136,480732,495716,351062,144,48,48,48,112,688,35.071,2841,4471,3000,0
2026-07-23T09:43:36Z,7488,1455588,479136,480732,495720,351062,144,48,48,48,112,689,35.121,2775,4323,3000,0
2026-07-23T09:44:07Z,7519,1455592,479140,480732,495720,371548,144,48,48,48,112,692,35.274,2867,4515,3000,0
2026-07-23T09:44:39Z,7551,1455604,479144,480740,495720,383848,144,48,48,48,112,695,35.414,2737,4811,3000,0
2026-07-23T09:45:10Z,7582,1455608,479148,480740,495720,369514,144,48,48,48,112,698,35.552,2733,4591,3000,0
2026-07-23T09:45:41Z,7613,1455608,479148,480740,495720,377708,144,48,48,48,112,701,35.711,2825,4383,3000,0
2026-07-23T09:46:13Z,7645,1455624,479156,480744,495724,426869,144,48,48,48,112,705,35.910,2757,4623,3000,0
2026-07-23T09:46:44Z,7676,1455624,479156,480744,495724,367479,144,48,48,48,112,708,36.061,2781,4391,3000,0
2026-07-23T09:47:15Z,7707,1455636,479168,480744,495724,361346,144,48,48,48,112,711,36.214,2813,4867,3000,0
2026-07-23T09:47:47Z,7739,1455636,479168,480744,495724,414595,144,48,48,48,112,714,36.347,2731,4551,3000,0
2026-07-23T09:48:18Z,7770,1455684,479200,480760,495724,351122,144,48,48,48,112,716,36.443,2787,4879,3000,0
2026-07-23T09:48:49Z,7801,1455684,479200,480760,495724,347026,144,48,48,48,112,718,36.542,2821,4519,3000,0
2026-07-23T09:49:21Z,7833,1455684,479200,480760,495724,365477,144,48,48,48,112,721,36.705,2893,4775,3000,0
2026-07-23T09:49:52Z,7864,1455684,479200,480760,495724,412581,144,48,48,48,112,724,36.845,2909,4459,3000,0
2026-07-23T09:50:23Z,7895,1455684,479200,480760,495724,365477,144,48,48,48,112,727,37.001,2889,4503,3000,0
2026-07-23T09:50:55Z,7927,1455684,479200,480760,495724,361381,144,48,48,48,112,730,37.152,2947,4771,3000,0
2026-07-23T09:51:26Z,7958,1455684,479200,480760,495724,424869,144,48,48,48,112,734,37.346,2907,4843,3000,0
2026-07-23T09:51:57Z,7989,1455684,479200,480760,495724,371621,144,48,48,48,112,737,37.497,2957,4675,3000,0
2026-07-23T09:52:29Z,8021,1455684,479200,480760,495724,367525,144,48,48,48,112,739,37.600,2919,4491,3000,0
2026-07-23T09:53:00Z,8052,1455688,479204,480760,495724,478117,144,48,48,48,112,743,37.800,2807,4651,3000,0
2026-07-23T09:53:31Z,8083,1455688,479204,480760,495724,347045,144,48,48,48,112,745,37.897,2695,4779,3000,0
2026-07-23T09:54:03Z,8115,1455688,479204,480760,495724,357285,144,48,48,48,112,747,38.004,2759,4507,3000,0
2026-07-23T09:54:34Z,8146,1455688,479204,480760,495724,351141,144,48,48,48,112,750,38.162,2779,4471,3000,0
2026-07-23T09:55:05Z,8177,1455688,479204,480760,495724,408485,144,48,48,48,112,753,38.302,2717,4627,3000,0
2026-07-23T09:55:37Z,8209,1455696,479204,480760,495732,359333,144,48,48,48,112,756,38.451,2753,4311,3000,0
2026-07-23T09:56:08Z,8240,1455696,479204,480760,495732,361381,144,48,48,48,112,759,38.598,2949,4467,3000,0
2026-07-23T09:56:39Z,8271,1455696,479204,480760,495732,418725,144,48,48,48,112,763,38.799,2747,4647,3000,0
2026-07-23T09:57:11Z,8303,1455696,479204,480760,495732,353189,144,48,48,48,112,766,38.949,2879,4435,3000,0
2026-07-23T09:57:42Z,8334,1455696,479204,480760,495732,349093,144,48,48,48,112,769,39.098,3029,4827,3000,0
2026-07-23T09:58:13Z,8365,1455704,479208,480760,495736,410533,144,48,48,48,112,772,39.239,2881,4735,3000,0
2026-07-23T09:58:45Z,8397,1455708,479208,480760,495740,334757,144,48,48,48,112,773,39.290,2877,4451,3000,0
2026-07-23T09:59:16Z,8428,1455736,479208,480760,495768,355237,144,48,48,48,112,776,39.451,2901,5183,3000,0
2026-07-23T09:59:47Z,8459,1455736,479208,480760,495768,357285,144,48,48,48,112,779,39.607,2735,4279,3000,0
2026-07-23T10:00:19Z,8491,1455736,479208,480760,495768,340901,144,48,48,48,112,782,39.738,2851,5007,3000,0
2026-07-23T10:00:50Z,8522,1455736,479208,480760,495768,357285,144,48,48,48,112,785,39.883,2985,4635,3000,0
2026-07-23T10:01:21Z,8553,1455764,479208,480760,495796,353189,144,48,48,48,112,788,40.043,2997,5423,3000,0
2026-07-23T10:01:53Z,8585,1455764,479208,480760,495796,351142,144,48,48,48,112,792,40.250,2911,5479,3000,0
2026-07-23T10:02:24Z,8616,1455764,479208,480760,495796,355238,144,48,48,48,112,795,40.401,3019,4471,3000,0
2026-07-23T10:02:55Z,8647,1455792,479236,480760,495796,377766,144,48,48,48,112,798,40.550,2955,4931,3000,0
2026-07-23T10:03:27Z,8679,1455792,479236,480760,495796,357287,144,48,48,48,112,801,40.700,2915,5179,3000,0
2026-07-23T10:03:58Z,8710,1455792,479236,480760,495796,355239,144,48,48,48,112,804,40.864,2895,4639,3000,0
2026-07-23T10:04:29Z,8741,1455792,479236,480760,495796,353191,144,48,48,48,112,805,40.924,2865,4639,3000,0
2026-07-23T10:05:01Z,8773,1455796,479236,480760,495800,373671,144,48,48,48,112,808,41.086,2931,5243,3000,0
2026-07-23T10:05:32Z,8804,1455816,479244,480768,495804,564143,144,48,48,48,112,811,41.263,2953,5023,3000,0
2026-07-23T10:06:03Z,8835,1455816,479244,480768,495804,357295,144,48,48,48,112,815,41.469,3097,4883,3000,0
2026-07-23T10:06:35Z,8867,1455824,479244,480768,495812,357301,144,48,48,48,112,818,41.624,3021,4759,3000,0
2026-07-23T10:07:06Z,8898,1455828,479244,480768,495816,422841,144,48,48,48,112,821,41.765,2929,5379,3000,0
2026-07-23T10:07:38Z,8930,1455868,479284,480768,495816,349113,144,48,48,48,112,824,41.916,3005,4823,3000,0
2026-07-23T10:08:09Z,8961,1455868,479284,480768,495816,345018,144,48,48,48,112,827,42.066,3047,4871,3000,0
2026-07-23T10:08:40Z,8992,1455868,479284,480768,495816,347067,144,48,48,48,112,830,42.219,3127,5099,3000,0
2026-07-23T10:09:12Z,9024,1455872,479284,480768,495820,365499,144,48,48,48,112,833,42.372,2879,4495,3000,0
2026-07-23T10:09:43Z,9055,1455872,479284,480768,495820,357309,144,48,48,48,112,834,42.426,3045,4991,3000,0
2026-07-23T10:10:14Z,9086,1455876,479284,480768,495824,367550,144,48,48,48,112,837,42.599,3101,5199,3000,0
2026-07-23T10:10:46Z,9118,1455876,479284,480768,495824,426945,144,48,48,48,112,840,42.752,2759,4955,3000,0
2026-07-23T10:11:17Z,9149,1455876,479284,480768,495824,353218,144,48,48,48,112,843,42.901,2723,4451,3000,0
2026-07-23T10:11:48Z,9180,1455876,479284,480768,495824,359362,144,48,48,48,112,847,43.103,2785,4411,3000,0
2026-07-23T10:12:20Z,9212,1455876,479284,480768,495824,420804,144,48,48,48,112,850,43.237,2747,4871,3000,0
2026-07-23T10:12:51Z,9243,1455876,479284,480768,495824,345028,144,48,48,48,112,853,43.382,2741,4267,3000,0
2026-07-23T10:13:22Z,9274,1455884,479292,480768,495824,355268,144,48,48,48,112,856,43.540,2835,4863,3000,0
2026-07-23T10:13:54Z,9306,1455888,479296,480768,495824,342982,144,48,48,48,112,859,43.707,2789,4779,3000,0
2026-07-23T10:14:25Z,9337,1455888,479296,480768,495824,363464,144,48,48,48,112,862,43.847,2831,4491,3000,0
2026-07-23T10:14:56Z,9368,1455888,479296,480768,495824,357320,144,48,48,48,112,863,43.899,2807,4335,3000,0
2026-07-23T10:15:28Z,9400,1455888,479296,480768,495824,363464,144,48,48,48,112,866,44.058,3029,4647,3000,0
2026-07-23T10:15:59Z,9431,1455888,479296,480768,495824,539593,144,48,48,48,112,869,44.224,2723,4847,3000,0
2026-07-23T10:16:30Z,9462,1455888,479296,480768,495824,359369,144,48,48,48,112,872,44.377,2759,4327,3000,0
2026-07-23T10:17:02Z,9494,1455888,479296,480768,495824,355273,144,48,48,48,112,876,44.580,2799,4711,3000,0
2026-07-23T10:17:33Z,9525,1455888,479296,480768,495824,359369,144,48,48,48,112,879,44.712,2671,4447,3000,0
2026-07-23T10:18:04Z,9556,1455892,479300,480768,495824,349131,144,48,48,48,112,882,44.859,2767,4535,3000,0
2026-07-23T10:18:36Z,9588,1455892,479300,480768,495824,359371,144,48,48,48,112,885,45.021,2853,4495,3000,0
2026-07-23T10:19:07Z,9619,1455892,479300,480768,495824,355275,144,48,48,48,112,888,45.163,3133,4939,3000,0
2026-07-23T10:19:38Z,9650,1455892,479300,480768,495824,365515,144,48,48,48,112,891,45.312,2981,4707,3000,0
2026-07-23T10:20:10Z,9682,1455892,479300,480768,495824,357323,144,48,48,48,112,892,45.363,2891,4563,3000,0
2026-07-23T10:20:41Z,9713,1455892,479300,480768,495824,365515,144,48,48,48,112,895,45.524,3113,5139,3000,0
2026-07-23T10:21:12Z,9744,1456704,480112,480768,495824,484299,144,48,48,48,112,898,45.675,2827,4859,3000,0
2026-07-23T10:21:44Z,9776,1456704,480112,480768,495824,359371,144,48,48,48,112,902,45.878,2803,4815,3000,0
2026-07-23T10:22:15Z,9807,1456704,480112,480768,495824,357326,144,48,48,48,112,905,46.028,2911,4579,3000,0
2026-07-23T10:22:46Z,9838,1456712,480112,480768,495832,422862,144,48,48,48,112,908,46.183,2985,4819,3000,0
2026-07-23T10:23:18Z,9870,1456720,480112,480776,495832,361422,144,48,48,48,112,911,46.343,2887,5067,3000,0
2026-07-23T10:23:49Z,9901,1456720,480112,480776,495832,373710,144,48,48,48,112,914,46.505,2875,4799,3000,0
2026-07-23T10:24:20Z,9932,1456724,480116,480776,495832,363470,144,48,48,48,112,917,46.646,2815,4559,3000,0
2026-07-23T10:24:52Z,9964,1456728,480116,480776,495836,367566,144,48,48,48,112,920,46.805,2741,4835,3000,0
2026-07-23T10:25:23Z,9995,1456728,480116,480776,495836,357326,144,48,48,48,112,921,46.850,2847,4411,3000,0
2026-07-23T10:25:54Z,10026,1456728,480116,480776,495836,353230,144,48,48,48,112,924,47.014,2879,4839,3000,0
2026-07-23T10:26:26Z,10058,1456728,480116,480776,495836,422862,144,48,48,48,112,928,47.210,2729,4831,3000,0
2026-07-23T10:26:57Z,10089,1456728,480116,480776,495836,367566,144,48,48,48,112,931,47.396,2881,4491,3000,0
2026-07-23T10:27:29Z,10121,1456728,480116,480776,495836,373710,144,48,48,48,112,934,47.550,2915,4747,3000,0
2026-07-23T10:28:00Z,10152,1456732,480120,480776,495836,429010,144,48,48,48,112,937,47.692,2881,4991,3000,0
2026-07-23T10:28:31Z,10183,1456732,480120,480776,495836,359378,144,48,48,48,112,940,47.850,2749,4427,3000,0
2026-07-23T10:29:03Z,10215,1456736,480124,480776,495836,361428,144,48,48,48,112,943,48.018,3051,4719,3000,0
2026-07-23T10:29:34Z,10246,1456736,480124,480776,495836,353236,144,48,48,48,112,946,48.159,2999,4771,3000,0
2026-07-23T10:30:05Z,10277,1456736,480124,480776,495836,359380,144,48,48,48,112,949,48.299,2799,4459,3000,0
2026-07-23T10:30:37Z,10309,1456736,480124,480776,495836,351188,144,48,48,48,112,950,48.349,2893,4407,3000,0
2026-07-23T10:31:08Z,10340,1456736,480124,480776,495836,351188,144,48,48,48,112,953,48.506,3091,5059,3000,0
2026-07-23T10:31:39Z,10371,1456736,480124,480776,495836,416724,144,48,48,48,112,956,48.651,2775,5135,3000,0
2026-07-23T10:32:11Z,10403,1456736,480124,480776,495836,351188,144,48,48,48,112,960,48.858,3027,4651,3000,0
2026-07-23T10:32:42Z,10434,1456736,480124,480776,495836,355285,144,48,48,48,112,963,49.018,2873,4483,3000,0
2026-07-23T10:33:13Z,10465,1456736,480124,480776,495836,424917,144,48,48,48,112,966,49.193,2757,5187,3000,0
2026-07-23T10:33:45Z,10497,1460844,484232,480776,495836,355294,144,48,48,48,112,969,49.349,2785,4615,3000,0
2026-07-23T10:34:16Z,10528,1460844,484232,480776,495836,357342,144,48,48,48,112,972,49.505,2839,4663,3000,0
2026-07-23T10:34:47Z,10559,1460864,484252,480776,495836,418805,144,48,48,48,112,975,49.648,2853,4811,3000,0
2026-07-23T10:35:19Z,10591,1460880,484268,480776,495836,345091,144,48,48,48,112,978,49.798,2793,4595,3000,0
2026-07-23T10:35:50Z,10622,1460880,484268,480776,495836,353283,144,48,48,48,112,979,49.850,2853,4995,3000,0
2026-07-23T10:36:21Z,10653,1460892,484268,480776,495848,359428,144,48,48,48,112,983,50.051,2827,4807,3000,0
2026-07-23T10:36:53Z,10685,1460892,484268,480776,495848,488454,144,48,48,48,112,986,50.217,2715,4759,3000,0
2026-07-23T10:37:24Z,10716,1460892,484268,480776,495848,359430,144,48,48,48,112,989,50.375,2891,4587,3000,0
2026-07-23T10:37:55Z,10747,1460892,484268,480776,495848,355334,144,48,48,48,112,992,50.536,2875,4619,3000,0
2026-07-23T10:38:27Z,10779,1460892,484268,480776,495848,465926,144,48,48,48,112,995,50.732,2933,4803,3000,0
2026-07-23T10:38:58Z,10810,1460892,484268,480776,495848,357382,144,48,48,48,112,998,50.887,2781,4695,3000,0
2026-07-23T10:39:29Z,10841,1460892,484268,480776,495848,361478,144,48,48,48,112,1001,51.035,2763,4887,3000,0
2026-07-23T10:40:01Z,10873,1460892,484268,480776,495848,418822,144,48,48,48,112,1005,51.224,2827,4671,3000,0
2026-07-23T10:40:32Z,10904,1460892,484268,480776,495848,347142,144,48,48,48,112,1008,51.371,2775,4435,3000,0
2026-07-23T10:41:03Z,10935,1460892,484268,480776,495848,355334,144,48,48,48,112,1009,51.418,3037,4987,3000,0
2026-07-23T10:41:35Z,10967,1460892,484268,480776,495848,359430,144,48,48,48,112,1012,51.571,2857,4679,3000,0
2026-07-23T10:42:06Z,10998,1460892,484268,480776,495848,418822,144,48,48,48,112,1015,51.716,2709,5303,3000,0
2026-07-23T10:42:37Z,11029,1460892,484268,480776,495848,355334,144,48,48,48,112,1018,51.864,2743,4267,3000,0
2026-07-23T10:43:09Z,11061,1460892,484268,480776,495848,365574,144,48,48,48,112,1021,52.017,3037,4755,3000,0
2026-07-23T10:43:40Z,11092,1461708,485084,480776,495848,431110,144,48,48,48,112,1024,52.215,2731,4563,3000,0
2026-07-23T10:44:11Z,11123,1461708,485084,480776,495848,347142,144,48,48,48,112,1028,52.413,3035,4603,3000,0
2026-07-23T10:44:43Z,11155,1461708,485084,480776,495848,351238,144,48,48,48,112,1031,52.558,2807,4547,3000,0
2026-07-23T10:45:14Z,11186,1461712,485088,480776,495848,445446,144,48,48,48,112,1034,52.702,3075,4739,3000,0
2026-07-23T10:45:45Z,11217,1461712,485088,480776,495848,359430,144,48,48,48,112,1036,52.800,2799,4779,3000,0
2026-07-23T10:46:17Z,11249,1461712,485088,480776,495848,347142,144,48,48,48,112,1038,52.905,2985,4775,3000,0
2026-07-23T10:46:48Z,11280,1461732,485088,480776,495868,357404,144,48,48,48,112,1041,53.050,2863,4783,3000,0
2026-07-23T10:47:19Z,11311,1461732,485088,480776,495868,431132,144,48,48,48,112,1044,53.192,2741,4583,3000,0
2026-07-23T10:47:51Z,11343,1461732,485088,480776,495868,353308,144,48,48,48,112,1047,53.346,2901,4459,3000,0
2026-07-23T10:48:22Z,11374,1461732,485088,480776,495868,357404,144,48,48,48,112,1050,53.497,2947,4651,3000,0
2026-07-23T10:48:53Z,11405,1461736,485088,480776,495872,420894,144,48,48,48,112,1054,53.701,3013,5039,3000,0
2026-07-23T10:49:25Z,11437,1461744,485088,480776,495880,357415,144,48,48,48,112,1057,53.861,2759,4447,3000,0
2026-07-23T10:49:56Z,11468,1461744,485088,480776,495880,367657,144,48,48,48,112,1059,53.977,2783,4511,3000,0
2026-07-23T10:50:27Z,11499,1461744,485088,480776,495880,425001,144,48,48,48,112,1063,54.171,2951,4675,3000,0
2026-07-23T10:50:59Z,11531,1461748,485092,480776,495880,357417,144,48,48,48,112,1065,54.271,2761,4639,3000,0
2026-07-23T10:51:30Z,11562,1461748,485092,480776,495880,357417,144,48,48,48,112,1067,54.366,2875,4507,3000,0
2026-07-23T10:52:02Z,11594,1464224,485096,483248,495880,375855,144,48,48,48,112,1070,54.530,2947,4703,3000,0
2026-07-23T10:52:33Z,11625,1464232,485104,483248,495880,422961,144,48,48,48,112,1073,54.671,2779,4411,3000,0
2026-07-23T10:53:04Z,11656,1464236,485108,483248,495880,353332,144,48,48,48,112,1076,54.834,2815,4503,3000,0
2026-07-23T10:53:36Z,11688,1464236,485108,483248,495880,361524,144,48,48,48,112,1079,54.991,2801,4319,3000,0
2026-07-23T10:54:07Z,11719,1464240,485112,483248,495880,416826,144,48,48,48,112,1083,55.196,2707,4511,3000,0
2026-07-23T10:54:38Z,11750,1464240,485112,483248,495880,353340,144,48,48,48,112,1086,55.337,2695,4427,3000,0
2026-07-23T10:55:10Z,11782,1464248,485120,483248,495880,353347,144,48,48,48,112,1089,55.484,2723,4291,3000,0
2026-07-23T10:55:41Z,11813,1464248,485120,483248,495880,355398,144,48,48,48,112,1092,55.630,2835,4975,3000,0
2026-07-23T10:56:12Z,11844,1464248,485120,483248,495880,353350,144,48,48,48,112,1094,55.730,2847,4591,3000,0
2026-07-23T10:56:43Z,11875,1464248,485120,483248,495880,369734,144,48,48,48,112,1096,55.832,2753,4367,3000,0
2026-07-23T10:57:15Z,11907,1464260,485132,483248,495880,365641,144,48,48,48,112,1099,55.985,2849,4487,3000,0
2026-07-23T10:57:46Z,11938,1464260,485132,483248,495880,455753,144,48,48,48,112,1102,56.134,2697,4455,3000,0
2026-07-23T10:58:17Z,11969,1464260,485132,483248,495880,363593,144,48,48,48,112,1106,56.342,2997,4627,3000,0
2026-07-23T10:58:49Z,12001,1464260,485132,483248,495880,361545,144,48,48,48,112,1109,56.498,2769,4651,3000,0
2026-07-23T10:59:20Z,12032,1464260,485132,483248,495880,420937,144,48,48,48,112,1112,56.648,2795,4999,3000,0
2026-07-23T10:59:51Z,12063,1464260,485132,483248,495880,355401,144,48,48,48,112,1115,56.798,2759,4699,3000,0
2026-07-23T11:00:23Z,12095,1464260,485132,483248,495880,353353,144,48,48,48,112,1118,56.947,3079,4679,3000,0
2026-07-23T11:00:54Z,12126,1464260,485132,483248,495880,402505,144,48,48,48,112,1121,57.090,2959,4699,3000,0
2026-07-23T11:01:25Z,12157,1464260,485132,483248,495880,359497,144,48,48,48,112,1123,57.191,2835,4367,3000,0
2026-07-23T11:01:57Z,12189,1464268,485140,483248,495880,357449,144,48,48,48,112,1125,57.296,2903,4511,3000,0
2026-07-23T11:02:28Z,12220,1464268,485140,483248,495880,367689,144,48,48,48,112,1128,57.437,2883,5235,3000,0
2026-07-23T11:02:59Z,12251,1464268,485140,483248,495880,488521,144,48,48,48,112,1131,57.580,2737,4435,3000,0
2026-07-23T11:03:31Z,12283,1464268,485140,483248,495880,349257,144,48,48,48,112,1135,57.776,2833,4451,3000,0
2026-07-23T11:04:02Z,12314,1464400,485140,483380,495880,355401,144,48,48,48,112,1138,57.922,2847,4459,3000,0
2026-07-23T11:04:33Z,12345,1464400,485140,483380,495880,398409,144,48,48,48,112,1141,58.075,3101,4687,3000,0
2026-07-23T11:05:05Z,12377,1464400,485140,483380,495880,359497,144,48,48,48,112,1144,58.223,2841,4523,3000,0
2026-07-23T11:05:36Z,12408,1464404,485144,483380,495880,357449,144,48,48,48,112,1147,58.376,2821,4883,3000,0
2026-07-23T11:06:07Z,12439,1464628,485152,483596,495880,420937,144,48,48,48,112,1150,58.513,3011,4627,3000,0
2026-07-23T11:06:39Z,12471,1468744,489268,483596,495880,353353,144,48,48,48,112,1153,58.673,2791,4411,3000,0
2026-07-23T11:07:10Z,12502,1468744,489268,483596,495880,351305,144,48,48,48,112,1154,58.727,3049,4915,3000,0
2026-07-23T11:07:42Z,12534,1468744,489268,483596,495880,361545,144,48,48,48,112,1157,58.888,2795,5263,3000,0
2026-07-23T11:08:13Z,12565,1468748,489268,483596,495884,509001,144,48,48,48,112,1160,59.083,2817,4735,3000,0
2026-07-23T11:08:44Z,12596,1468748,489268,483596,495884,367689,144,48,48,48,112,1163,59.232,2747,4839,3000,0
2026-07-23T11:09:16Z,12628,1468748,489268,483596,495884,351305,144,48,48,48,112,1167,59.437,2927,4483,3000,0
2026-07-23T11:09:47Z,12659,1468748,489268,483596,495884,457801,144,48,48,48,112,1170,59.597,2871,4915,3000,0
2026-07-23T11:10:18Z,12690,1468748,489268,483596,495884,361546,144,48,48,48,112,1173,59.757,2755,4351,3000,0
2026-07-23T11:10:50Z,12722,1468748,489268,483596,495884,361546,144,48,48,48,112,1176,59.907,2827,4851,3000,0
2026-07-23T11:11:21Z,12753,1468748,489268,483596,495884,418890,144,48,48,48,112,1179,60.058,2919,4755,3000,0
2026-07-23T11:11:52Z,12784,1468748,489268,483596,495884,353356,144,48,48,48,112,1181,60.163,2679,4387,3000,0
2026-07-23T11:12:24Z,12816,1468748,489268,483596,495884,343116,144,48,48,48,112,1183,60.258,2823,4575,3000,0
2026-07-23T11:12:55Z,12847,1468748,489268,483596,495884,351308,144,48,48,48,112,1186,60.408,3157,5111,3000,0
2026-07-23T11:13:26Z,12878,1468748,489268,483596,495884,400460,144,48,48,48,112,1190,60.608,2941,5035,3000,0
2026-07-23T11:13:58Z,12910,1468748,489268,483596,495884,361548,144,48,48,48,112,1193,60.764,2849,4895,3000,0
2026-07-23T11:14:29Z,12941,1468748,489268,483596,495884,355404,144,48,48,48,112,1196,60.920,2965,4703,3000,0
2026-07-23T11:15:00Z,12972,1468748,489268,483596,495884,492620,144,48,48,48,112,1199,61.074,3041,5059,3000,0
2026-07-23T11:15:32Z,13004,1468748,489268,483596,495884,365644,144,48,48,48,112,1202,61.224,2935,4775,3000,0
2026-07-23T11:16:03Z,13035,1468748,489268,483596,495884,349260,144,48,48,48,112,1205,61.381,3041,4727,3000,0
2026-07-23T11:16:34Z,13066,1468748,489268,483596,495884,420940,144,48,48,48,112,1209,61.587,2959,4943,3000,0
2026-07-23T11:17:06Z,13098,1468748,489268,483596,495884,386124,144,48,48,48,112,1211,61.691,2845,4767,3000,0
2026-07-23T11:17:37Z,13129,1468748,489268,483596,495884,369740,144,48,48,48,112,1213,61.799,2769,4503,3000,0
2026-07-23T11:18:08Z,13160,1468748,489268,483596,495884,367692,144,48,48,48,112,1216,61.953,2943,4603,3000,0
2026-07-23T11:18:40Z,13192,1468748,489268,483596,495884,414796,144,48,48,48,112,1219,62.097,2723,4323,3000,0
2026-07-23T11:19:11Z,13223,1468748,489268,483596,495884,353356,144,48,48,48,112,1222,62.242,2745,4279,3000,0
2026-07-23T11:19:42Z,13254,1468808,489268,483596,495944,359500,144,48,48,48,112,1225,62.403,2827,4443,3000,0
2026-07-23T11:20:14Z,13286,1468808,489268,483596,495944,468044,144,48,48,48,112,1228,62.577,2931,4891,3000,0
2026-07-23T11:20:45Z,13317,1468808,489268,483596,495944,357452,144,48,48,48,112,1231,62.721,2869,4495,3000,0
2026-07-23T11:21:16Z,13348,1468808,489268,483596,495944,361548,144,48,48,48,112,1235,62.931,2951,4695,3000,0
2026-07-23T11:21:48Z,13380,1468820,489276,483600,495944,517201,144,48,48,48,112,1238,63.098,2903,4627,3000,0
2026-07-23T11:22:19Z,13411,1468820,489276,483600,495944,359505,144,48,48,48,112,1241,63.251,2831,4639,3000,0
2026-07-23T11:22:51Z,13443,1468820,489276,483600,495944,357457,144,48,48,48,112,1242,63.301,2897,4999,3000,0
2026-07-23T11:23:22Z,13474,1468820,489276,483600,495944,351313,144,48,48,48,112,1245,63.451,2905,5159,3000,0
2026-07-23T11:23:53Z,13505,1468820,489276,483600,495944,494673,144,48,48,48,112,1248,63.651,2717,4695,3000,0
2026-07-23T11:24:25Z,13537,1468820,489276,483600,495944,359505,144,48,48,48,112,1251,63.802,2785,4371,3000,0
2026-07-23T11:24:56Z,13568,1468820,489276,483600,495944,355409,144,48,48,48,112,1254,63.957,3005,4631,3000,0
2026-07-23T11:25:27Z,13599,1468820,489276,483600,495944,408657,144,48,48,48,112,1258,64.147,2787,4551,3000,0
2026-07-23T11:25:59Z,13631,1468820,489276,483600,495944,359505,144,48,48,48,112,1261,64.301,2721,4563,3000,0
2026-07-23T11:26:30Z,13662,1468824,489276,483604,495944,373841,144,48,48,48,112,1264,64.477,2817,4987,3000,0
2026-07-23T11:27:01Z,13693,1468824,489276,483604,495944,425041,144,48,48,48,112,1267,64.623,2953,4715,3000,0
2026-07-23T11:27:33Z,13725,1468824,489276,483604,495944,353361,144,48,48,48,112,1269,64.728,2767,4283,3000,0
2026-07-23T11:28:04Z,13756,1468824,489276,483604,495944,351313,144,48,48,48,112,1271,64.824,2915,4479,3000,0
2026-07-23T11:28:35Z,13787,1468828,489280,483604,495944,359506,144,48,48,48,112,1274,64.971,2877,4923,3000,0
2026-07-23T11:29:07Z,13819,1468828,489280,483604,495944,347219,144,48,48,48,112,1277,65.103,2791,4555,3000,0
2026-07-23T11:29:38Z,13850,1468828,489280,483604,495944,349267,144,48,48,48,112,1280,65.262,2799,4379,3000,0
2026-07-23T11:30:09Z,13881,1468828,489280,483604,495944,369747,144,48,48,48,112,1283,65.412,2931,4907,3000,0
2026-07-23T11:30:41Z,13913,1468828,489280,483604,495944,345171,144,48,48,48,112,1287,65.597,2781,4455,3000,0
2026-07-23T11:31:12Z,13944,1468828,489280,483604,495944,353363,144,48,48,48,112,1290,65.746,3115,4779,3000,0
2026-07-23T11:31:43Z,13975,1468828,489280,483604,495944,357459,144,48,48,48,112,1293,65.908,3043,4851,3000,0
2026-07-23T11:32:15Z,14007,1468828,489280,483604,495944,427091,144,48,48,48,112,1296,66.056,2881,4863,3000,0
2026-07-23T11:32:46Z,14038,1468828,489280,483604,495944,347219,144,48,48,48,112,1298,66.156,2993,4719,3000,0
2026-07-23T11:33:17Z,14069,1468828,489280,483604,495944,361555,144,48,48,48,112,1300,66.264,2885,4643,3000,0
2026-07-23T11:33:49Z,14101,1468828,489280,483604,495944,353363,144,48,48,48,112,1303,66.424,3031,4951,3000,0
2026-07-23T11:34:20Z,14132,1468832,489280,483604,495948,490581,144,48,48,48,112,1306,66.569,2899,4723,3000,0
2026-07-23T11:34:52Z,14164,1468836,489280,483604,495952,359509,144,48,48,48,112,1309,66.723,2975,4831,3000,0
2026-07-23T11:35:23Z,14195,1468848,489280,483604,495964,365653,144,48,48,48,112,1313,66.947,3133,4811,3000,0
2026-07-23T11:35:54Z,14226,1468852,489284,483604,495964,429146,144,48,48,48,112,1316,67.089,3011,4967,3000,0
2026-07-23T11:36:26Z,14258,1468852,489284,483604,495964,355418,144,48,48,48,112,1319,67.250,2967,4771,3000,0
2026-07-23T11:36:57Z,14289,1468852,489284,483604,495964,371802,144,48,48,48,112,1322,67.419,2999,4759,3000,0
2026-07-23T11:37:28Z,14320,1468856,489284,483608,495964,416862,144,48,48,48,112,1325,67.565,2969,4839,3000,0
2026-07-23T11:38:00Z,14352,1468856,489284,483608,495964,357472,144,48,48,48,112,1327,67.671,2869,4615,3000,0
2026-07-23T11:38:31Z,14383,1468856,489284,483608,495964,355424,144,48,48,48,112,1329,67.770,3003,4711,3000,0
2026-07-23T11:39:02Z,14414,1468856,489284,483608,495964,371808,144,48,48,48,112,1332,67.915,2961,4903,3000,0
2026-07-23T11:39:34Z,14446,1468856,489284,483608,495964,484448,144,48,48,48,112,1335,68.068,2749,4355,3000,0
2026-07-23T11:40:05Z,14477,1468856,489284,483608,495964,347232,144,48,48,48,112,1339,68.279,2821,4727,3000,0
2026-07-23T11:40:36Z,14508,1468856,489284,483608,495964,359520,144,48,48,48,112,1342,68.441,3105,4935,3000,0
2026-07-23T11:41:08Z,14540,1468856,489284,483608,495964,390240,144,48,48,48,112,1345,68.578,2995,4807,3000,0
2026-07-23T11:41:39Z,14571,1468924,489352,483608,495964,351376,144,48,48,48,112,1348,68.727,2859,4427,3000,0
2026-07-23T11:42:10Z,14602,1469004,489432,483608,495964,367798,144,48,48,48,112,1351,68.883,2939,4615,3000,0
2026-07-23T11:42:42Z,14634,1469008,489436,483608,495964,431286,144,48,48,48,112,1354,69.038,3033,4791,3000,0
2026-07-23T11:43:13Z,14665,1469012,489440,483608,495964,357558,144,48,48,48,112,1357,69.198,2785,4455,3000,0
2026-07-23T11:43:44Z,14696,1469012,489440,483608,495964,365750,144,48,48,48,112,1358,69.250,2821,4583,3000,0
2026-07-23T11:44:16Z,14728,1469016,489444,483608,495964,367798,144,48,48,48,112,1361,69.408,2863,4843,3000,0
2026-07-23T11:44:47Z,14759,1469016,489444,483608,495964,558262,144,48,48,48,112,1364,69.567,2723,4947,3000,0
2026-07-23T11:45:18Z,14790,1469016,489444,483608,495964,359606,144,48,48,48,112,1367,69.712,2777,4863,3000,0
2026-07-23T11:45:50Z,14822,1469016,489444,483608,495964,357558,144,48,48,48,112,1371,69.921,2869,4951,3000,0
2026-07-23T11:46:21Z,14853,1469016,489444,483608,495964,490678,144,48,48,48,112,1374,70.070,2767,4743,3000,0
2026-07-23T11:46:52Z,14884,1469016,489444,483608,495964,345270,144,48,48,48,112,1377,70.215,2879,4483,3000,0
2026-07-23T11:47:24Z,14916,1469016,489444,483608,495964,355510,144,48,48,48,112,1380,70.367,2863,4839,3000,0
2026-07-23T11:47:55Z,14947,1469016,489444,483608,495964,425142,144,48,48,48,112,1383,70.516,2985,4759,3000,0
2026-07-23T11:48:26Z,14978,1469024,489444,483608,495972,357558,144,48,48,48,112,1386,70.682,2791,4399,3000,0
2026-07-23T11:48:58Z,15010,1469024,489444,483608,495972,353462,144,48,48,48,112,1387,70.731,2839,4859,3000,0
2026-07-23T11:49:29Z,15041,1469024,489444,483608,495972,355510,144,48,48,48,112,1390,70.889,2883,4555,3000,0
2026-07-23T11:50:00Z,15072,1469024,489444,483608,495972,486582,144,48,48,48,112,1394,71.096,2983,4815,3000,0
2026-07-23T11:50:32Z,15104,1469024,489444,483608,495972,357558,144,48,48,48,112,1397,71.258,2997,4663,3000,0
2026-07-23T11:51:03Z,15135,1469024,489444,483608,495972,357558,144,48,48,48,112,1400,71.450,2997,4811,3000,0
2026-07-23T11:51:34Z,15166,1469024,489444,483608,495972,564406,144,48,48,48,112,1403,71.613,2967,5135,3000,0
2026-07-23T11:52:06Z,15198,1469024,489444,483608,495972,369846,144,48,48,48,112,1406,71.777,3027,4767,3000,0
2026-07-23T11:52:37Z,15229,1469024,489444,483608,495972,349366,144,48,48,48,112,1409,71.935,2961,5031,3000,0
2026-07-23T11:53:08Z,15260,1469024,489444,483608,495972,408758,144,48,48,48,112,1413,72.126,2851,4783,3000,0
2026-07-23T11:53:40Z,15292,1469024,489444,483608,495972,345270,144,48,48,48,112,1416,72.272,2717,4463,3000,0
2026-07-23T11:54:11Z,15323,1469028,489444,483608,495976,341177,144,48,48,48,112,1417,72.324,2741,4403,3000,0
2026-07-23T11:54:42Z,15354,1469028,489444,483608,495976,355515,144,48,48,48,112,1420,72.475,2831,4487,3000,0
2026-07-23T11:55:14Z,15386,1469028,489444,483608,495976,484539,144,48,48,48,112,1423,72.637,2861,4643,3000,0
2026-07-23T11:55:45Z,15417,1469028,489444,483608,495976,351419,144,48,48,48,112,1426,72.789,2711,4467,3000,0
2026-07-23T11:56:16Z,15448,1469028,489444,483608,495976,359611,144,48,48,48,112,1429,72.943,2989,4483,3000,0
2026-07-23T11:56:48Z,15480,1469028,489444,483608,495976,482491,144,48,48,48,112,1432,73.082,2713,4619,3000,0
2026-07-23T11:57:19Z,15511,1469028,489444,483608,495976,353467,144,48,48,48,112,1435,73.232,2733,4375,3000,0
2026-07-23T11:57:50Z,15542,1469028,489444,483608,495976,363707,144,48,48,48,112,1438,73.386,3085,4755,3000,0
2026-07-23T11:58:22Z,15574,1469028,489444,483608,495976,410811,144,48,48,48,112,1442,73.584,3053,4795,3000,0
2026-07-23T11:58:53Z,15605,1469080,489496,483608,495976,347345,144,48,48,48,112,1444,73.693,2901,4647,3000,0
2026-07-23T11:59:24Z,15636,1469080,489496,483608,495976,363729,144,48,48,48,112,1446,73.791,2853,4539,3000,0
2026-07-23T11:59:56Z,15668,1469100,489516,483608,495976,357587,144,48,48,48,112,1449,73.943,2985,4763,3000,0
2026-07-23T12:00:27Z,15699,1469100,489516,483608,495976,421075,144,48,48,48,112,1452,74.088,2767,4391,3000,0
2026-07-23T12:00:58Z,15730,1469108,489524,483608,495976,349396,144,48,48,48,112,1455,74.242,2897,4815,3000,0
2026-07-23T12:01:30Z,15762,1469108,489524,483608,495976,371924,144,48,48,48,112,1458,74.401,2795,4579,3000,0
2026-07-23T12:02:01Z,15793,1469180,489596,483608,495976,459996,144,48,48,48,112,1461,74.561,3119,5339,3000,0
2026-07-23T12:02:32Z,15824,1469184,489600,483608,495976,357608,144,48,48,48,112,1464,74.714,2999,5907,3000,0
2026-07-23T12:03:04Z,15856,1469192,489608,483608,495976,361704,144,48,48,48,112,1467,74.869,3017,4811,3000,0
2026-07-23T12:03:35Z,15887,1469228,489612,483608,496008,427240,144,48,48,48,112,1471,75.066,3189,5263,3000,0
2026-07-23T12:04:07Z,15919,1469228,489612,483608,496008,359656,144,48,48,48,112,1474,75.216,2933,4635,3000,0
2026-07-23T12:04:38Z,15950,1469228,489612,483608,496008,363752,144,48,48,48,112,1475,75.265,2943,4683,3000,0
2026-07-23T12:05:09Z,15981,1469228,489612,483608,496008,376040,144,48,48,48,112,1478,75.425,3167,5123,3000,0
2026-07-23T12:05:41Z,16013,1469228,489612,483608,496008,455912,144,48,48,48,112,1481,75.613,2931,4951,3000,0
2026-07-23T12:06:12Z,16044,1469240,489616,483616,496008,357609,144,48,48,48,112,1484,75.763,2897,5143,3000,0
2026-07-23T12:06:43Z,16075,1469240,489616,483616,496008,345321,144,48,48,48,112,1487,75.914,2931,4855,3000,0
2026-07-23T12:07:15Z,16107,1469240,489616,483616,496008,521449,144,48,48,48,112,1490,76.097,3053,4991,3000,0
2026-07-23T12:07:46Z,16138,1469240,489616,483616,496008,355561,144,48,48,48,112,1493,76.253,2919,4759,3000,0
2026-07-23T12:08:17Z,16169,1469240,489616,483616,496008,357609,144,48,48,48,112,1496,76.433,3151,4975,3000,0
2026-07-23T12:08:49Z,16201,1469240,489616,483616,496008,488681,144,48,48,48,112,1499,76.625,2863,5255,3000,0
2026-07-23T12:09:20Z,16232,1469240,489616,483616,496008,351465,144,48,48,48,112,1503,76.829,2917,4615,3000,0
2026-07-23T12:09:51Z,16263,1469240,489616,483616,496008,353513,144,48,48,48,112,1504,76.903,2963,4623,3000,0
2026-07-23T12:10:23Z,16295,1469240,489616,483616,496008,361705,144,48,48,48,112,1507,77.060,3109,4995,3000,0
2026-07-23T12:10:54Z,16326,1469240,489616,483616,496008,464105,144,48,48,48,112,1510,77.232,2869,4679,3000,0
2026-07-23T12:11:25Z,16357,1469240,489616,483616,496008,363753,144,48,48,48,112,1513,77.384,2799,4531,3000,0
2026-07-23T12:11:57Z,16389,1469256,489616,483632,496008,367849,144,48,48,48,112,1516,77.549,2849,4535,3000,0
2026-07-23T12:12:28Z,16420,1469256,489616,483632,496008,433385,144,48,48,48,112,1519,77.692,2749,4739,3000,0
2026-07-23T12:12:59Z,16451,1469260,489620,483632,496008,373993,144,48,48,48,112,1522,77.841,2749,4687,3000,0
2026-07-23T12:13:31Z,16483,1469260,489620,483632,496008,357609,144,48,48,48,112,1526,78.048,2919,4543,3000,0
2026-07-23T12:14:02Z,16514,1469260,489620,483632,496008,462057,144,48,48,48,112,1529,78.200,3013,4719,3000,0
2026-07-23T12:14:33Z,16545,1469260,489620,483632,496008,369897,144,48,48,48,112,1531,78.298,2707,4295,3000,0
2026-07-23T12:15:05Z,16577,1469260,489620,483632,496008,361705,144,48,48,48,112,1533,78.407,2863,4355,3000,0
2026-07-23T12:15:36Z,16608,1469260,489620,483632,496008,380137,144,48,48,48,112,1536,78.560,2833,5087,3000,0
2026-07-23T12:16:07Z,16639,1469260,489620,483632,496008,427241,144,48,48,48,112,1539,78.706,2661,4407,3000,0
2026-07-23T12:16:39Z,16671,1469260,489620,483632,496008,357609,144,48,48,48,112,1542,78.854,2741,4435,3000,0
2026-07-23T12:17:10Z,16702,1469260,489620,483632,496008,365801,144,48,48,48,112,1545,79.010,2875,4379,3000,0
2026-07-23T12:17:41Z,16733,1469260,489620,483632,496008,423145,144,48,48,48,112,1549,79.223,2765,4451,3000,0
2026-07-23T12:18:13Z,16765,1469304,489620,483676,496008,363754,144,48,48,48,112,1552,79.377,2907,4611,3000,0
2026-07-23T12:18:44Z,16796,1469304,489620,483676,496008,363754,144,48,48,48,112,1555,79.533,3029,4999,3000,0
2026-07-23T12:19:15Z,16827,1469304,489620,483676,496008,414954,144,48,48,48,112,1558,79.697,2977,4951,3000,0
2026-07-23T12:19:47Z,16859,1469304,489620,483676,496008,355562,144,48,48,48,112,1561,79.843,2881,4455,3000,0
2026-07-23T12:20:18Z,16890,1469304,489620,483676,496008,359658,144,48,48,48,112,1562,79.890,2863,4555,3000,0
2026-07-23T12:20:50Z,16922,1469304,489620,483676,496008,363754,144,48,48,48,112,1565,80.041,3071,4767,3000,0
2026-07-23T12:21:21Z,16953,1469304,489620,483676,496008,419050,144,48,48,48,112,1568,80.188,2825,4623,3000,0
2026-07-23T12:21:52Z,16984,1469304,489620,483676,496008,357610,144,48,48,48,112,1571,80.339,3043,4983,3000,0
2026-07-23T12:22:24Z,17016,1469304,489620,483676,496008,351466,144,48,48,48,112,1574,80.508,3195,4927,3000,0
2026-07-23T12:22:55Z,17047,1469304,489620,483676,496008,417002,144,48,48,48,112,1578,80.709,2881,4943,3000,0
2026-07-23T12:23:26Z,17078,1469304,489620,483676,496008,351466,144,48,48,48,112,1581,80.857,2829,4579,3000,0
2026-07-23T12:23:58Z,17110,1469304,489620,483676,496008,369898,144,48,48,48,112,1584,81.007,2891,4655,3000,0
2026-07-23T12:24:29Z,17141,1469308,489620,483676,496012,498922,144,48,48,48,112,1587,81.169,2949,5131,3000,0
2026-07-23T12:25:00Z,17172,1469308,489620,483676,496012,341226,144,48,48,48,112,1589,81.269,2899,4503,3000,0
2026-07-23T12:25:32Z,17204,1469344,489656,483676,496012,351466,144,48,48,48,112,1591,81.385,2983,4903,3000,0
2026-07-23T12:26:03Z,17235,1469344,489656,483676,496012,355562,144,48,48,48,112,1594,81.544,3005,5091,3000,0
2026-07-23T12:26:34Z,17266,1469344,489656,483676,496012,408810,144,48,48,48,112,1597,81.691,2785,4495,3000,0
2026-07-23T12:27:06Z,17298,1469344,489656,483676,496012,345322,144,48,48,48,112,1600,81.853,2873,4563,3000,0
2026-07-23T12:27:37Z,17329,1469344,489656,483676,496012,361706,144,48,48,48,112,1603,82.022,2965,4575,3000,0
2026-07-23T12:28:08Z,17360,1469344,489656,483676,496012,359658,144,48,48,48,112,1607,82.217,2999,4915,3000,0
2026-07-23T12:28:40Z,17392,1469344,489656,483676,496012,363754,144,48,48,48,112,1610,82.373,2783,4499,3000,0
2026-07-23T12:29:11Z,17423,1469344,489656,483676,496012,359658,144,48,48,48,112,1613,82.527,3063,4675,3000,0
2026-07-23T12:29:42Z,17454,1469344,489656,483676,496012,421098,144,48,48,48,112,1616,82.681,2877,4571,3000,0
2026-07-23T12:30:14Z,17486,1469344,489656,483676,496012,351466,144,48,48,48,112,1618,82.778,2935,4383,3000,0
2026-07-23T12:30:45Z,17517,1469344,489656,483676,496012,357610,144,48,48,48,112,1620,82.880,2881,4567,3000,0
2026-07-23T12:31:16Z,17548,1469344,489656,483676,496012,373994,144,48,48,48,112,1623,83.032,2907,4651,3000,0
2026-07-23T12:31:48Z,17580,1469344,489656,483676,496012,343274,144,48,48,48,112,1626,83.169,2709,4451,3000,0
2026-07-23T12:32:19Z,17611,1469344,489656,483676,496012,359658,144,48,48,48,112,1629,83.332,2905,4667,3000,0
2026-07-23T12:32:50Z,17642,1469344,489656,483676,496012,353514,144,48,48,48,112,1632,83.477,2821,4775,3000,0
2026-07-23T12:33:22Z,17674,1469344,489656,483676,496012,429290,144,48,48,48,112,1636,83.670,2877,4663,3000,0
2026-07-23T12:33:53Z,17705,1469344,489656,483676,496012,363754,144,48,48,48,112,1639,83.821,2777,4311,3000,0
2026-07-23T12:34:24Z,17736,1469344,489656,483676,496012,353514,144,48,48,48,112,1642,83.979,2755,4271,3000,0
2026-07-23T12:34:56Z,17768,1469344,489656,483676,496012,556266,144,48,48,48,112,1645,84.147,2773,4655,3000,0
2026-07-23T12:35:27Z,17799,1469344,489656,483676,496012,351467,144,48,48,48,112,1648,84.304,2705,4307,3000,0
2026-07-23T12:35:58Z,17830,1469344,489656,483676,496012,353515,144,48,48,48,112,1649,84.357,2667,4247,3000,0
2026-07-23T12:36:30Z,17862,1469344,489656,483676,496012,357611,144,48,48,48,112,1652,84.503,2791,4531,3000,0
2026-07-23T12:37:01Z,17893,1469344,489656,483676,496012,410859,144,48,48,48,112,1655,84.647,2891,4811,3000,0
2026-07-23T12:37:32Z,17924,1469344,489656,483676,496012,361707,144,48,48,48,112,1658,84.797,2817,4667,3000,0
2026-07-23T12:38:04Z,17956,1469344,489656,483676,496012,355563,144,48,48,48,112,1661,84.952,2781,4767,3000,0
2026-07-23T12:38:35Z,17987,1469344,489656,483676,496012,410859,144,48,48,48,112,1665,85.136,2839,4583,3000,0
2026-07-23T12:39:06Z,18018,1469344,489656,483676,496012,349419,144,48,48,48,112,1668,85.281,2799,4499,3000,0
2026-07-23T12:39:38Z,18050,1469344,489656,483676,496012,355563,144,48,48,48,112,1671,85.443,2811,4559,3000,0
2026-07-23T12:40:09Z,18081,1469352,489656,483684,496012,427243,144,48,48,48,112,1674,85.615,2861,4943,3000,0
2026-07-23T12:40:40Z,18112,1469352,489656,483684,496012,355563,144,48,48,48,112,1677,85.770,2859,4307,3000,0
2026-07-23T12:41:12Z,18144,1469352,489656,483684,496012,355563,144,48,48,48,112,1678,85.837,2825,4819,3000,0
2026-07-23T12:41:43Z,18175,1469352,489656,483684,496012,367851,144,48,48,48,112,1681,85.991,3007,4859,3000,0
2026-07-23T12:42:14Z,18206,1469352,489656,483684,496012,486635,144,48,48,48,112,1684,86.148,2953,4703,3000,0
2026-07-23T12:42:46Z,18238,1469352,489656,483684,496012,357611,144,48,48,48,112,1687,86.302,2847,4535,3000,0
2026-07-23T12:43:17Z,18269,1469352,489656,483684,496012,359659,144,48,48,48,112,1691,86.507,2989,4839,3000,0
2026-07-23T12:43:49Z,18301,1469352,489656,483684,496012,500971,144,48,48,48,112,1694,86.698,2931,4891,3000,0
2026-07-23T12:44:20Z,18332,1469356,489660,483684,496012,359659,144,48,48,48,112,1697,86.857,3023,4671,3000,0
2026-07-23T12:44:51Z,18363,1469356,489660,483684,496012,351467,144,48,48,48,112,1700,87.033,2901,4467,3000,0
2026-07-23T12:45:23Z,18395,1469356,489660,483684,496012,347371,144,48,48,48,112,1703,87.179,3031,4763,3000,0
2026-07-23T12:45:54Z,18426,1469356,489660,483684,496012,347371,144,48,48,48,112,1705,87.281,3095,4935,3000,0
2026-07-23T12:46:25Z,18457,1469356,489660,483684,496012,365803,144,48,48,48,112,1707,87.397,3185,5027,3000,0
2026-07-23T12:46:57Z,18489,1469356,489660,483684,496012,367851,144,48,48,48,112,1710,87.563,3213,5355,3000,0
2026-07-23T12:47:28Z,18520,1469356,489660,483684,496012,433387,144,48,48,48,112,1714,87.762,3119,5695,3000,0
2026-07-23T12:47:59Z,18551,1469356,489660,483684,496012,359659,144,48,48,48,112,1717,87.928,3167,5671,3000,0
2026-07-23T12:48:31Z,18583,1469380,489684,483684,496012,359660,144,48,48,48,112,1720,88.094,3405,5195,3000,0
2026-07-23T12:49:02Z,18614,1469460,489764,483684,496012,494830,144,48,48,48,112,1723,88.276,3345,5595,3000,0
2026-07-23T12:49:34Z,18646,1469460,489764,483684,496012,355566,144,48,48,48,112,1726,88.431,2919,5019,3000,0
2026-07-23T12:50:05Z,18677,1469460,489764,483684,496012,357614,144,48,48,48,112,1729,88.602,3163,6155,3000,0
2026-07-23T12:50:36Z,18708,1469460,489764,483684,496012,476398,144,48,48,48,112,1733,88.823,3249,6535,3000,0
2026-07-23T12:51:08Z,18740,1469460,489764,483684,496012,351470,144,48,48,48,112,1736,88.979,2879,4659,3000,0
2026-07-23T12:51:39Z,18771,1469460,489764,483684,496012,347374,144,48,48,48,112,1737,89.036,3049,4923,3000,0
2026-07-23T12:52:10Z,18802,1469512,489816,483684,496012,367854,144,48,48,48,112,1740,89.192,3025,4947,3000,0
2026-07-23T12:52:42Z,18834,1469512,489816,483684,496012,384238,144,48,48,48,112,1743,89.347,2691,4883,3000,0
2026-07-23T12:53:13Z,18865,1469512,489816,483684,496012,371950,144,48,48,48,112,1746,89.487,2863,4563,3000,0
2026-07-23T12:53:44Z,18896,1469532,489816,483704,496012,349422,144,48,48,48,112,1749,89.637,2831,4663,3000,0
2026-07-23T12:54:16Z,18928,1469532,489816,483704,496012,527598,144,48,48,48,112,1752,89.823,2703,4427,3000,0
2026-07-23T12:54:47Z,18959,1469532,489816,483704,496012,353518,144,48,48,48,112,1755,89.967,2815,4555,3000,0
2026-07-23T12:55:18Z,18990,1469532,489816,483704,496012,357614,144,48,48,48,112,1758,90.121,2837,4443,3000,0
2026-07-23T12:55:50Z,19022,1469532,489816,483704,496012,484590,144,48,48,48,112,1762,90.348,2799,4503,3000,0
2026-07-23T12:56:21Z,19053,1469540,489824,483704,496012,345326,144,48,48,48,112,1765,90.500,2933,4643,3000,0
2026-07-23T12:56:52Z,19084,1469540,489824,483704,496012,355566,144,48,48,48,112,1766,90.550,2827,4483,3000,0
2026-07-23T12:57:24Z,19116,1469540,489824,483704,496012,365806,144,48,48,48,112,1769,90.708,3021,4619,3000,0
2026-07-23T12:57:55Z,19147,1469540,489824,483704,496012,492782,144,48,48,48,112,1772,90.876,2715,4355,3000,0
2026-07-23T12:58:27Z,19179,1469548,489832,483704,496012,357614,144,48,48,48,112,1775,91.026,2823,4875,3000,0
2026-07-23T12:58:58Z,19210,1469548,489832,483704,496012,359662,144,48,48,48,112,1778,91.183,3035,4607,3000,0
2026-07-23T12:59:29Z,19241,1469564,489848,483704,496012,431342,144,48,48,48,112,1781,91.326,3061,4819,3000,0
2026-07-23T13:00:01Z,19273,1469564,489848,483704,496012,361710,144,48,48,48,112,1784,91.467,2755,4559,3000,0
2026-07-23T13:00:32Z,19304,1469576,489848,483716,496012,353518,144,48,48,48,112,1788,91.672,2969,4891,3000,0
2026-07-23T13:01:03Z,19335,1469576,489848,483716,496012,521454,144,48,48,48,112,1791,91.843,2819,4635,3000,0
2026-07-23T13:01:35Z,19367,1469576,489848,483716,496012,365806,144,48,48,48,112,1794,91.999,2893,4411,3000,0
2026-07-23T13:02:06Z,19398,1469576,489848,483716,496012,351470,144,48,48,48,112,1795,92.055,2943,4755,3000,0
2026-07-23T13:02:37Z,19429,1469576,489848,483716,496012,363758,144,48,48,48,112,1798,92.214,3121,4971,3000,0
2026-07-23T13:03:09Z,19461,1469576,489848,483716,496012,425198,144,48,48,48,112,1801,92.367,3049,4947,3000,0
2026-07-23T13:03:40Z,19492,1469576,489848,483716,496012,349422,144,48,48,48,112,1804,92.507,2981,4675,3000,0
2026-07-23T13:04:11Z,19523,1469576,489848,483716,496012,365806,144,48,48,48,112,1807,92.661,3071,5247,3000,0
2026-07-23T13:04:43Z,19555,1469576,489848,483716,496012,423150,144,48,48,48,112,1811,92.858,2953,5323,3000,0
2026-07-23T13:05:14Z,19586,1469576,489848,483716,496012,359662,144,48,48,48,112,1814,93.017,2941,4567,3000,0
2026-07-23T13:05:45Z,19617,1469632,489872,483716,496044,349422,144,48,48,48,112,1817,93.170,3029,4931,3000,0
2026-07-23T13:06:17Z,19649,1469632,489872,483716,496044,412910,144,48,48,48,112,1820,93.301,2943,5055,3000,0
2026-07-23T13:06:48Z,19680,1469656,489872,483716,496068,339182,144,48,48,48,112,1821,93.353,2905,4523,3000,0
2026-07-23T13:07:19Z,19711,1469656,489872,483716,496068,361710,144,48,48,48,112,1824,93.512,2835,4483,3000,0
2026-07-23T13:07:51Z,19743,1469656,489872,483716,496068,351470,144,48,48,48,112,1827,93.668,2889,4531,3000,0
2026-07-23T13:08:22Z,19774,1469656,489872,483716,496068,347374,144,48,48,48,112,1830,93.817,2797,4915,3000,0
2026-07-23T13:08:53Z,19805,1469708,489924,483716,496068,341233,144,48,48,48,112,1833,93.977,2775,4607,3000,0
2026-07-23T13:09:25Z,19837,1469708,489924,483716,496068,363761,144,48,48,48,112,1836,94.133,2789,4651,3000,0
2026-07-23T13:09:56Z,19868,1469708,489924,483716,496068,343281,144,48,48,48,112,1840,94.315,2783,5039,3000,0
2026-07-23T13:10:27Z,19899,1469708,489924,483716,496068,351473,144,48,48,48,112,1843,94.456,2725,4371,3000,0
2026-07-23T13:10:59Z,19931,1469708,489924,483716,496068,363761,144,48,48,48,112,1846,94.609,2809,4391,3000,0
2026-07-23T13:11:30Z,19962,1469708,489924,483716,496068,464113,144,48,48,48,112,1849,94.757,3113,5127,3000,0
2026-07-23T13:12:01Z,19993,1469708,489924,483716,496068,367857,144,48,48,48,112,1851,94.862,2881,4547,3000,0
2026-07-23T13:12:33Z,20025,1469708,489924,483716,496068,374001,144,48,48,48,112,1853,94.966,2993,5147,3000,0
2026-07-23T13:13:04Z,20056,1469708,489924,483716,496068,367857,144,48,48,48,112,1856,95.129,3201,5531,3000,0
2026-07-23T13:13:35Z,20087,1469708,489924,483716,496068,429298,144,48,48,48,112,1859,95.284,2793,5647,3000,0
2026-07-23T13:14:07Z,20119,1469708,489924,483716,496068,367858,144,48,48,48,112,1862,95.438,2835,4643,3000,0
2026-07-23T13:14:38Z,20150,1469708,489924,483716,496068,359666,144,48,48,48,112,1865,95.591,2737,4787,3000,0
2026-07-23T13:15:10Z,20182,1469708,489924,483716,496068,421106,144,48,48,48,112,1869,95.785,2827,4599,3000,0
2026-07-23T13:15:41Z,20213,1469708,489924,483716,496068,363762,144,48,48,48,112,1872,95.936,2737,4463,3000,0
2026-07-23T13:16:12Z,20244,1469708,489924,483716,496068,351474,144,48,48,48,112,1874,96.038,2835,4567,3000,0
2026-07-23T13:16:44Z,20276,1469708,489924,483716,496068,494834,144,48,48,48,112,1878,96.249,3031,4827,3000,0
2026-07-23T13:17:15Z,20307,1469708,489924,483716,496068,361714,144,48,48,48,112,1880,96.351,2883,4503,3000,0
2026-07-23T13:17:46Z,20338,1469708,489924,483716,496068,357618,144,48,48,48,112,1882,96.453,2821,4315,3000,0
2026-07-23T13:18:18Z,20370,1469708,489924,483716,496068,363762,144,48,48,48,112,1885,96.612,2817,4399,3000,0
2026-07-23T13:18:49Z,20401,1469708,489924,483716,496068,419058,144,48,48,48,112,1888,96.759,2783,4459,3000,0
2026-07-23T13:19:20Z,20432,1469708,489924,483716,496068,359666,144,48,48,48,112,1891,96.926,2713,4439,3000,0
2026-07-23T13:19:52Z,20464,1469708,489924,483716,496068,353522,144,48,48,48,112,1894,97.078,2849,4515,3000,0
2026-07-23T13:20:23Z,20495,1469708,489924,483716,496068,425202,144,48,48,48,112,1898,97.268,2813,4671,3000,0
2026-07-23T13:20:54Z,20526,1469708,489924,483716,496068,361714,144,48,48,48,112,1901,97.414,2765,4395,3000,0
2026-07-23T13:21:26Z,20558,1469708,489924,483716,496068,361714,144,48,48,48,112,1904,97.577,2829,4735,3000,0
2026-07-23T13:21:57Z,20589,1469708,489924,483716,496068,451826,144,48,48,48,112,1907,97.721,2947,4639,3000,0
2026-07-23T13:22:28Z,20620,1469708,489924,483716,496068,388338,144,48,48,48,112,1908,97.768,2851,4371,3000,0
2026-07-23T13:23:00Z,20652,1469708,489924,483716,496068,357618,144,48,48,48,112,1911,97.924,2859,5135,3000,0
2026-07-23T13:23:31Z,20683,1469708,489924,483716,496068,365810,144,48,48,48,112,1914,98.072,3003,4599,3000,0
2026-07-23T13:24:02Z,20714,1469708,489924,483716,496068,419058,144,48,48,48,112,1917,98.213,2943,4763,3000,0
2026-07-23T13:24:34Z,20746,1469708,489924,483716,496068,353522,144,48,48,48,112,1920,98.367,2785,4495,3000,0
2026-07-23T13:25:05Z,20777,1469708,489924,483716,496068,374002,144,48,48,48,112,1923,98.526,2985,4759,3000,0
2026-07-23T13:25:36Z,20808,1469708,489924,483716,496068,427250,144,48,48,48,112,1927,98.716,2725,4923,3000,0
2026-07-23T13:26:08Z,20840,1469708,489924,483716,496068,353522,144,48,48,48,112,1930,98.871,2859,4983,3000,0
2026-07-23T13:26:39Z,20871,1469708,489924,483716,496068,365810,144,48,48,48,112,1933,99.035,2805,4455,3000,0
2026-07-23T13:27:11Z,20903,1469708,489924,483716,496068,494834,144,48,48,48,112,1936,99.191,3071,4775,3000,0
2026-07-23T13:27:42Z,20934,1469708,489924,483716,496068,359666,144,48,48,48,112,1938,99.291,2723,4187,3000,0
2026-07-23T13:28:13Z,20965,1469712,489924,483716,496072,361714,144,48,48,48,112,1940,99.394,2945,4503,3000,0
2026-07-23T13:28:45Z,20997,1469716,489924,483716,496076,355570,144,48,48,48,112,1943,99.542,2871,4675,3000,0
2026-07-23T13:29:16Z,21028,1469716,489924,483716,496076,414962,144,48,48,48,112,1946,99.685,2779,4919,3000,0
2026-07-23T13:29:47Z,21059,1469716,489924,483716,496076,361714,144,48,48,48,112,1949,99.834,2763,4423,3000,0
2026-07-23T13:30:18Z,21090,1469716,489924,483716,496076,357618,144,48,48,48,112,1952,99.989,2819,4719,3000,0
2026-07-23T13:30:50Z,21122,1469716,489924,483716,496076,433394,144,48,48,48,112,1956,100.187,3059,4675,3000,0
2026-07-23T13:31:21Z,21153,1469716,489924,483716,496076,357618,144,48,48,48,112,1959,100.347,2921,4739,3000,0
2026-07-23T13:31:53Z,21185,1469716,489924,483716,496076,355570,144,48,48,48,112,1962,100.512,3047,4631,3000,0
2026-07-23T13:32:24Z,21216,1469772,489980,483716,496076,500992,144,48,48,48,112,1965,100.667,2997,5251,3000,0
2026-07-23T13:32:55Z,21247,1469772,489980,483716,496076,423168,144,48,48,48,112,1967,100.770,2929,4359,3000,0
2026-07-23T13:33:27Z,21279,1469772,489980,483716,496076,347392,144,48,48,48,112,1969,100.896,2973,4631,3000,0
2026-07-23T13:33:58Z,21310,1469772,489980,483716,496076,357632,144,48,48,48,112,1972,101.057,3137,5323,3000,0
2026-07-23T13:34:29Z,21341,1469788,489980,483732,496076,419087,144,48,48,48,112,1975,101.198,2885,4887,3000,0
2026-07-23T13:35:01Z,21373,1469788,489980,483732,496076,361743,144,48,48,48,112,1978,101.346,2825,4851,3000,0
2026-07-23T13:35:32Z,21404,1469796,489980,483740,496076,363791,144,48,48,48,112,1981,101.501,2841,4563,3000,0
2026-07-23T13:36:03Z,21435,1469804,489988,483740,496076,423183,144,48,48,48,112,1985,101.703,3027,5491,3000,0
2026-07-23T13:36:35Z,21467,1469804,489988,483740,496076,367887,144,48,48,48,112,1988,101.858,2877,4535,3000,0
2026-07-23T13:37:06Z,21498,1469804,489988,483740,496076,365839,144,48,48,48,112,1991,102.018,3121,4843,3000,0
2026-07-23T13:37:38Z,21530,1469804,489988,483740,496076,351503,144,48,48,48,112,1994,102.165,3069,4835,3000,0
2026-07-23T13:38:09Z,21561,1469804,489988,483740,496076,361743,144,48,48,48,112,1996,102.264,2931,4783,3000,0
2026-07-23T13:38:40Z,21592,1469804,489988,483740,496076,361743,144,48,48,48,112,1998,102.368,2939,4643,3000,0
2026-07-23T13:39:12Z,21624,1469808,489992,483740,496076,365839,144,48,48,48,112,2001,102.536,2889,5087,3000,0
2026-07-23T13:39:43Z,21655,978580,490100,488480,0,308429,92,46,46,0,75,2004,102.678,2729,4559,2991,0
2026-07-23T13:40:14Z,21686,979588,491052,488536,0,259520,92,46,46,0,74,2007,102.843,2819,5051,3000,0
2026-07-23T13:40:46Z,21718,1335640,497420,498448,339772,338422,143,48,48,47,114,2009,102.953,2977,7611,3000,0
2026-07-23T13:41:17Z,21749,1437132,497436,499072,440624,440879,143,48,48,47,112,2012,103.116,2901,5295,3000,0
2026-07-23T13:41:48Z,21780,1460244,497440,499072,463732,371251,143,48,48,47,112,2014,103.215,2813,4339,3000,0
2026-07-23T13:42:20Z,21812,1466204,497492,499088,469624,358968,143,48,48,47,112,2016,103.331,2915,4787,3000,0
2026-07-23T13:42:51Z,21843,1466472,497524,499160,469788,379460,143,48,48,47,112,2018,103.433,2777,4799,3000,0
2026-07-23T13:43:22Z,21874,1466484,497524,499160,469800,365125,143,48,48,47,112,2019,103.477,2769,4183,3000,0
2026-07-23T13:43:54Z,21906,1466492,497528,499160,469804,379466,143,48,48,47,112,2021,103.574,2813,4551,3000,0
2026-07-23T13:44:25Z,21937,1466708,497528,499224,469956,373327,143,48,48,47,112,2023,103.671,2865,4519,3000,0
2026-07-23T13:44:56Z,21968,1468796,497528,499224,472044,361045,143,48,48,47,112,2026,103.813,2733,4551,3000,0
2026-07-23T13:45:28Z,22000,1468912,497528,499224,472160,373344,143,48,48,47,112,2028,103.906,2817,4487,3000,0
2026-07-23T13:45:59Z,22031,1468912,497528,499224,472160,365152,143,48,48,47,112,2030,104.005,2881,4547,3000,0
2026-07-23T13:46:30Z,22062,1468920,497528,499224,472168,434786,143,48,48,47,112,2032,104.101,2869,4523,3000,0
2026-07-23T13:47:02Z,22094,1468924,497528,499224,472172,373346,143,48,48,47,112,2034,104.200,2823,4543,3000,0
2026-07-23T13:47:33Z,22125,1469040,497548,499224,472268,377447,143,48,48,47,112,2035,104.249,3175,5287,3000,0
2026-07-23T13:48:05Z,22157,1469084,497548,499224,472312,371311,143,48,48,47,112,2039,104.440,3247,5139,3000,0
2026-07-23T13:48:36Z,22188,1469084,497548,499224,472312,381551,143,48,48,47,112,2040,104.488,2905,4511,3000,0
2026-07-23T13:49:07Z,22219,1469084,497548,499224,472312,391791,143,48,48,47,112,2042,104.591,2957,4579,3000,0
2026-07-23T13:49:39Z,22251,1469084,497548,499224,472312,391792,143,48,48,47,112,2044,104.690,3059,4635,3000,0
2026-07-23T13:50:10Z,22282,1469084,497548,499224,472312,371312,143,48,48,47,112,2046,104.785,2901,4871,3000,0
2026-07-23T13:50:41Z,22313,1469120,497548,499224,472348,375408,143,48,48,47,112,2048,104.888,3119,4751,3000,0
2026-07-23T13:51:13Z,22345,1469120,497548,499224,472348,385649,143,48,48,47,112,2050,104.990,3193,4947,3000,0
2026-07-23T13:51:44Z,22376,1469120,497548,499224,472348,387699,143,48,48,47,112,2052,105.084,3241,4955,3000,0
2026-07-23T13:52:15Z,22407,1469160,497588,499224,472348,365171,143,48,48,47,112,2055,105.239,2837,4647,3000,0
2026-07-23T13:52:47Z,22439,1469164,497592,499224,472348,373363,143,48,48,47,112,2057,105.338,3009,4927,3000,0
2026-07-23T13:53:18Z,22470,1469168,497592,499224,472352,436851,143,48,48,47,112,2059,105.430,2879,4931,3000,0
2026-07-23T13:53:49Z,22501,1469168,497592,499224,472352,375413,143,48,48,47,112,2060,105.476,2943,4591,3000,0
2026-07-23T13:54:21Z,22533,1469172,497592,499224,472356,369270,143,48,48,47,112,2062,105.570,2913,5039,3000,0
2026-07-23T13:54:52Z,22564,1469172,497592,499224,472356,375414,143,48,48,47,112,2064,105.669,3223,4787,3000,0
2026-07-23T13:55:23Z,22595,1469172,497592,499224,472356,367222,143,48,48,47,112,2066,105.763,2863,4755,3000,0
2026-07-23T13:55:55Z,22627,1469172,497592,499224,472356,369270,143,48,48,47,112,2068,105.857,2867,4831,3000,0
2026-07-23T13:56:26Z,22658,1469172,497592,499224,472356,383606,143,48,48,47,112,2070,105.952,2869,4571,3000,0
2026-07-23T13:56:58Z,22690,1469180,497592,499224,472364,365116,143,48,48,47,112,2073,106.091,2969,4671,3000,0
2026-07-23T13:57:29Z,22721,1469184,497592,499224,472368,358972,143,48,48,47,112,2075,106.182,3087,4635,3000,0
2026-07-23T13:58:00Z,22752,1469184,497592,499224,472368,367164,143,48,48,47,112,2077,106.285,2857,4799,3000,0
2026-07-23T13:58:32Z,22784,1469192,497592,499224,472376,363069,143,48,48,47,112,2079,106.382,2915,4527,3000,0
2026-07-23T13:59:03Z,22815,1469196,497592,499224,472380,356929,143,48,48,47,112,2080,106.425,2791,4303,3000,0
2026-07-23T13:59:34Z,22846,1469196,497592,499224,472380,371266,143,48,48,47,112,2082,106.518,2985,4583,3000,0
2026-07-23T14:00:06Z,22878,1469196,497592,499224,472380,387650,143,48,48,47,112,2084,106.621,2995,4727,3000,0
2026-07-23T14:00:37Z,22909,1469196,497592,499224,472380,424515,143,48,48,47,112,2086,106.719,2809,4639,3000,0
2026-07-23T14:01:08Z,22940,1469196,497592,499224,472380,381507,143,48,48,47,112,2088,106.827,2959,4539,3000,0
2026-07-23T14:01:40Z,22972,1469200,497592,499224,472384,365123,143,48,48,47,112,2091,106.976,2893,4663,3000,0
2026-07-23T14:02:11Z,23003,1469204,497596,499224,472384,354887,143,48,48,47,112,2093,107.062,2797,4767,3000,0
2026-07-23T14:02:42Z,23034,1469204,497596,499224,472384,363080,143,48,48,47,112,2095,107.158,2817,4375,3000,0
2026-07-23T14:03:14Z,23066,1469228,497596,499224,472408,365128,143,48,48,47,112,2096,107.208,2937,4459,3000,0
2026-07-23T14:03:45Z,23097,1469228,497596,499224,472408,367177,143,48,48,47,112,2099,107.360,3115,5351,3000,0
2026-07-23T14:04:17Z,23129,1469228,497596,499224,472408,354891,143,48,48,47,112,2100,107.402,3045,4915,3000,0
2026-07-23T14:04:48Z,23160,1469236,497596,499224,472416,358987,143,48,48,47,112,2102,107.500,2895,4551,3000,0
2026-07-23T14:05:19Z,23191,1469292,497652,499224,472416,373323,143,48,48,47,112,2105,107.642,3093,4719,3000,0
2026-07-23T14:05:51Z,23223,1469292,497652,499224,472416,356939,143,48,48,47,112,2107,107.737,2995,5027,3000,0
2026-07-23T14:06:22Z,23254,1469292,497652,499224,472416,358987,143,48,48,47,112,2109,107.832,2979,4747,3000,0
2026-07-23T14:06:53Z,23285,1469292,497652,499224,472416,365132,143,48,48,47,112,2111,107.936,2905,4591,3000,0
2026-07-23T14:07:25Z,23317,1469296,497652,499224,472420,424524,143,48,48,47,112,2113,108.035,2935,4763,3000,0
2026-07-23T14:07:56Z,23348,1469296,497652,499224,472420,363088,143,48,48,47,112,2115,108.129,3127,5063,3000,0
2026-07-23T14:08:27Z,23379,1469296,497652,499224,472420,365136,143,48,48,47,112,2116,108.182,3043,5311,3000,0
2026-07-23T14:08:59Z,23411,1469320,497668,499224,472428,365136,143,48,48,47,112,2120,108.385,3073,4819,3000,0
2026-07-23T14:09:30Z,23442,1469328,497668,499228,472432,363089,143,48,48,47,112,2121,108.431,2819,4387,3000,0
2026-07-23T14:10:01Z,23473,1469328,497668,499228,472432,375383,143,48,48,47,112,2123,108.530,2949,5131,3000,0
2026-07-23T14:10:33Z,23505,1469328,497668,499228,472432,375383,143,48,48,47,112,2125,108.627,2815,4899,3000,0
2026-07-23T14:11:04Z,23536,1469332,497668,499228,472436,350808,143,48,48,47,112,2127,108.717,3053,5007,3000,0
2026-07-23T14:11:36Z,23568,1469332,497668,499228,472436,361049,143,48,48,47,112,2129,108.818,2939,4659,3000,0
2026-07-23T14:12:07Z,23599,1469384,497668,499228,472488,365145,143,48,48,47,112,2131,108.920,2885,4767,3000,0
2026-07-23T14:12:38Z,23630,1469392,497668,499228,472496,424543,143,48,48,47,112,2133,109.016,3031,4575,3000,0
2026-07-23T14:13:10Z,23662,1469392,497668,499228,472496,354912,143,48,48,47,112,2135,109.112,2783,4295,3000,0
2026-07-23T14:13:41Z,23693,1469392,497668,499228,472496,361056,143,48,48,47,112,2136,109.162,2819,4263,3000,0
2026-07-23T14:14:12Z,23724,1469408,497668,499228,472512,348773,143,48,48,47,112,2140,109.340,2847,4631,3000,0
2026-07-23T14:14:44Z,23756,1469408,497668,499228,472512,352869,143,48,48,47,112,2141,109.387,2873,4415,3000,0
2026-07-23T14:15:15Z,23787,1469408,497668,499228,472512,363109,143,48,48,47,112,2143,109.481,2883,4395,3000,0
2026-07-23T14:15:46Z,23818,1469408,497668,499228,472512,375397,143,48,48,47,112,2145,109.577,2831,4455,3000,0
2026-07-23T14:16:18Z,23850,1469412,497668,499228,472516,354917,143,48,48,47,112,2147,109.670,2735,4275,3000,0
2026-07-23T14:16:49Z,23881,1469416,497668,499228,472520,354917,143,48,48,47,112,2149,109.760,2765,4479,3000,0
2026-07-23T14:17:20Z,23912,1469416,497668,499228,472520,354917,143,48,48,47,112,2151,109.859,2821,4471,3000,0
2026-07-23T14:17:52Z,23944,1469416,497668,499228,472520,350821,143,48,48,47,112,2154,109.999,2875,4767,3000,0
2026-07-23T14:18:23Z,23975,1469424,497668,499236,472520,363109,143,48,48,47,112,2156,110.098,2817,4347,3000,0
2026-07-23T14:18:54Z,24006,1469424,497668,499236,472520,369253,143,48,48,47,112,2157,110.147,2989,4447,3000,0
2026-07-23T14:19:26Z,24038,1469428,497668,499240,472520,440936,143,48,48,47,112,2160,110.288,2999,4603,3000,0
2026-07-23T14:19:57Z,24069,1469428,497668,499240,472520,359016,143,48,48,47,112,2161,110.332,2671,4627,3000,0
2026-07-23T14:20:28Z,24100,1469428,497668,499240,472520,365160,143,48,48,47,112,2163,110.427,2927,4631,3000,0
2026-07-23T14:21:00Z,24132,1469428,497668,499240,472520,371304,143,48,48,47,112,2165,110.531,2821,4491,3000,0
2026-07-23T14:21:31Z,24163,1469460,497668,499240,472552,369256,143,48,48,47,112,2167,110.617,2667,4563,3000,0
2026-07-23T14:22:03Z,24195,1469496,497668,499240,472588,371304,143,48,48,47,112,2169,110.709,2763,4299,3000,0
2026-07-23T14:22:34Z,24226,1469524,497668,499240,472616,356968,143,48,48,47,112,2171,110.803,2769,4223,3000,0
2026-07-23T14:23:05Z,24257,1469528,497672,499240,472616,350824,143,48,48,47,112,2174,110.936,2963,4603,3000,0
2026-07-23T14:23:37Z,24289,1469532,497672,499240,472620,365161,143,48,48,47,112,2176,111.039,2909,4503,3000,0
2026-07-23T14:24:08Z,24320,1469532,497672,499240,472620,371305,143,48,48,47,112,2178,111.140,2889,4483,3000,0
2026-07-23T14:24:39Z,24351,1469532,497672,499240,472620,350827,143,48,48,47,112,2180,111.234,2897,4399,3000,0
2026-07-23T14:25:11Z,24383,1469532,497672,499240,472620,344683,143,48,48,47,112,2181,111.286,2813,4347,3000,0
2026-07-23T14:25:42Z,24414,1469532,497672,499240,472620,363115,143,48,48,47,112,2183,111.381,2817,4867,3000,0
2026-07-23T14:26:13Z,24445,1469532,497672,499240,472620,367211,143,48,48,47,112,2185,111.479,3117,4731,3000,0
2026-07-23T14:26:45Z,24477,1469532,497672,499240,472620,426603,143,48,48,47,112,2187,111.575,2783,4307,3000,0
2026-07-23T14:27:16Z,24508,1469532,497672,499240,472620,356971,143,48,48,47,112,2190,111.728,2973,4619,3000,0
2026-07-23T14:27:47Z,24539,1469532,497672,499240,472620,381547,143,48,48,47,112,2192,111.825,3009,4455,3000,0
2026-07-23T14:28:19Z,24571,1469532,497672,499240,472620,344683,143,48,48,47,112,2194,111.919,2815,4579,3000,0
2026-07-23T14:28:50Z,24602,1469532,497672,499240,472620,346735,143,48,48,47,112,2196,112.016,2985,4503,3000,0
2026-07-23T14:29:21Z,24633,1469532,497672,499240,472620,359023,143,48,48,47,112,2198,112.116,2975,4455,3000,0
2026-07-23T14:29:53Z,24665,1469540,497672,499240,472628,361071,143,48,48,47,112,2200,112.211,2913,5243,3000,0
2026-07-23T14:30:24Z,24696,1469540,497672,499240,472628,354927,143,48,48,47,112,2201,112.255,2835,4879,3000,0
2026-07-23T14:30:55Z,24727,1469544,497676,499240,472628,354927,143,48,48,47,112,2203,112.348,3077,4587,3000,0
2026-07-23T14:31:27Z,24759,1469544,497676,499240,472628,371312,143,48,48,47,112,2205,112.444,3037,5299,3000,0
2026-07-23T14:31:58Z,24790,1469544,497676,499240,472628,365168,143,48,48,47,112,2208,112.586,2917,4607,3000,0
2026-07-23T14:32:30Z,24822,1469576,497708,499240,472628,367216,143,48,48,47,112,2210,112.683,2877,4687,3000,0
2026-07-23T14:33:01Z,24853,1469576,497708,499240,472628,367216,143,48,48,47,112,2212,112.797,3061,4575,3000,0
2026-07-23T14:33:32Z,24884,1469580,497708,499240,472632,416370,143,48,48,47,112,2214,112.889,2957,4755,3000,0
2026-07-23T14:34:04Z,24916,1469580,497708,499240,472632,363122,143,48,48,47,112,2216,112.985,2885,4523,3000,0
2026-07-23T14:34:35Z,24947,1469580,497708,499240,472632,371314,143,48,48,47,112,2217,113.038,3005,4655,3000,0
2026-07-23T14:35:06Z,24978,1469580,497708,499240,472632,346738,143,48,48,47,112,2221,113.237,2937,4663,3000,0
2026-07-23T14:35:38Z,25010,1469580,497708,499240,472632,361074,143,48,48,47,112,2222,113.280,2869,4543,3000,0
2026-07-23T14:36:09Z,25041,1469580,497708,499240,472632,373362,143,48,48,47,112,2224,113.381,2869,4371,3000,0
2026-07-23T14:36:40Z,25072,1469580,497708,499240,472632,377458,143,48,48,47,112,2226,113.483,2943,4871,3000,0
2026-07-23T14:37:12Z,25104,1469580,497708,499240,472632,359027,143,48,48,47,112,2228,113.575,2979,4591,3000,0
2026-07-23T14:37:43Z,25135,1469580,497708,499240,472632,367219,143,48,48,47,112,2230,113.675,2909,4483,3000,0
2026-07-23T14:38:15Z,25167,1469580,497708,499240,472632,371315,143,48,48,47,112,2232,113.782,2961,5211,3000,0
2026-07-23T14:38:46Z,25198,1469580,497708,499240,472632,363123,143,48,48,47,112,2235,113.922,3061,5303,3000,0
2026-07-23T14:39:17Z,25229,1469580,497708,499240,472632,367219,143,48,48,47,112,2237,114.031,2853,4595,3000,0
2026-07-23T14:39:49Z,25261,1469580,497708,499240,472632,377459,143,48,48,47,112,2238,114.076,3011,4511,3000,0
2026-07-23T14:40:20Z,25292,1469580,497708,499240,472632,430707,143,48,48,47,112,2241,114.226,2985,4679,3000,0
2026-07-23T14:40:51Z,25323,1469580,497708,499240,472632,359027,143,48,48,47,112,2242,114.272,2947,4643,3000,0
2026-07-23T14:41:23Z,25355,1469580,497708,499240,472632,371315,143,48,48,47,112,2244,114.366,3015,4703,3000,0
2026-07-23T14:41:54Z,25386,1469580,497708,499240,472632,373363,143,48,48,47,112,2246,114.465,3183,4791,3000,0
2026-07-23T14:42:25Z,25417,1469580,497708,499240,472632,363123,143,48,48,47,112,2248,114.558,2847,4799,3000,0
2026-07-23T14:42:57Z,25449,1469580,497708,499240,472632,359027,143,48,48,47,112,2250,114.649,2851,4855,3000,0
2026-07-23T14:43:28Z,25480,1469580,497708,499240,472632,379507,143,48,48,47,112,2252,114.748,3017,4551,3000,0
2026-07-23T14:43:59Z,25511,1469588,497716,499240,472632,354931,143,48,48,47,112,2255,114.887,2979,5143,3000,0
2026-07-23T14:44:31Z,25543,1469588,497716,499240,472632,367219,143,48,48,47,112,2257,114.978,2951,4727,3000,0
2026-07-23T14:45:02Z,25574,1469592,497716,499240,472636,361075,143,48,48,47,112,2258,115.030,3037,4871,3000,0
2026-07-23T14:45:33Z,25605,1469592,497716,499240,472636,359027,143,48,48,47,112,2260,115.136,3015,5039,3000,0
2026-07-23T14:46:05Z,25637,1469592,497716,499240,472636,350835,143,48,48,47,112,2262,115.237,2953,4859,3000,0
2026-07-23T14:46:36Z,25668,1469592,497716,499240,472636,367219,143,48,48,47,112,2264,115.332,2865,4335,3000,0
2026-07-23T14:47:07Z,25699,1469592,497716,499240,472636,369267,143,48,48,47,112,2266,115.434,2915,4743,3000,0
2026-07-23T14:47:39Z,25731,1469596,497716,499240,472640,436851,143,48,48,47,112,2268,115.526,2899,4711,3000,0
2026-07-23T14:48:10Z,25762,1469596,497716,499240,472640,363123,143,48,48,47,112,2270,115.623,2857,4483,3000,0
2026-07-23T14:48:42Z,25794,1469596,497716,499240,472640,356979,143,48,48,47,112,2273,115.769,2927,4771,3000,0
2026-07-23T14:49:13Z,25825,1469596,497716,499240,472640,350835,143,48,48,47,112,2275,115.858,2941,4975,3000,0
2026-07-23T14:49:44Z,25856,1469596,497716,499240,472640,356979,143,48,48,47,112,2277,115.953,2973,4579,3000,0
2026-07-23T14:50:16Z,25888,1469596,497716,499240,472640,352883,143,48,48,47,112,2278,116.002,3043,4619,3000,0
2026-07-23T14:50:47Z,25919,1469600,497716,499240,472644,367219,143,48,48,47,112,2281,116.150,2961,5063,3000,0
2026-07-23T14:51:18Z,25950,1469604,497716,499240,472648,356979,143,48,48,47,112,2282,116.193,2861,4623,3000,0
2026-07-23T14:51:50Z,25982,1469604,497716,499240,472648,350835,143,48,48,47,112,2284,116.301,2927,5103,3000,0
2026-07-23T14:52:21Z,26013,1469604,497716,499240,472648,365171,143,48,48,47,112,2287,116.447,2957,4647,3000,0
2026-07-23T14:52:52Z,26044,1469604,497716,499240,472648,342643,143,48,48,47,112,2289,116.535,2969,5139,3000,0
2026-07-23T14:53:24Z,26076,1469608,497716,499240,472652,354931,143,48,48,47,112,2291,116.631,2953,4539,3000,0
2026-07-23T14:53:55Z,26107,1469608,497716,499240,472652,361075,143,48,48,47,112,2293,116.734,3007,4779,3000,0
2026-07-23T14:54:27Z,26139,1469612,497716,499240,472656,426612,143,48,48,47,112,2295,116.845,2935,4795,3000,0
2026-07-23T14:54:58Z,26170,1469612,497716,499240,472656,356980,143,48,48,47,112,2297,116.936,2973,5019,3000,0
2026-07-23T14:55:29Z,26201,1469632,497736,499240,472656,352884,143,48,48,47,112,2299,117.031,3001,4811,3000,0
2026-07-23T14:56:01Z,26233,1469636,497736,499240,472660,350836,143,48,48,47,112,2302,117.171,2981,4891,3000,0
2026-07-23T14:56:32Z,26264,1469636,497736,499240,472660,346740,143,48,48,47,112,2303,117.220,2915,4535,3000,0
2026-07-23T14:57:03Z,26295,1469636,497736,499240,472660,356980,143,48,48,47,112,2305,117.319,3011,4843,3000,0
2026-07-23T14:57:35Z,26327,1469636,497736,499240,472660,367220,143,48,48,47,112,2307,117.413,3305,5031,3000,0
2026-07-23T14:58:06Z,26358,1469636,497736,499240,472660,354932,143,48,48,47,112,2309,117.503,2933,4579,3000,0
2026-07-23T14:58:37Z,26389,1469636,497736,499240,472660,367220,143,48,48,47,112,2311,117.604,2851,4563,3000,0
2026-07-23T14:59:09Z,26421,1469636,497736,499240,472660,367220,143,48,48,47,112,2313,117.704,2983,4755,3000,0
2026-07-23T14:59:40Z,26452,1469636,497736,499240,472660,367221,143,48,48,47,112,2316,117.836,2819,4639,3000,0
2026-07-23T15:00:11Z,26483,1469636,497736,499240,472660,369269,143,48,48,47,112,2318,117.935,2903,4535,3000,0
2026-07-23T15:00:43Z,26515,1469636,497736,499240,472660,361077,143,48,48,47,112,2320,118.030,2867,4699,3000,0
2026-07-23T15:01:14Z,26546,1469644,497736,499240,472668,420474,143,48,48,47,112,2322,118.124,2817,4727,3000,0
2026-07-23T15:01:46Z,26578,1469644,497736,499240,472668,356986,143,48,48,47,112,2323,118.174,2797,4387,3000,0
2026-07-23T15:02:17Z,26609,1469644,497736,499240,472668,367226,143,48,48,47,112,2325,118.270,2797,4599,3000,0
2026-07-23T15:02:48Z,26640,1469644,497736,499240,472668,361082,143,48,48,47,112,2327,118.366,3085,4955,3000,0
2026-07-23T15:03:20Z,26672,1469648,497736,499240,472672,365184,143,48,48,47,112,2329,118.467,2805,5035,3000,0
2026-07-23T15:03:51Z,26703,1469648,497736,499240,472672,361088,143,48,48,47,112,2331,118.563,2839,4447,3000,0
2026-07-23T15:04:22Z,26734,1469648,497736,499240,472672,369280,143,48,48,47,112,2333,118.669,3083,4563,3000,0
2026-07-23T15:04:54Z,26766,1469668,497744,499252,472672,361111,143,48,48,47,112,2336,118.809,2841,4727,3000,0
2026-07-23T15:05:25Z,26797,1469668,497744,499252,472672,361111,143,48,48,47,112,2338,118.911,2957,4731,3000,0
2026-07-23T15:05:56Z,26828,1469668,497744,499252,472672,369303,143,48,48,47,112,2340,119.015,2919,4775,3000,0
2026-07-23T15:06:28Z,26860,1469672,497744,499252,472676,367255,143,48,48,47,112,2342,119.107,2849,4763,3000,0
2026-07-23T15:06:59Z,26891,1469672,497744,499252,472676,350871,143,48,48,47,112,2343,119.151,2789,4363,3000,0
2026-07-23T15:07:30Z,26922,1469672,497744,499252,472676,352919,143,48,48,47,112,2345,119.243,3027,4707,3000,0
2026-07-23T15:08:02Z,26954,1469672,497744,499252,472676,361111,143,48,48,47,112,2347,119.336,3027,4567,3000,0
2026-07-23T15:08:33Z,26985,1469672,497744,499252,472676,420504,143,48,48,47,112,2349,119.434,2785,4395,3000,0
2026-07-23T15:09:05Z,27017,1469672,497744,499252,472676,350872,143,48,48,47,112,2352,119.615,2791,4727,3000,0
2026-07-23T15:09:36Z,27048,1469672,497744,499252,472676,363160,143,48,48,47,112,2354,119.708,3037,4475,3000,0
2026-07-23T15:10:07Z,27079,1469676,497744,499252,472680,350872,143,48,48,47,112,2356,119.797,2825,4591,3000,0
2026-07-23T15:10:39Z,27111,1469676,497744,499252,472680,352920,143,48,48,47,112,2358,119.888,2787,4491,3000,0
2026-07-23T15:11:10Z,27142,1469676,497744,499252,472680,357016,143,48,48,47,112,2360,119.985,2889,4431,3000,0
2026-07-23T15:11:41Z,27173,1469676,497744,499252,472680,371352,143,48,48,47,112,2362,120.080,2849,4703,3000,0
2026-07-23T15:12:13Z,27205,1469676,497744,499252,472680,354968,143,48,48,47,112,2363,120.124,2841,4407,3000,0
2026-07-23T15:12:44Z,27236,1469676,497744,499252,472680,361112,143,48,48,47,112,2365,120.223,2967,4607,3000,0
2026-07-23T15:13:15Z,27267,1469676,497744,499252,472680,354968,143,48,48,47,112,2368,120.380,2929,4711,3000,0
2026-07-23T15:13:47Z,27299,1469676,497744,499252,472680,342680,143,48,48,47,112,2370,120.471,2751,4547,3000,0
2026-07-23T15:14:18Z,27330,1469680,497744,499252,472684,346776,143,48,48,47,112,2372,120.568,2879,4415,3000,0
2026-07-23T15:14:49Z,27361,1469680,497744,499252,472684,363160,143,48,48,47,112,2374,120.666,3229,4711,3000,0
2026-07-23T15:15:21Z,27393,1469680,497744,499252,472684,426648,143,48,48,47,112,2376,120.767,3007,4951,3000,0
2026-07-23T15:15:52Z,27424,1469680,497744,499252,472684,354968,143,48,48,47,112,2378,120.861,3033,4739,3000,0
2026-07-23T15:16:23Z,27455,1469680,497744,499252,472684,379544,143,48,48,47,112,2380,120.964,2995,4639,3000,0
2026-07-23T15:16:55Z,27487,1469680,497744,499252,472684,352920,143,48,48,47,112,2383,121.095,2913,4655,3000,0
2026-07-23T15:17:26Z,27518,1469680,497744,499252,472684,365208,143,48,48,47,112,2384,121.140,2753,4591,3000,0
2026-07-23T15:17:58Z,27550,1469680,497744,499252,472684,373400,143,48,48,47,112,2386,121.237,2927,4475,3000,0
2026-07-23T15:18:29Z,27581,1469680,497744,499252,472684,375448,143,48,48,47,112,2388,121.340,3025,4891,3000,0
2026-07-23T15:19:00Z,27612,1469680,497744,499252,472684,350872,143,48,48,47,112,2390,121.426,2867,4575,3000,0
2026-07-23T15:19:32Z,27644,1469680,497744,499252,472684,354968,143,48,48,47,112,2392,121.517,3095,5287,3000,0
2026-07-23T15:20:03Z,27675,1469680,497744,499252,472684,375448,143,48,48,47,112,2394,121.619,2959,5791,3000,0
2026-07-23T15:20:34Z,27706,1469680,497744,499252,472684,348824,143,48,48,47,112,2397,121.760,3031,5211,3000,0
2026-07-23T15:21:06Z,27738,1469680,497744,499252,472684,357016,143,48,48,47,112,2399,121.856,2845,4491,3000,0
2026-07-23T15:21:37Z,27769,1469680,497744,499252,472684,361112,143,48,48,47,112,2401,121.953,2943,4619,3000,0
2026-07-23T15:22:08Z,27800,1469712,497744,499252,472716,490136,143,48,48,47,112,2403,122.046,3019,4823,3000,0
2026-07-23T15:22:40Z,27832,1469712,497744,499252,472716,354968,143,48,48,47,112,2404,122.090,2837,4747,3000,0
2026-07-23T15:23:11Z,27863,1469712,497744,499252,472716,354968,143,48,48,47,112,2406,122.183,2873,4871,3000,0
2026-07-23T15:23:42Z,27894,1469712,497744,499252,472716,365208,143,48,48,47,112,2408,122.289,2953,4883,3000,0
2026-07-23T15:24:14Z,27926,1469712,497744,499252,472716,344729,143,48,48,47,112,2410,122.374,2967,4551,3000,0
2026-07-23T15:24:45Z,27957,1469712,497744,499252,472716,354969,143,48,48,47,112,2412,122.473,3011,4527,3000,0
2026-07-23T15:25:17Z,27989,1469712,497744,499252,472716,363161,143,48,48,47,112,2414,122.574,2923,4563,3000,0
2026-07-23T15:25:48Z,28020,1469716,497744,499252,472720,428697,143,48,48,47,112,2417,122.704,2865,4519,3000,0
2026-07-23T15:26:19Z,28051,1469716,497744,499252,472720,361113,143,48,48,47,112,2419,122.793,2787,4579,3000,0
2026-07-23T15:26:51Z,28083,1469716,497744,499252,472720,363161,143,48,48,47,112,2421,122.886,2879,4607,3000,0
2026-07-23T15:27:22Z,28114,1469904,497744,499252,472908,422553,143,48,48,47,112,2423,122.978,2841,4591,3000,0
2026-07-23T15:27:53Z,28145,1469904,497744,499252,472908,354969,143,48,48,47,112,2424,123.022,2807,4287,3000,0
2026-07-23T15:28:25Z,28177,1469904,497744,499252,472908,361113,143,48,48,47,112,2426,123.127,3113,4655,3000,0
2026-07-23T15:28:56Z,28208,1469904,497744,499252,472908,369305,143,48,48,47,112,2428,123.225,2969,4559,3000,0
2026-07-23T15:29:27Z,28239,1469904,497744,499252,472908,354969,143,48,48,47,112,2431,123.362,2945,4999,3000,0
2026-07-23T15:29:59Z,28271,1469904,497744,499252,472908,371353,143,48,48,47,112,2433,123.458,2829,4443,3000,0
2026-07-23T15:30:30Z,28302,1469904,497744,499252,472908,375449,143,48,48,47,112,2435,123.553,2947,4531,3000,0
2026-07-23T15:31:01Z,28333,1469904,497744,499252,472908,354969,143,48,48,47,112,2437,123.642,2833,4451,3000,0
2026-07-23T15:31:33Z,28365,1469904,497744,499252,472908,361113,143,48,48,47,112,2439,123.741,2833,4267,3000,0
2026-07-23T15:32:04Z,28396,1469904,497744,499252,472908,363161,143,48,48,47,112,2441,123.841,2955,4875,3000,0
2026-07-23T15:32:36Z,28428,1469904,497744,499252,472908,352921,143,48,48,47,112,2443,123.934,3097,4483,3000,0
2026-07-23T15:33:07Z,28459,1469904,497744,499252,472908,354969,143,48,48,47,112,2444,123.975,2837,4519,3000,0
2026-07-23T15:33:38Z,28490,1469904,497744,499252,472908,363161,143,48,48,47,112,2447,124.121,2853,4463,3000,0
2026-07-23T15:34:10Z,28522,1469904,497744,499252,472908,367257,143,48,48,47,112,2449,124.217,2977,4579,3000,0
2026-07-23T15:34:41Z,28553,1469904,497744,499252,472908,350873,143,48,48,47,112,2451,124.303,2805,4647,3000,0
2026-07-23T15:35:12Z,28584,1469904,497744,499252,472908,354969,143,48,48,47,112,2453,124.404,2847,4407,3000,0
2026-07-23T15:35:44Z,28616,1469904,497744,499252,472908,352921,143,48,48,47,112,2455,124.506,2931,4639,3000,0
2026-07-23T15:36:15Z,28647,1469908,497748,499252,472908,416409,143,48,48,47,112,2457,124.601,2865,4579,3000,0
2026-07-23T15:36:46Z,28678,1469908,497748,499252,472908,357017,143,48,48,47,112,2459,124.694,2957,4563,3000,0
2026-07-23T15:37:18Z,28710,1469908,497748,499252,472908,371353,143,48,48,47,112,2461,124.797,3059,4803,3000,0
2026-07-23T15:37:49Z,28741,1469908,497748,499252,472908,354969,143,48,48,47,112,2464,124.936,2979,4763,3000,0
2026-07-23T15:38:20Z,28772,1469908,497748,499252,472908,350873,143,48,48,47,112,2465,124.982,2879,4475,3000,0
2026-07-23T15:38:52Z,28804,1469908,497748,499252,472908,350873,143,48,48,47,112,2467,125.084,2907,4559,3000,0
2026-07-23T15:39:23Z,28835,1469908,497748,499252,472908,369305,143,48,48,47,112,2469,125.186,2885,4555,3000,0
2026-07-23T15:39:54Z,28866,1469908,497748,499252,472908,359065,143,48,48,47,112,2471,125.275,2799,4443,3000,0
2026-07-23T15:40:26Z,28898,1469908,497748,499252,472908,359065,143,48,48,47,112,2473,125.378,3039,4615,3000,0
2026-07-23T15:40:57Z,28929,1469908,497748,499252,472908,375449,143,48,48,47,112,2475,125.472,3117,5091,3000,0
2026-07-23T15:41:28Z,28960,1469908,497748,499252,472908,354969,143,48,48,47,112,2477,125.560,2995,4543,3000,0
2026-07-23T15:42:00Z,28992,1469908,497748,499252,472908,359065,143,48,48,47,112,2480,125.696,2853,4395,3000,0
2026-07-23T15:42:31Z,29023,1469908,497748,499252,472908,354969,143,48,48,47,112,2482,125.792,2901,4747,3000,0
2026-07-23T15:43:03Z,29055,1469908,497748,499252,472908,414361,143,48,48,47,112,2484,125.879,3089,4555,3000,0
2026-07-23T15:43:34Z,29086,1469908,497748,499252,472908,354969,143,48,48,47,112,2485,125.925,3055,4643,3000,0
2026-07-23T15:44:05Z,29117,1469908,497748,499252,472908,367257,143,48,48,47,112,2487,126.021,3079,4499,3000,0
2026-07-23T15:44:37Z,29149,1469908,497748,499252,472908,354969,143,48,48,47,112,2489,126.118,3001,4727,3000,0
2026-07-23T15:45:08Z,29180,1469908,497748,499252,472908,348825,143,48,48,47,112,2491,126.208,2801,4451,3000,0
2026-07-23T15:45:39Z,29211,1469908,497748,499252,472908,352921,143,48,48,47,112,2493,126.309,3087,4695,3000,0
2026-07-23T15:46:11Z,29243,1469908,497748,499252,472908,369305,143,48,48,47,112,2495,126.409,2993,5007,3000,0
2026-07-23T15:46:42Z,29274,1469916,497748,499252,472916,430754,143,48,48,47,112,2498,126.558,2987,4527,3000,0
2026-07-23T15:47:13Z,29305,1469920,497752,499252,472916,354978,143,48,48,47,112,2500,126.656,3113,4775,3000,0
2026-07-23T15:47:45Z,29337,1469920,497752,499252,472916,359075,143,48,48,47,112,2502,126.764,3033,4675,3000,0
2026-07-23T15:48:16Z,29368,1469932,497752,499264,472916,471715,143,48,48,47,112,2504,126.865,3165,5063,3000,0
2026-07-23T15:48:48Z,29400,1469932,497752,499264,472916,363171,143,48,48,47,112,2505,126.914,2883,4459,3000,0
2026-07-23T15:49:19Z,29431,1469932,497752,499264,472916,365219,143,48,48,47,112,2507,127.009,3045,4495,3000,0
2026-07-23T15:49:50Z,29462,1469932,497752,499264,472916,350883,143,48,48,47,112,2509,127.116,3171,4747,3000,0
2026-07-23T15:50:22Z,29494,1469936,497752,499264,472920,357027,143,48,48,47,112,2511,127.211,2905,4467,3000,0
2026-07-23T15:50:53Z,29525,1469936,497752,499264,472920,363171,143,48,48,47,112,2513,127.315,2981,4431,3000,0
2026-07-23T15:51:24Z,29556,1469936,497752,499264,472920,371363,143,48,48,47,112,2515,127.419,3199,4851,3000,0
2026-07-23T15:51:56Z,29588,1469936,497752,499264,472920,397987,143,48,48,47,112,2518,127.557,2923,4587,3000,0
2026-07-23T15:52:27Z,29619,1469936,497752,499264,472920,363171,143,48,48,47,112,2520,127.655,2933,4687,3000,0
2026-07-23T15:52:59Z,29651,1469940,497752,499264,472924,359075,143,48,48,47,112,2522,127.754,3261,4855,3000,0
2026-07-23T15:53:30Z,29682,1469944,497752,499268,472924,367267,143,48,48,47,112,2524,127.853,2981,5059,3000,0
2026-07-23T15:54:01Z,29713,1469944,497752,499268,472924,357027,143,48,48,47,112,2525,127.898,2947,4611,3000,0
2026-07-23T15:54:33Z,29745,1469944,497752,499268,472924,361123,143,48,48,47,112,2527,127.999,2941,4787,3000,0
2026-07-23T15:55:04Z,29776,1469944,497752,499268,472924,359075,143,48,48,47,112,2529,128.100,3015,5011,3000,0
2026-07-23T15:55:35Z,29807,1469944,497752,499268,472924,434851,143,48,48,47,112,2531,128.199,2907,4563,3000,0
2026-07-23T15:56:07Z,29839,1469944,497752,499268,472924,369315,143,48,48,47,112,2534,128.350,2923,4687,3000,0
2026-07-23T15:56:38Z,29870,1469944,497752,499268,472924,371363,143,48,48,47,112,2536,128.452,3051,4903,3000,0
2026-07-23T15:57:09Z,29901,1469944,497752,499268,472924,426659,143,48,48,47,112,2538,128.536,2933,4575,3000,0
2026-07-23T15:57:41Z,29933,1469944,497752,499268,472924,361123,143,48,48,47,112,2540,128.628,3003,4419,3000,0
2026-07-23T15:58:12Z,29964,1469944,497752,499268,472924,361123,143,48,48,47,112,2541,128.671,2959,4663,3000,0
2026-07-23T15:58:43Z,29995,1469944,497752,499268,472924,361123,143,48,48,47,112,2544,128.815,2879,4663,3000,0
2026-07-23T15:59:15Z,30027,1469944,497752,499268,472924,357027,143,48,48,47,112,2545,128.859,2949,5067,3000,0
2026-07-23T15:59:46Z,30058,1469944,497752,499268,472924,369315,143,48,48,47,112,2547,128.971,3031,4759,3000,0
2026-07-23T16:00:18Z,30090,1469944,497752,499268,472924,367267,143,48,48,47,112,2549,129.076,2877,4779,3000,0
2026-07-23T16:00:49Z,30121,1470044,497752,499268,473024,428707,143,48,48,47,112,2552,129.215,2847,4547,3000,0
2026-07-23T16:01:20Z,30152,1470044,497752,499268,473024,365219,143,48,48,47,112,2554,129.315,3015,4655,3000,0
2026-07-23T16:01:52Z,30184,1470044,497752,499268,473024,367267,143,48,48,47,112,2556,129.415,2923,4559,3000,0
2026-07-23T16:02:23Z,30215,1470044,497752,499268,473024,428707,143,48,48,47,112,2558,129.506,2917,6243,3000,0
2026-07-23T16:02:54Z,30246,1470052,497752,499268,473032,363171,143,48,48,47,112,2560,129.599,3013,5079,3000,0
2026-07-23T16:03:26Z,30278,1470052,497752,499268,473032,363171,143,48,48,47,112,2561,129.646,2957,5219,3000,0
2026-07-23T16:03:57Z,30309,1470052,497752,499268,473032,365219,143,48,48,47,112,2564,129.785,2997,5167,3000,0
2026-07-23T16:04:28Z,30340,1470052,497752,499268,473032,354979,143,48,48,47,112,2565,129.833,2917,4411,3000,0
2026-07-23T16:05:00Z,30372,1470052,497752,499268,473032,363171,143,48,48,47,112,2567,129.932,2919,4895,3000,0
2026-07-23T16:05:31Z,30403,1470052,497752,499268,473032,373411,143,48,48,47,112,2570,130.075,3121,4771,3000,0
2026-07-23T16:06:02Z,30434,1470052,497752,499268,473032,346787,143,48,48,47,112,2572,130.163,2999,4723,3000,0
2026-07-23T16:06:34Z,30466,1470052,497752,499268,473032,363171,143,48,48,47,112,2574,130.260,2883,4715,3000,0
2026-07-23T16:07:05Z,30497,1470052,497752,499268,473032,365219,143,48,48,47,112,2576,130.362,2969,4475,3000,0
2026-07-23T16:07:36Z,30528,1470052,497752,499268,473032,418468,143,48,48,47,112,2578,130.464,2911,5051,3000,0
2026-07-23T16:08:08Z,30560,1470052,497752,499268,473032,369316,143,48,48,47,112,2580,130.567,2881,4791,3000,0
2026-07-23T16:08:39Z,30591,1470052,497752,499268,473032,354980,143,48,48,47,112,2581,130.619,2971,4679,3000,0
2026-07-23T16:09:10Z,30622,1470052,497752,499268,473032,359076,143,48,48,47,112,2585,130.822,2999,4955,3000,0
2026-07-23T16:09:42Z,30654,1470052,497752,499268,473032,352932,143,48,48,47,112,2586,130.873,3039,4827,3000,0
2026-07-23T16:10:13Z,30685,1470052,497752,499268,473032,354980,143,48,48,47,112,2588,130.991,3161,4871,3000,0
2026-07-23T16:10:45Z,30717,1470052,497752,499268,473032,361124,143,48,48,47,112,2590,131.093,3005,4807,3000,0
2026-07-23T16:11:16Z,30748,1470052,497752,499268,473032,361124,143,48,48,47,112,2592,131.187,2753,4347,3000,0
2026-07-23T16:11:47Z,30779,1470052,497752,499268,473032,352932,143,48,48,47,112,2594,131.287,2825,4719,3000,0
2026-07-23T16:12:19Z,30811,1470052,497752,499268,473032,359076,143,48,48,47,112,2596,131.381,2929,4543,3000,0
2026-07-23T16:12:50Z,30842,1470052,497752,499268,473032,350884,143,48,48,47,112,2599,131.514,2957,4819,3000,0
2026-07-23T16:13:21Z,30873,1470052,497752,499268,473032,365220,143,48,48,47,112,2601,131.613,2923,4687,3000,0
2026-07-23T16:13:53Z,30905,1470052,497752,499268,473032,359076,143,48,48,47,112,2602,131.666,3253,4699,3000,0
2026-07-23T16:14:24Z,30936,1470052,497752,499268,473032,424612,143,48,48,47,112,2605,131.813,3015,5071,3000,0
2026-07-23T16:14:55Z,30967,1470052,497752,499268,473032,354980,143,48,48,47,112,2606,131.864,2947,4439,3000,0
2026-07-23T16:15:27Z,30999,1470116,497752,499268,473096,367268,143,48,48,47,112,2608,131.960,2921,4735,3000,0
2026-07-23T16:15:58Z,31030,1470116,497752,499268,473096,363172,143,48,48,47,112,2610,132.066,3015,5227,3000,0
2026-07-23T16:16:29Z,31061,1470116,497752,499268,473096,348836,143,48,48,47,112,2612,132.156,2945,4643,3000,0
2026-07-23T16:17:01Z,31093,1470116,497752,499268,473096,371364,143,48,48,47,112,2614,132.260,2913,4451,3000,0
2026-07-23T16:17:32Z,31124,1470116,497752,499268,473096,369316,143,48,48,47,112,2616,132.359,2913,4683,3000,0
2026-07-23T16:18:04Z,31156,1470116,497752,499268,473096,354980,143,48,48,47,112,2619,132.505,2873,4855,3000,0
2026-07-23T16:18:35Z,31187,1470116,497752,499268,473096,359076,143,48,48,47,112,2621,132.608,2793,4523,3000,0
2026-07-23T16:19:06Z,31218,1470116,497752,499268,473096,369316,143,48,48,47,112,2622,132.663,2817,4691,3000,0
2026-07-23T16:19:38Z,31250,1470116,497752,499268,473096,357028,143,48,48,47,112,2625,132.809,2999,4907,3000,0
2026-07-23T16:20:09Z,31281,1470116,497752,499268,473096,359076,143,48,48,47,112,2626,132.857,2821,4455,3000,0
2026-07-23T16:20:40Z,31312,1470116,497752,499268,473096,367268,143,48,48,47,112,2628,132.948,2929,4487,3000,0
2026-07-23T16:21:12Z,31344,1470116,497752,499268,473096,373412,143,48,48,47,112,2630,133.045,2915,4615,3000,0
2026-07-23T16:21:43Z,31375,1470116,497752,499268,473096,350884,143,48,48,47,112,2633,133.188,2985,4423,3000,0
2026-07-23T16:22:15Z,31407,1470116,497752,499268,473096,375460,143,48,48,47,112,2635,133.295,2915,4443,3000,0
2026-07-23T16:22:46Z,31438,1470116,497752,499268,473096,373412,143,48,48,47,112,2637,133.396,3105,4815,3000,0
2026-07-23T16:23:17Z,31469,1470116,497752,499268,473096,354980,143,48,48,47,112,2639,133.486,2869,4323,3000,0
2026-07-23T16:23:49Z,31501,1470116,497752,499268,473096,375460,143,48,48,47,112,2641,133.579,2865,4463,3000,0
2026-07-23T16:24:20Z,31532,1470116,497752,499268,473096,369316,143,48,48,47,112,2643,133.682,2827,4387,3000,0
2026-07-23T16:24:51Z,31563,1470116,497752,499268,473096,359076,143,48,48,47,112,2645,133.780,2829,4323,3000,0
2026-07-23T16:25:23Z,31595,1470116,497752,499268,473096,350884,143,48,48,47,112,2647,133.875,2949,4335,3000,0
2026-07-23T16:25:54Z,31626,1470116,497752,499268,473096,352932,143,48,48,47,112,2648,133.920,2885,4491,3000,0
2026-07-23T16:26:25Z,31657,1470116,497752,499268,473096,365220,143,48,48,47,112,2651,134.073,2943,4559,3000,0
2026-07-23T16:26:57Z,31689,1470116,497752,499268,473096,363172,143,48,48,47,112,2653,134.162,2807,4867,3000,0
2026-07-23T16:27:28Z,31720,1470116,497752,499268,473096,367268,143,48,48,47,112,2655,134.261,2837,4375,3000,0
2026-07-23T16:28:00Z,31752,1470116,497752,499268,473096,361124,143,48,48,47,112,2657,134.355,2801,4391,3000,0
2026-07-23T16:28:31Z,31783,1470116,497752,499268,473096,430756,143,48,48,47,112,2659,134.450,2853,4679,3000,0
2026-07-23T16:29:02Z,31814,1470116,497752,499268,473096,363172,143,48,48,47,112,2661,134.543,3021,4463,3000,0
2026-07-23T16:29:34Z,31846,1470116,497752,499268,473096,367268,143,48,48,47,112,2663,134.637,2845,4559,3000,0
2026-07-23T16:30:05Z,31877,1470116,497752,499268,473096,361124,143,48,48,47,112,2666,134.764,3011,4583,3000,0
2026-07-23T16:30:36Z,31908,1470116,497752,499268,473096,357028,143,48,48,47,112,2667,134.809,2751,4311,3000,0
2026-07-23T16:31:08Z,31940,1470116,497752,499268,473096,365220,143,48,48,47,112,2669,134.920,3063,4683,3000,0
2026-07-23T16:31:39Z,31971,1470500,498136,499268,473096,363172,143,48,48,47,112,2671,135.024,3149,4887,3000,0
2026-07-23T16:32:10Z,32002,1470508,498136,499268,473104,357029,143,48,48,47,112,2673,135.113,2841,4651,3000,0
2026-07-23T16:32:42Z,32034,1470508,498136,499268,473104,359077,143,48,48,47,112,2675,135.208,2881,4675,3000,0
2026-07-23T16:33:13Z,32065,1470540,498136,499300,473104,363173,143,48,48,47,112,2677,135.331,2913,4779,3000,0
2026-07-23T16:33:44Z,32096,1470540,498136,499300,473104,422565,143,48,48,47,112,2679,135.432,2891,4971,3000,0
2026-07-23T16:34:16Z,32128,1470540,498136,499300,473104,361125,143,48,48,47,112,2681,135.534,2961,4615,3000,0
2026-07-23T16:34:47Z,32159,1470540,498136,499300,473104,365221,143,48,48,47,112,2683,135.636,3191,4711,3000,0
2026-07-23T16:35:19Z,32191,1470540,498136,499300,473104,361125,143,48,48,47,112,2686,135.769,2823,4795,3000,0
2026-07-23T16:35:50Z,32222,1470540,498136,499300,473104,359077,143,48,48,47,112,2688,135.869,2937,4531,3000,0
2026-07-23T16:36:21Z,32253,1470540,498136,499300,473104,361125,143,48,48,47,112,2689,135.920,2987,4507,3000,0
2026-07-23T16:36:53Z,32285,1470540,498136,499300,473104,365221,143,48,48,47,112,2691,136.020,3165,4819,3000,0
2026-07-23T16:37:24Z,32316,1470540,498136,499300,473104,346791,143,48,48,47,112,2693,136.112,3043,4459,3000,0
2026-07-23T16:37:55Z,32347,1470544,498136,499300,473108,357031,143,48,48,47,112,2695,136.210,2875,4507,3000,0
2026-07-23T16:38:27Z,32379,1470544,498136,499300,473108,373415,143,48,48,47,112,2697,136.312,3069,4651,3000,0
2026-07-23T16:38:58Z,32410,1470544,498136,499300,473108,414375,143,48,48,47,112,2700,136.460,2829,4943,3000,0
2026-07-23T16:39:29Z,32441,1470544,498136,499300,473108,363175,143,48,48,47,112,2702,136.553,2851,4847,3000,0
2026-07-23T16:40:01Z,32473,1470544,498136,499300,473108,361127,143,48,48,47,112,2704,136.651,2863,4615,3000,0
2026-07-23T16:40:32Z,32504,1470544,498136,499300,473108,422567,143,48,48,47,112,2706,136.746,2817,4523,3000,0
2026-07-23T16:41:04Z,32536,1470544,498136,499300,473108,361127,143,48,48,47,112,2708,136.840,2767,4403,3000,0
2026-07-23T16:41:35Z,32567,1470544,498136,499300,473108,371367,143,48,48,47,112,2709,136.893,2871,4263,3000,0
2026-07-23T16:42:06Z,32598,1470544,498136,499300,473108,373415,143,48,48,47,112,2711,136.998,3087,4867,3000,0
2026-07-23T16:42:38Z,32630,1470544,498136,499300,473108,432807,143,48,48,47,112,2713,137.087,2761,4459,3000,0
2026-07-23T16:43:09Z,32661,1470544,498136,499300,473108,359079,143,48,48,47,112,2715,137.186,2913,4639,3000,0
2026-07-23T16:43:40Z,32692,1470544,498136,499300,473108,371367,143,48,48,47,112,2717,137.284,3083,4879,3000,0
2026-07-23T16:44:12Z,32724,1470544,498136,499300,473108,418471,143,48,48,47,112,2720,137.426,2875,4671,3000,0
2026-07-23T16:44:43Z,32755,1470544,498136,499300,473108,369319,143,48,48,47,112,2722,137.516,2847,4319,3000,0
2026-07-23T16:45:14Z,32786,1470544,498136,499300,473108,363175,143,48,48,47,112,2724,137.617,3041,4959,3000,0
2026-07-23T16:45:46Z,32818,1470544,498136,499300,473108,440999,143,48,48,47,112,2726,137.717,2915,4555,3000,0
2026-07-23T16:46:17Z,32849,1470544,498136,499300,473108,357031,143,48,48,47,112,2728,137.817,2879,4615,3000,0
2026-07-23T16:46:49Z,32881,1470544,498136,499300,473108,352935,143,48,48,47,112,2729,137.862,2933,4591,3000,0
2026-07-23T16:47:20Z,32912,1470544,498136,499300,473108,367271,143,48,48,47,112,2731,137.955,2899,5279,3000,0
2026-07-23T16:47:51Z,32943,1470544,498136,499300,473108,352935,143,48,48,47,112,2734,138.091,2939,4571,3000,0
2026-07-23T16:48:23Z,32975,1470544,498136,499300,473108,369319,143,48,48,47,112,2736,138.183,2809,4499,3000,0
2026-07-23T16:48:54Z,33006,1470544,498136,499300,473108,369319,143,48,48,47,112,2738,138.281,2921,4895,3000,0
2026-07-23T16:49:25Z,33037,1470544,498136,499300,473108,350887,143,48,48,47,112,2740,138.374,3083,4719,3000,0
2026-07-23T16:49:57Z,33069,1470544,498136,499300,473108,354983,143,48,48,47,112,2742,138.465,2935,4611,3000,0
2026-07-23T16:50:28Z,33100,1470564,498136,499300,473128,365223,143,48,48,47,112,2744,138.573,2971,4547,3000,0
2026-07-23T16:50:59Z,33131,1470564,498136,499300,473128,365223,143,48,48,47,112,2746,138.664,2891,4603,3000,0
2026-07-23T16:51:31Z,33163,1470564,498136,499300,473128,359079,143,48,48,47,112,2748,138.758,2809,4379,3000,0
2026-07-23T16:52:02Z,33194,1470564,498136,499300,473128,365223,143,48,48,47,112,2749,138.803,2941,4855,3000,0
2026-07-23T16:52:33Z,33225,1470564,498136,499300,473128,375463,143,48,48,47,112,2752,138.958,3097,4663,3000,0
2026-07-23T16:53:05Z,33257,1470564,498136,499300,473128,354983,143,48,48,47,112,2754,139.054,2943,4615,3000,0
2026-07-23T16:53:36Z,33288,1470564,498136,499300,473128,367271,143,48,48,47,112,2756,139.151,2813,4483,3000,0
2026-07-23T16:54:07Z,33319,1470564,498136,499300,473128,375463,143,48,48,47,112,2758,139.248,3097,4575,3000,0
2026-07-23T16:54:39Z,33351,1470564,498136,499300,473128,492199,143,48,48,47,112,2760,139.349,2763,4827,3000,0
2026-07-23T16:55:10Z,33382,1470564,498136,499300,473128,359079,143,48,48,47,112,2762,139.444,2833,4591,3000,0
2026-07-23T16:55:41Z,33413,1470564,498136,499300,473128,361127,143,48,48,47,112,2764,139.547,2887,4503,3000,0
2026-07-23T16:56:13Z,33445,1470564,498136,499300,473128,352935,143,48,48,47,112,2767,139.683,2889,4963,3000,0
2026-07-23T16:56:44Z,33476,1470564,498136,499300,473128,354983,143,48,48,47,112,2769,139.775,3051,4555,3000,0
2026-07-23T16:57:15Z,33507,1470564,498136,499300,473128,361127,143,48,48,47,112,2770,139.824,2877,4427,3000,0
2026-07-23T16:57:47Z,33539,1470564,498136,499300,473128,361127,143,48,48,47,112,2772,139.933,3107,4771,3000,0
2026-07-23T16:58:18Z,33570,1470564,498136,499300,473128,369319,143,48,48,47,112,2774,140.019,2737,4291,3000,0
2026-07-23T16:58:50Z,33602,1470564,498136,499300,473128,357031,143,48,48,47,112,2776,140.118,2817,4455,3000,0
2026-07-23T16:59:21Z,33633,1470564,498136,499300,473128,377511,143,48,48,47,112,2778,140.229,2875,4431,3000,0
2026-07-23T16:59:52Z,33664,1470564,498136,499300,473128,357031,143,48,48,47,112,2781,140.367,2805,4543,3000,0
2026-07-23T17:00:24Z,33696,1470564,498136,499300,473128,373415,143,48,48,47,112,2783,140.477,2963,4719,3000,0
2026-07-23T17:00:55Z,33727,1470564,498136,499300,473128,367271,143,48,48,47,112,2785,140.576,2813,4371,3000,0
2026-07-23T17:01:26Z,33758,1470564,498136,499300,473128,504487,143,48,48,47,112,2787,140.677,3079,4799,3000,0
2026-07-23T17:01:58Z,33790,1470564,498136,499300,473128,352935,143,48,48,47,112,2789,140.776,2927,4511,3000,0
2026-07-23T17:02:29Z,33821,1470564,498136,499300,473128,357031,143,48,48,47,112,2790,140.831,2863,4403,3000,0
2026-07-23T17:03:00Z,33852,1470564,498136,499300,473128,375463,142,47,48,47,112,2792,140.930,2897,4611,3000,0
2026-07-23T17:03:32Z,33884,1470564,498136,499300,473128,432807,143,48,48,47,112,2794,141.022,2745,4435,3000,0
2026-07-23T17:04:03Z,33915,1470564,498136,499300,473128,357031,143,48,48,47,112,2796,141.116,2875,4583,3000,0
2026-07-23T17:04:34Z,33946,1470564,498136,499300,473128,352935,143,48,48,47,112,2798,141.213,2935,4423,3000,0
2026-07-23T17:05:06Z,33978,1470564,498136,499300,473128,350887,143,48,48,47,112,2801,141.356,3001,4707,3000,0
2026-07-23T17:05:37Z,34009,1470564,498136,499300,473128,363175,143,48,48,47,112,2803,141.455,2833,4371,3000,0
2026-07-23T17:06:09Z,34041,1470564,498136,499300,473128,367271,143,48,48,47,112,2805,141.553,2961,4827,3000,0
2026-07-23T17:06:40Z,34072,1470564,498136,499300,473128,354983,143,48,48,47,112,2807,141.648,3007,4775,3000,0
2026-07-23T17:07:11Z,34103,1470564,498136,499300,473128,357031,143,48,48,47,112,2809,141.742,2793,4183,3000,0
2026-07-23T17:07:43Z,34135,1470564,498136,499300,473128,365223,143,48,48,47,112,2810,141.791,2875,4487,3000,0
2026-07-23T17:08:14Z,34166,1470564,498136,499300,473128,436903,143,48,48,47,112,2813,141.932,2917,4675,3000,0
2026-07-23T17:08:45Z,34197,1470564,498136,499300,473128,354983,143,48,48,47,112,2815,142.026,2763,4663,3000,0
2026-07-23T17:09:17Z,34229,1470564,498136,499300,473128,363175,143,48,48,47,112,2817,142.130,2811,4567,3000,0
2026-07-23T17:09:48Z,34260,1470564,498136,499300,473128,373415,143,48,48,47,112,2819,142.228,2843,4539,3000,0
2026-07-23T17:10:19Z,34291,1470564,498136,499300,473128,344743,143,48,48,47,112,2821,142.315,3045,4435,3000,0
2026-07-23T17:10:51Z,34323,1470564,498136,499300,473128,367272,143,48,48,47,112,2823,142.414,2801,4351,3000,0
2026-07-23T17:11:22Z,34354,1470564,498136,499300,473128,363176,143,48,48,47,112,2825,142.514,2895,4435,3000,0
2026-07-23T17:11:54Z,34386,1470564,498136,499300,473128,361128,143,48,48,47,112,2827,142.603,3001,4507,3000,0
2026-07-23T17:12:25Z,34417,1470564,498136,499300,473128,350888,143,48,48,47,112,2829,142.695,2751,4191,3000,0
2026-07-23T17:12:56Z,34448,1470564,498136,499300,473128,367272,143,48,48,47,112,2831,142.799,2797,4555,3000,0
2026-07-23T17:13:28Z,34480,1470564,498136,499300,473128,354984,143,48,48,47,112,2833,142.901,3027,4755,3000,0
2026-07-23T17:13:59Z,34511,1470564,498136,499300,473128,342696,143,48,48,47,112,2835,142.994,2723,4367,3000,0
2026-07-23T17:14:30Z,34542,1470564,498136,499300,473128,363176,143,48,48,47,112,2837,143.089,2793,4427,3000,0
2026-07-23T17:15:02Z,34574,1470576,498136,499300,473140,363176,143,48,48,47,112,2839,143.184,2809,4715,3000,0
2026-07-23T17:15:33Z,34605,1470584,498136,499300,473148,432808,143,48,48,47,112,2841,143.289,2819,4483,3000,0
2026-07-23T17:16:04Z,34636,1470584,498136,499300,473148,375464,143,48,48,47,112,2843,143.388,2751,4859,3000,0
2026-07-23T17:16:36Z,34668,1470584,498136,499300,473148,375464,143,48,48,47,112,2845,143.481,2979,4439,3000,0
2026-07-23T17:17:07Z,34699,1470584,498136,499300,473148,359080,143,48,48,47,112,2848,143.620,2935,4583,3000,0
2026-07-23T17:17:38Z,34730,1470584,498136,499300,473148,367272,143,48,48,47,112,2849,143.668,3067,4607,3000,0
2026-07-23T17:18:10Z,34762,1470584,498136,499300,473148,369320,143,48,48,47,112,2851,143.767,2929,4643,3000,0
2026-07-23T17:18:41Z,34793,1470584,498136,499300,473148,363176,143,48,48,47,112,2853,143.866,2925,5055,3000,0
2026-07-23T17:19:12Z,34824,1470584,498136,499300,473148,348840,143,48,48,47,112,2855,143.958,2701,4139,3000,0
2026-07-23T17:19:44Z,34856,1470584,498136,499300,473148,354984,143,48,48,47,112,2857,144.055,2779,4495,3000,0
2026-07-23T17:20:15Z,34887,1470584,498136,499300,473148,369320,143,48,48,47,112,2859,144.162,2869,4443,3000,0
2026-07-23T17:20:47Z,34919,1470584,498136,499300,473148,361128,143,48,48,47,112,2862,144.305,3145,4639,3000,0
2026-07-23T17:21:18Z,34950,1470584,498136,499300,473148,371368,143,48,48,47,112,2864,144.402,2875,4695,3000,0
2026-07-23T17:21:49Z,34981,1470584,498136,499300,473148,369320,143,48,48,47,112,2866,144.500,2965,4811,3000,0
2026-07-23T17:22:21Z,35013,1470588,498136,499300,473152,418477,143,48,48,47,112,2868,144.594,3055,4603,3000,0
2026-07-23T17:22:52Z,35044,1470588,498136,499300,473152,350893,143,48,48,47,112,2869,144.642,3273,4699,3000,0
2026-07-23T17:23:23Z,35075,1470588,498136,499300,473152,369325,143,48,48,47,112,2871,144.746,3469,5283,3000,0
2026-07-23T17:23:55Z,35107,1470588,498136,499300,473152,369325,143,48,48,47,112,2873,144.855,3281,5207,3000,0
2026-07-23T17:24:26Z,35138,1470588,498136,499300,473152,354989,143,48,48,47,112,2875,144.945,3213,4747,3000,0
2026-07-23T17:24:58Z,35170,1470588,498136,499300,473152,365230,143,48,48,47,112,2877,145.041,3027,4619,3000,0
2026-07-23T17:25:29Z,35201,1470588,498136,499300,473152,369326,143,48,48,47,112,2879,145.146,3197,4979,3000,0
2026-07-23T17:26:00Z,35232,1470588,498136,499300,473152,365230,143,48,48,47,112,2882,145.284,3155,4675,3000,0
2026-07-23T17:26:32Z,35264,1470588,498136,499300,473152,371374,143,48,48,47,112,2884,145.376,2989,4467,3000,0
2026-07-23T17:27:03Z,35295,1470588,498136,499300,473152,359086,143,48,48,47,112,2886,145.474,2993,4495,3000,0
2026-07-23T17:27:34Z,35326,1470588,498136,499300,473152,352942,143,48,48,47,112,2888,145.567,2855,4531,3000,0
2026-07-23T17:28:06Z,35358,1470588,498136,499300,473152,352942,143,48,48,47,112,2890,145.663,2743,4155,3000,0
2026-07-23T17:28:37Z,35389,1470588,498136,499300,473152,361134,143,48,48,47,112,2891,145.713,2879,4511,3000,0
2026-07-23T17:29:08Z,35420,1470588,498136,499300,473152,436910,143,48,48,47,112,2894,145.860,2773,4407,3000,0
2026-07-23T17:29:40Z,35452,1470588,498136,499300,473152,359086,143,48,48,47,112,2896,145.952,2905,4371,3000,0
2026-07-23T17:30:11Z,35483,1470588,498136,499300,473152,359086,143,48,48,47,112,2898,146.053,3089,5203,3000,0
2026-07-23T17:30:42Z,35514,1470588,498136,499300,473152,367278,143,48,48,47,112,2900,146.156,2943,4823,3000,0
2026-07-23T17:31:14Z,35546,1470588,498136,499300,473152,350894,143,48,48,47,112,2902,146.247,3065,4947,3000,0
2026-07-23T17:31:45Z,35577,1470588,498136,499300,473152,361134,143,48,48,47,112,2904,146.345,3017,4379,3000,0
2026-07-23T17:32:17Z,35609,1470588,498136,499300,473152,363182,143,48,48,47,112,2906,146.459,3015,4783,3000,0
2026-07-23T17:32:48Z,35640,1470588,498136,499300,473152,361134,143,48,48,47,112,2908,146.545,2771,4875,3000,0
2026-07-23T17:33:19Z,35671,1470588,498136,499300,473152,365230,143,48,48,47,112,2911,146.685,2685,4643,3000,0
2026-07-23T17:33:51Z,35703,1470588,498136,499300,473152,367278,143,48,48,47,112,2912,146.734,2783,4503,3000,0
2026-07-23T17:34:22Z,35734,1470588,498136,499300,473152,363182,143,48,48,47,112,2914,146.828,2809,4379,3000,0
2026-07-23T17:34:53Z,35765,1470588,498136,499300,473152,346798,143,48,48,47,112,2916,146.916,2633,4255,3000,0
2026-07-23T17:35:25Z,35797,1470588,498136,499300,473152,357038,143,48,48,47,112,2918,147.010,2829,4219,3000,0
2026-07-23T17:35:56Z,35828,1470588,498136,499300,473152,367278,143,48,48,47,112,2920,147.107,2815,4271,3000,0
2026-07-23T17:36:27Z,35859,1470588,498136,499300,473152,414382,143,48,48,47,112,2922,147.199,2647,4243,3000,0
2026-07-23T17:36:59Z,35891,1470588,498136,499300,473152,373422,143,48,48,47,112,2924,147.296,2615,4119,3000,0
2026-07-23T17:37:30Z,35922,1470588,498136,499300,473152,369326,143,48,48,47,112,2926,147.395,2735,4359,3000,0
2026-07-23T17:38:01Z,35953,1470588,498136,499300,473152,424622,143,48,48,47,112,2929,147.537,2827,4475,3000,0
2026-07-23T17:38:33Z,35985,1470588,498136,499300,473152,350894,143,48,48,47,112,2931,147.627,2929,4383,3000,0
2026-07-23T17:39:04Z,36016,1470588,498136,499300,473152,365230,143,48,48,47,112,2932,147.675,2775,4319,3000,0
2026-07-23T17:39:35Z,36047,1470588,498136,499300,473152,357038,143,48,48,47,112,2934,147.772,2771,4499,3000,0
2026-07-23T17:40:07Z,36079,1470588,498136,499300,473152,338606,143,48,48,47,112,2936,147.869,2785,4351,3000,0
2026-07-23T17:40:38Z,36110,1470588,498136,499300,473152,365230,143,48,48,47,112,2938,147.965,2715,4243,3000,0
2026-07-23T17:41:10Z,36142,1470588,498136,499300,473152,357038,143,48,48,47,112,2940,148.065,3113,4791,3000,0
2026-07-23T17:41:41Z,36173,1470588,498136,499300,473152,424622,143,48,48,47,112,2943,148.207,2795,4407,3000,0
2026-07-23T17:42:12Z,36204,1470588,498136,499300,473152,359086,143,48,48,47,112,2945,148.305,3357,4859,3000,0
2026-07-23T17:42:44Z,36236,1470588,498136,499300,473152,373422,143,48,48,47,112,2947,148.397,2771,4235,3000,0
2026-07-23T17:43:15Z,36267,1470588,498136,499300,473152,420526,143,48,48,47,112,2949,148.492,2707,4235,3000,0
2026-07-23T17:43:46Z,36298,1470588,498136,499300,473152,359086,143,48,48,47,112,2951,148.589,2613,4053,3000,0
2026-07-23T17:44:18Z,36330,1470588,498136,499300,473152,367278,143,48,48,47,112,2952,148.639,2707,4107,3000,0
2026-07-23T17:44:49Z,36361,1470588,498136,499300,473152,365230,143,48,48,47,112,2954,148.732,2837,4199,3000,0
2026-07-23T17:45:20Z,36392,1470588,498136,499300,473152,354990,143,48,48,47,112,2956,148.818,2875,4687,3000,0
2026-07-23T17:45:52Z,36424,1470588,498136,499300,473152,361134,143,48,48,47,112,2958,148.922,3069,4675,3000,0
2026-07-23T17:46:23Z,36455,1470588,498136,499300,473152,369326,143,48,48,47,112,2960,149.025,3047,4847,3000,0
2026-07-23T17:46:54Z,36486,1470588,498136,499300,473152,344750,143,48,48,47,112,2963,149.161,2677,4635,3000,0
2026-07-23T17:47:26Z,36518,1470588,498136,499300,473152,354990,143,48,48,47,112,2965,149.255,2621,4239,3000,0
2026-07-23T17:47:57Z,36549,1470588,498136,499300,473152,367278,143,48,48,47,112,2967,149.350,2691,4383,3000,0
2026-07-23T17:48:28Z,36580,1470588,498136,499300,473152,357038,143,48,48,47,112,2969,149.444,2899,4767,3000,0
2026-07-23T17:49:00Z,36612,1470588,498136,499300,473152,348846,143,48,48,47,112,2971,149.539,2959,4879,3000,0
2026-07-23T17:49:31Z,36643,1470588,498136,499300,473152,363182,143,48,48,47,112,2972,149.591,2891,4799,3000,0
2026-07-23T17:50:02Z,36674,1470588,498136,499300,473152,430766,143,48,48,47,112,2975,149.743,2841,4727,3000,0
2026-07-23T17:50:34Z,36706,1470588,498136,499300,473152,344750,143,48,48,47,112,2977,149.837,2685,4415,3000,0
2026-07-23T17:51:05Z,36737,1470588,498136,499300,473152,373422,143,48,48,47,112,2979,149.934,2747,4519,3000,0
2026-07-23T17:51:37Z,36769,1470588,498136,499300,473152,367278,143,48,48,47,112,2981,150.032,2829,4527,3000,0
2026-07-23T17:52:08Z,36800,1470588,498136,499300,473152,361134,143,48,48,47,112,2983,150.120,2965,4527,3000,0
2026-07-23T17:52:39Z,36831,1470588,498136,499300,473152,369326,143,48,48,47,112,2985,150.215,2889,4535,3000,0
2026-07-23T17:53:11Z,36863,1470588,498136,499300,473152,365230,143,48,48,47,112,2987,150.317,2823,4279,3000,0
2026-07-23T17:53:42Z,36894,1470588,498136,499300,473152,348846,143,48,48,47,112,2989,150.411,2923,4503,3000,0
2026-07-23T17:54:13Z,36925,1470588,498136,499300,473152,348846,143,48,48,47,112,2991,150.509,2735,4251,3000,0
2026-07-23T17:54:45Z,36957,1470588,498136,499300,473152,359086,143,48,48,47,112,2993,150.612,2777,4355,3000,0
2026-07-23T17:55:16Z,36988,1470588,498136,499300,473152,377518,143,48,48,47,112,2995,150.711,2815,4999,3000,0
2026-07-23T17:55:47Z,37019,1470588,498136,499300,473152,359086,143,48,48,47,112,2997,150.799,2795,4279,3000,0
2026-07-23T17:56:19Z,37051,1470588,498136,499300,473152,365231,143,48,48,47,112,2999,150.896,2979,4467,3000,0
2026-07-23T17:56:50Z,37082,1470588,498136,499300,473152,369327,143,48,48,47,112,3001,150.990,2703,4199,3000,0
2026-07-23T17:57:21Z,37113,1470592,498136,499300,473156,422575,143,48,48,47,112,3003,151.081,2653,4351,3000,0
2026-07-23T17:57:53Z,37145,1470592,498136,499300,473156,365231,143,48,48,47,112,3005,151.169,2689,4659,3000,0
2026-07-23T17:58:24Z,37176,1470592,498136,499300,473156,361135,143,48,48,47,112,3007,151.260,2663,4251,3000,0
2026-07-23T17:58:55Z,37207,1470592,498136,499300,473156,352943,143,48,48,47,112,3010,151.385,2621,4147,3000,0
2026-07-23T17:59:27Z,37239,1470592,498136,499300,473156,352943,143,48,48,47,112,3012,151.472,2619,4071,3000,0
2026-07-23T17:59:58Z,37270,1470592,498136,499300,473156,350895,143,48,48,47,112,3013,151.515,2651,4123,3000,0
2026-07-23T18:00:29Z,37301,1470592,498136,499300,473156,428719,143,48,48,47,112,3016,151.654,2655,4843,3000,0
2026-07-23T18:01:01Z,37333,1470592,498136,499300,473156,428719,143,48,48,47,112,3017,151.694,2593,4107,3000,0
2026-07-23T18:01:32Z,37364,1470592,498136,499300,473156,357039,143,48,48,47,112,3019,151.793,2635,4203,3000,0
2026-07-23T18:02:03Z,37395,1470592,498136,499300,473156,363183,143,48,48,47,112,3021,151.894,2699,4159,3000,0
2026-07-23T18:02:35Z,37427,1470592,498136,499300,473156,357039,143,48,48,47,112,3024,152.030,2681,4179,3000,0
2026-07-23T18:03:06Z,37458,1470592,498136,499300,473156,367279,143,48,48,47,112,3026,152.128,2779,4123,3000,0
2026-07-23T18:03:37Z,37489,1470592,498136,499300,473156,371375,143,48,48,47,112,3028,152.234,2961,4499,3000,0
2026-07-23T18:04:09Z,37521,1470592,498136,499300,473156,428719,143,48,48,47,112,3030,152.322,2929,4503,3000,0
2026-07-23T18:04:40Z,37552,1470592,498136,499300,473156,363183,143,48,48,47,112,3032,152.418,2751,4175,3000,0
2026-07-23T18:05:11Z,37583,1470592,498136,499300,473156,367279,143,48,48,47,112,3033,152.468,2941,4487,3000,0
2026-07-23T18:05:43Z,37615,1470592,498136,499300,473156,363183,143,48,48,47,112,3036,152.616,2987,4583,3000,0
2026-07-23T18:06:14Z,37646,1470592,498136,499300,473156,365231,143,48,48,47,112,3037,152.660,2623,4171,3000,0
2026-07-23T18:06:45Z,37677,1470592,498136,499300,473156,352943,143,48,48,47,112,3039,152.752,2787,4307,3000,0
2026-07-23T18:07:17Z,37709,1470644,498136,499352,473156,365231,143,48,48,47,112,3041,152.851,2871,4555,3000,0
2026-07-23T18:07:48Z,37740,1470644,498136,499352,473156,434863,143,48,48,47,112,3044,152.990,2691,4219,3000,0
2026-07-23T18:08:19Z,37771,1470644,498136,499352,473156,357039,143,48,48,47,112,3046,153.088,2807,4271,3000,0
2026-07-23T18:08:51Z,37803,1470644,498136,499352,473156,363183,143,48,48,47,112,3048,153.185,2825,4515,3000,0
2026-07-23T18:09:22Z,37834,1470724,498136,499352,473236,361135,143,48,48,47,112,3050,153.274,2941,4587,3000,0
2026-07-23T18:09:53Z,37865,1470724,498136,499352,473236,367279,143,48,48,47,112,3052,153.362,2601,4191,3000,0
2026-07-23T18:10:25Z,37897,1470724,498136,499352,473236,373423,143,48,48,47,112,3053,153.408,3043,4475,3000,0
2026-07-23T18:10:56Z,37928,1470728,498136,499352,473240,426671,143,48,48,47,112,3056,153.559,2845,4411,3000,0
2026-07-23T18:11:28Z,37960,1470728,498136,499352,473240,350895,143,48,48,47,112,3058,153.653,2909,4639,3000,0
2026-07-23T18:11:59Z,37991,1470728,498136,499352,473240,363183,143,48,48,47,112,3060,153.751,2907,4587,3000,0
2026-07-23T18:12:30Z,38022,1470728,498136,499352,473240,367279,143,48,48,47,112,3062,153.851,3129,4771,3000,0
2026-07-23T18:13:02Z,38054,1470728,498136,499352,473240,352943,143,48,48,47,112,3064,153.942,3065,4887,3000,0
2026-07-23T18:13:33Z,38085,1470728,498136,499352,473240,363183,143,48,48,47,112,3066,154.035,2621,4031,3000,0
2026-07-23T18:14:04Z,38116,1470728,498136,499352,473240,369327,143,48,48,47,112,3068,154.132,2757,4471,3000,0
2026-07-23T18:14:36Z,38148,1470728,498136,499352,473240,510639,143,48,48,47,112,3070,154.230,2689,4615,3000,0
2026-07-23T18:15:07Z,38179,1470728,498136,499352,473240,357039,143,48,48,47,112,3073,154.377,2581,4095,3000,0
2026-07-23T18:15:38Z,38210,1470728,498136,499352,473240,363183,143,48,48,47,112,3074,154.423,2623,4715,3000,0
2026-07-23T18:16:10Z,38242,1470728,498136,499352,473240,432815,143,48,48,47,112,3077,154.578,2899,4367,3000,0
2026-07-23T18:16:41Z,38273,1470728,498136,499352,473240,420527,143,48,48,47,112,3078,154.622,2725,4239,3000,0
2026-07-23T18:17:12Z,38304,1470728,498136,499352,473240,352943,143,48,48,47,112,3080,154.715,2639,4763,3000,0
2026-07-23T18:17:44Z,38336,1470728,498136,499352,473240,357039,143,48,48,47,112,3082,154.815,3083,4635,3000,0
2026-07-23T18:18:15Z,38367,1470728,498136,499352,473240,565935,143,48,48,47,112,3084,154.941,2981,4919,3000,0
2026-07-23T18:18:46Z,38398,1470736,498136,499352,473248,363183,143,48,48,47,112,3086,155.045,3013,4771,3000,0
2026-07-23T18:19:18Z,38430,1470736,498136,499352,473248,350895,143,48,48,47,112,3088,155.147,3089,4451,3000,0
2026-07-23T18:19:49Z,38461,1470736,498136,499352,473248,492207,143,48,48,47,112,3091,155.287,2897,4439,3000,0
2026-07-23T18:20:20Z,38492,1470736,498136,499352,473248,363183,143,48,48,47,112,3093,155.391,2989,4483,3000,0
2026-07-23T18:20:52Z,38524,1470736,498136,499352,473248,369327,143,48,48,47,112,3094,155.444,3127,4699,3000,0
2026-07-23T18:21:23Z,38555,1470736,498136,499352,473248,432815,143,48,48,47,112,3097,155.598,3179,4871,3000,0
2026-07-23T18:21:55Z,38587,1470736,498136,499352,473248,422575,143,48,48,47,112,3098,155.642,2929,4275,3000,0
2026-07-23T18:22:26Z,38618,1470736,498136,499352,473248,369327,143,48,48,47,112,3100,155.743,2961,4691,3000,0
2026-07-23T18:22:57Z,38649,1470736,498136,499352,473248,367279,143,48,48,47,112,3102,155.846,3197,4875,3000,0
2026-07-23T18:23:29Z,38681,1470736,498136,499352,473248,504495,143,48,48,47,112,3104,155.957,2917,4747,3000,0
2026-07-23T18:24:00Z,38712,1470736,498136,499352,473248,363183,143,48,48,47,112,3106,156.060,2877,4503,3000,0
2026-07-23T18:24:31Z,38743,1470736,498136,499352,473248,375471,143,48,48,47,112,3108,156.162,2963,4631,3000,0
2026-07-23T18:25:03Z,38775,1470736,498136,499352,473248,420527,143,48,48,47,112,3111,156.300,2961,4567,3000,0
2026-07-23T18:25:34Z,38806,1470736,498136,499352,473248,357039,143,48,48,47,112,3113,156.402,2625,4143,3000,0
2026-07-23T18:26:05Z,38837,1470736,498136,499352,473248,363183,143,48,48,47,112,3114,156.451,2619,4037,3000,0
2026-07-23T18:26:37Z,38869,1470736,498136,499352,473248,424623,143,48,48,47,112,3116,156.558,2645,4355,3000,0
2026-07-23T18:27:08Z,38900,1470736,498136,499352,473248,426671,143,48,48,47,112,3118,156.645,2575,3957,3000,0
2026-07-23T18:27:39Z,38931,1470736,498136,499352,473248,350895,143,48,48,47,112,3120,156.750,2947,4483,3000,0
2026-07-23T18:28:11Z,38963,1470736,498136,499352,473248,361135,143,48,48,47,112,3122,156.849,2911,4799,3000,0
2026-07-23T18:28:42Z,38994,1470736,498136,499352,473248,363183,143,48,48,47,112,3125,156.985,2719,4255,3000,0
2026-07-23T18:29:14Z,39026,1470736,498136,499352,473248,348847,143,48,48,47,112,3127,157.081,2727,4415,3000,0
2026-07-23T18:29:45Z,39057,1470736,498136,499352,473248,361135,143,48,48,47,112,3129,157.183,2961,4387,3000,0
2026-07-23T18:30:16Z,39088,1470736,498136,499352,473248,422575,143,48,48,47,112,3131,157.272,2927,4387,3000,0
2026-07-23T18:30:48Z,39120,1470736,498136,499352,473248,363183,143,48,48,47,112,3133,157.369,2783,4359,3000,0
2026-07-23T18:31:19Z,39151,1470736,498136,499352,473248,357039,143,48,48,47,112,3134,157.417,2777,4207,3000,0
2026-07-23T18:31:50Z,39182,1470736,498136,499352,473248,430767,143,48,48,47,112,3136,157.514,2813,4295,3000,0
2026-07-23T18:32:22Z,39214,1470736,498136,499352,473248,408239,143,48,48,47,112,3138,157.607,2817,4207,3000,0
2026-07-23T18:32:53Z,39245,1470736,498136,499352,473248,354991,143,48,48,47,112,3140,157.698,2803,4327,3000,0
2026-07-23T18:33:24Z,39276,1470736,498136,499352,473248,371375,143,48,48,47,112,3142,157.797,2957,4687,3000,0
2026-07-23T18:33:56Z,39308,1470736,498136,499352,473248,354991,143,48,48,47,112,3145,157.940,2695,4379,3000,0
2026-07-23T18:34:27Z,39339,1470736,498136,499352,473248,352943,143,48,48,47,112,3147,158.033,2839,4475,3000,0
2026-07-23T18:34:59Z,39371,1470736,498136,499352,473248,367279,143,48,48,47,112,3149,158.131,2815,4591,3000,0
2026-07-23T18:35:30Z,39402,1470736,498136,499352,473248,428719,143,48,48,47,112,3151,158.220,2841,4503,3000,0
2026-07-23T18:36:01Z,39433,1470736,498136,499352,473248,357039,143,48,48,47,112,3153,158.311,2699,5067,3000,0
2026-07-23T18:36:33Z,39465,1470736,498136,499352,473248,361135,143,48,48,47,112,3154,158.362,2657,4163,3000,0
2026-07-23T18:37:04Z,39496,1470736,498136,499352,473248,422575,143,48,48,47,112,3158,158.550,2631,4375,3000,0
2026-07-23T18:37:35Z,39527,1470736,498136,499352,473248,348847,143,48,48,47,112,3159,158.596,2671,4151,3000,0
2026-07-23T18:38:07Z,39559,1470736,498136,499352,473248,367279,143,48,48,47,112,3161,158.703,2839,4287,3000,0
2026-07-23T18:38:38Z,39590,1470736,498136,499352,473248,361135,143,48,48,47,112,3163,158.804,2903,4247,3000,0
2026-07-23T18:39:09Z,39621,1470740,498136,499352,473252,479919,143,48,48,47,112,3165,158.901,2985,5143,3000,0
2026-07-23T18:39:41Z,39653,1470740,498136,499352,473252,367279,143,48,48,47,112,3167,159.002,3197,4899,3000,0
2026-07-23T18:40:12Z,39684,1470740,498136,499352,473252,361135,143,48,48,47,112,3169,159.104,3355,5007,3000,0
2026-07-23T18:40:44Z,39716,1470740,498136,499352,473252,436911,143,48,48,47,112,3171,159.203,3371,5227,3000,0
2026-07-23T18:41:15Z,39747,1470740,498136,499352,473252,369327,143,48,48,47,112,3173,159.300,3087,4823,3000,0
2026-07-23T18:41:46Z,39778,1470740,498136,499352,473252,365231,143,48,48,47,112,3175,159.391,2997,4719,3000,0
2026-07-23T18:42:18Z,39810,1470740,498136,499352,473252,416431,143,48,48,47,112,3178,159.543,3171,4847,3000,0
2026-07-23T18:42:49Z,39841,1470740,498136,499352,473252,416431,143,48,48,47,112,3179,159.591,2865,4503,3000,0
2026-07-23T18:43:20Z,39872,1470740,498136,499352,473252,361135,143,48,48,47,112,3181,159.689,2945,4711,3000,0
2026-07-23T18:43:52Z,39904,1470740,498136,499352,473252,375471,143,48,48,47,112,3183,159.790,3281,5195,3000,0
2026-07-23T18:44:23Z,39935,1470740,498136,499352,473252,420527,143,48,48,47,112,3185,159.896,2971,4783,3000,0
2026-07-23T18:44:55Z,39967,1470740,498136,499352,473252,361135,143,48,48,47,112,3187,159.993,2883,4319,3000,0
2026-07-23T18:45:26Z,39998,1470740,498136,499352,473252,371375,143,48,48,47,112,3189,160.092,2923,4571,3000,0
2026-07-23T18:45:57Z,40029,1470744,498140,499352,473252,428720,143,48,48,47,112,3192,160.224,3051,4815,3000,0
2026-07-23T18:46:29Z,40061,1470744,498140,499352,473252,365232,143,48,48,47,112,3194,160.322,2653,4243,3000,0
2026-07-23T18:47:00Z,40092,1470744,498140,499352,473252,365232,143,48,48,47,112,3195,160.372,2899,4471,3000,0
2026-07-23T18:47:31Z,40123,1470744,498140,499352,473252,348848,143,48,48,47,112,3198,160.518,3073,4859,3000,0
2026-07-23T18:48:03Z,40155,1470744,498140,499352,473252,344752,143,48,48,47,112,3199,160.560,2661,4327,3000,0
2026-07-23T18:48:34Z,40186,1470744,498140,499352,473252,363184,143,48,48,47,112,3201,160.652,2593,4111,3000,0
2026-07-23T18:49:05Z,40217,1470744,498140,499352,473252,371376,143,48,48,47,112,3203,160.753,2689,4459,3000,0
2026-07-23T18:49:37Z,40249,1470752,498148,499352,473252,420528,143,48,48,47,112,3206,160.900,2923,5179,3000,0
2026-07-23T18:50:08Z,40280,1470752,498148,499352,473252,357040,143,48,48,47,112,3208,160.998,2747,4267,3000,0
2026-07-23T18:50:40Z,40312,1470752,498148,499352,473252,369328,143,48,48,47,112,3210,161.099,3071,4351,3000,0
2026-07-23T18:51:11Z,40343,1470752,498148,499352,473252,416432,143,48,48,47,112,3212,161.187,2877,4367,3000,0
2026-07-23T18:51:42Z,40374,1470752,498148,499352,473252,361136,143,48,48,47,112,3214,161.280,2827,4351,3000,0
2026-07-23T18:52:14Z,40406,1470752,498148,499352,473252,363184,143,48,48,47,112,3215,161.323,2795,4291,3000,0
2026-07-23T18:52:45Z,40437,1470752,498148,499352,473252,367280,143,48,48,47,112,3217,161.424,2895,4359,3000,0
2026-07-23T18:53:16Z,40468,1470752,498148,499352,473252,357040,143,48,48,47,112,3219,161.513,2571,4051,3000,0
2026-07-23T18:53:48Z,40500,1470752,498148,499352,473252,361136,143,48,48,47,112,3221,161.610,2607,4111,3000,0
2026-07-23T18:54:19Z,40531,1470752,498148,499352,473252,363184,143,48,48,47,112,3223,161.706,2649,4191,3000,0
2026-07-23T18:54:50Z,40562,1470752,498148,499352,473252,357040,143,48,48,47,112,3226,161.840,2707,4299,3000,0
2026-07-23T18:55:22Z,40594,1470752,498148,499352,473252,357040,143,48,48,47,112,3228,161.934,2807,4199,3000,0
2026-07-23T18:55:53Z,40625,1470752,498148,499352,473252,363184,143,48,48,47,112,3230,162.031,2791,4331,3000,0
2026-07-23T18:56:24Z,40656,1470752,498148,499352,473252,365232,143,48,48,47,112,3232,162.122,2701,4247,3000,0
2026-07-23T18:56:56Z,40688,1470752,498148,499352,473252,354992,143,48,48,47,112,3234,162.211,2617,3981,3000,0
2026-07-23T18:57:27Z,40719,1470752,498148,499352,473252,359088,143,48,48,47,112,3235,162.257,2673,4183,3000,0
2026-07-23T18:57:58Z,40750,1470752,498148,499352,473252,488112,143,48,48,47,112,3239,162.465,2885,4579,3000,0
2026-07-23T18:58:30Z,40782,1470752,498148,499352,473252,422576,143,48,48,47,112,3240,162.515,2577,3879,3000,0
2026-07-23T18:59:01Z,40813,1470752,498148,499352,473252,340656,143,48,48,47,112,3242,162.613,2649,4639,3000,0
2026-07-23T18:59:32Z,40844,1470752,498148,499352,473252,369328,143,48,48,47,112,3244,162.715,2707,4823,3000,0
2026-07-23T19:00:04Z,40876,1470752,498148,499352,473252,426672,143,48,48,47,112,3246,162.803,2843,4647,3000,0
2026-07-23T19:00:35Z,40907,1470752,498148,499352,473252,348848,143,48,48,47,112,3248,162.899,2877,4427,3000,0
2026-07-23T19:01:06Z,40938,1470752,498148,499352,473252,346800,143,48,48,47,112,3250,163.003,3001,4563,3000,0
2026-07-23T19:01:38Z,40970,1470752,498148,499352,473252,492208,143,48,48,47,112,3252,163.098,2757,4319,3000,0
2026-07-23T19:02:09Z,41001,1470752,498148,499352,473252,352944,143,48,48,47,112,3254,163.191,2667,4131,3000,0
2026-07-23T19:02:41Z,41033,1470752,498148,499352,473252,357040,143,48,48,47,112,3255,163.236,2731,4283,3000,0
2026-07-23T19:03:12Z,41064,1470752,498148,499352,473252,561840,143,48,48,47,112,3259,163.463,3035,4779,3000,0
2026-07-23T19:03:43Z,41095,1470752,498148,499352,473252,486064,143,48,48,47,112,3260,163.509,2699,4771,3000,0
2026-07-23T19:04:15Z,41127,1470752,498148,499352,473252,357040,143,48,48,47,112,3262,163.600,2659,4279,3000,0
2026-07-23T19:04:46Z,41158,1470752,498148,499352,473252,371376,143,48,48,47,112,3264,163.707,2895,4567,3000,0
2026-07-23T19:05:17Z,41189,1470752,498148,499352,473252,426672,143,48,48,47,112,3266,163.797,3073,4675,3000,0
2026-07-23T19:05:49Z,41221,1470752,498148,499352,473252,352944,143,48,48,47,112,3268,163.889,2655,4175,3000,0
2026-07-23T19:06:20Z,41252,1470752,498148,499352,473252,365232,143,48,48,47,112,3270,163.984,2777,4175,3000,0
2026-07-23T19:06:51Z,41283,1470752,498148,499352,473252,354992,143,48,48,47,112,3272,164.076,3013,4463,3000,0
2026-07-23T19:07:23Z,41315,1470752,498148,499352,473252,367280,143,48,48,47,112,3275,164.213,2843,4571,3000,0
2026-07-23T19:07:54Z,41346,1470752,498148,499352,473252,363184,143,48,48,47,112,3276,164.261,2881,4299,3000,0
2026-07-23T19:08:25Z,41377,1470752,498148,499352,473252,428720,143,48,48,47,112,3279,164.406,2857,4639,3000,0
2026-07-23T19:08:57Z,41409,1470752,498148,499352,473252,426672,143,48,48,47,112,3280,164.449,2871,4499,3000,0
2026-07-23T19:09:28Z,41440,1470752,498148,499352,473252,369328,143,48,48,47,112,3282,164.543,2801,4423,3000,0
2026-07-23T19:10:00Z,41472,1470752,498148,499352,473252,357040,143,48,48,47,112,3284,164.642,2843,4723,3000,0
2026-07-23T19:10:31Z,41503,1470752,498148,499352,473252,492208,143,48,48,47,112,3286,164.760,2811,4587,3000,0
2026-07-23T19:11:02Z,41534,1470752,498148,499352,473252,346800,143,48,48,47,112,3288,164.853,2743,4159,3000,0
2026-07-23T19:11:34Z,41566,1470752,498148,499352,473252,363184,143,48,48,47,112,3290,164.947,2849,4491,3000,0
2026-07-23T19:12:05Z,41597,1470752,498148,499352,473252,393904,143,48,48,47,112,3293,165.090,3227,4775,3000,0
2026-07-23T19:12:36Z,41628,1470752,498148,499352,473252,363184,143,48,48,47,112,3295,165.182,2833,4315,3000,0
2026-07-23T19:13:08Z,41660,1470752,498148,499352,473252,357040,143,48,48,47,112,3296,165.230,3039,4631,3000,0
2026-07-23T19:13:39Z,41691,1470768,498148,499352,473268,355008,143,48,48,47,112,3299,165.374,2747,4831,3000,0
2026-07-23T19:14:10Z,41722,1470768,498148,499352,473268,355008,143,48,48,47,112,3300,165.415,2837,4683,3000,0
2026-07-23T19:14:42Z,41754,1470768,498148,499352,473268,355008,143,48,48,47,112,3302,165.532,3113,4707,3000,0
2026-07-23T19:15:13Z,41785,1470768,498148,499352,473268,371392,143,48,48,47,112,3304,165.629,3271,4891,3000,0
2026-07-23T19:15:45Z,41817,1470768,498148,499352,473268,359104,143,48,48,47,112,3307,165.771,3087,5147,3000,0
2026-07-23T19:16:16Z,41848,1470776,498148,499352,473276,357056,143,48,48,47,112,3309,165.872,3067,4575,3000,0
2026-07-23T19:16:47Z,41879,1470776,498148,499352,473276,365248,143,48,48,47,112,3311,165.976,3095,4771,3000,0
2026-07-23T19:17:19Z,41911,1470776,498148,499352,473276,490176,143,48,48,47,112,3313,166.069,2813,4283,3000,0
2026-07-23T19:17:50Z,41942,1470776,498148,499352,473276,363200,143,48,48,47,112,3315,166.163,2699,4155,3000,0
2026-07-23T19:18:21Z,41973,1470776,498148,499352,473276,357056,143,48,48,47,112,3316,166.214,2743,4219,3000,0
2026-07-23T19:18:53Z,42005,1470776,498148,499352,473276,365248,143,48,48,47,112,3319,166.359,2763,4367,3000,0
2026-07-23T19:19:24Z,42036,1470776,498148,499352,473276,357056,143,48,48,47,112,3320,166.401,2677,4311,3000,0
2026-07-23T19:19:56Z,42068,1470776,498148,499352,473276,344768,143,48,48,47,112,3322,166.499,2769,4587,3000,0
2026-07-23T19:20:27Z,42099,1470776,498148,499352,473276,357056,143,48,48,47,112,3324,166.595,2727,4271,3000,0
2026-07-23T19:20:58Z,42130,1470776,498148,499352,473276,363200,143,48,48,47,112,3327,166.722,2891,4435,3000,0
2026-07-23T19:21:29Z,42161,1470820,498148,499352,473320,369344,143,48,48,47,112,3329,166.816,2711,4323,3000,0
2026-07-23T19:22:01Z,42193,1470820,498148,499352,473320,373440,143,48,48,47,112,3331,166.912,2701,4435,3000,0
2026-07-23T19:22:32Z,42224,1470820,498148,499352,473320,357056,143,48,48,47,112,3333,167.001,2777,4451,3000,0
2026-07-23T19:23:03Z,42255,1470824,498148,499352,473324,350912,143,48,48,47,112,3335,167.090,2855,4455,3000,0
2026-07-23T19:23:35Z,42287,1470824,498148,499352,473324,355008,143,48,48,47,112,3336,167.139,3101,4687,3000,0
2026-07-23T19:24:06Z,42318,1470824,498148,499352,473324,398016,143,48,48,47,112,3340,167.346,3161,4587,3000,0
2026-07-23T19:24:38Z,42350,1470824,498148,499352,473324,355008,143,48,48,47,112,3341,167.400,3095,4987,3000,0
2026-07-23T19:25:09Z,42381,1470824,498148,499352,473324,373440,143,48,48,47,112,3343,167.500,3083,4675,3000,0
2026-07-23T19:25:40Z,42412,1470824,498148,499352,473324,375488,143,48,48,47,112,3345,167.593,2657,4159,3000,0
2026-07-23T19:26:12Z,42444,1470832,498148,499352,473332,346816,143,48,48,47,112,3347,167.679,2675,4387,3000,0
2026-07-23T19:26:43Z,42475,1470832,498148,499352,473332,355008,143,48,48,47,112,3349,167.772,2735,4451,3000,0
2026-07-23T19:27:14Z,42506,1470832,498148,499352,473332,365248,143,48,48,47,112,3351,167.871,2693,4215,3000,0
2026-07-23T19:27:46Z,42538,1470832,498148,499352,473332,426688,143,48,48,47,112,3354,168.011,2675,4199,3000,0
2026-07-23T19:28:17Z,42569,1470832,498148,499352,473332,365248,143,48,48,47,112,3356,168.108,2569,4089,3000,0
2026-07-23T19:28:48Z,42600,1470832,498148,499352,473332,369344,143,48,48,47,112,3357,168.156,2611,4223,3000,0
2026-07-23T19:29:20Z,42632,1470832,498148,499352,473332,432833,143,48,48,47,112,3360,168.300,2667,4207,3000,0
2026-07-23T19:29:51Z,42663,1470832,498148,499352,473332,428737,143,48,48,47,112,3361,168.347,2657,4583,3000,0
2026-07-23T19:30:22Z,42694,1470832,498148,499352,473332,357057,143,48,48,47,112,3363,168.443,2609,4047,3000,0
2026-07-23T19:30:54Z,42726,1470832,498148,499352,473332,359105,143,48,48,47,112,3365,168.539,2709,4183,3000,0
2026-07-23T19:31:25Z,42757,1470832,498148,499352,473332,490177,143,48,48,47,112,3367,168.638,2853,4227,3000,0
2026-07-23T19:31:56Z,42788,1470832,498148,499352,473332,363201,143,48,48,47,112,3369,168.732,2611,4089,3000,0
2026-07-23T19:32:28Z,42820,1470832,498148,499352,473332,371393,143,48,48,47,112,3371,168.838,2787,4307,3000,0
2026-07-23T19:32:59Z,42851,1470832,498148,499352,473332,348865,143,48,48,47,112,3374,168.969,2705,4567,3000,0
2026-07-23T19:33:30Z,42882,1470832,498148,499352,473332,365249,143,48,48,47,112,3376,169.072,2613,4703,3000,0
2026-07-23T19:34:02Z,42914,1470832,498148,499352,473332,357057,143,48,48,47,112,3377,169.120,2699,4167,3000,0
2026-07-23T19:34:33Z,42945,1470832,498148,499352,473332,518849,143,48,48,47,112,3380,169.274,2943,4927,3000,0
2026-07-23T19:35:04Z,42976,1470832,498148,499352,473332,512705,143,48,48,47,112,3381,169.319,2555,3919,3000,0
2026-07-23T19:35:36Z,43008,1470832,498148,499352,473332,357057,143,48,48,47,112,3383,169.414,2681,4095,3000,0
2026-07-23T19:36:07Z,43039,1470832,498148,499352,473332,363201,143,48,48,47,112,3385,169.512,2719,4259,3000,0
2026-07-23T19:36:38Z,43070,1470832,498148,499352,473332,357057,143,48,48,47,112,3388,169.654,2677,4235,3000,0
2026-07-23T19:37:10Z,43102,1470832,498148,499352,473332,350913,143,48,48,47,112,3390,169.752,2789,4207,3000,0
2026-07-23T19:37:41Z,43133,1470832,498148,499352,473332,361153,143,48,48,47,112,3392,169.846,2751,4219,3000,0
2026-07-23T19:38:13Z,43165,1470832,498148,499352,473332,422593,143,48,48,47,112,3394,169.940,3087,5043,3000,0
2026-07-23T19:38:44Z,43196,1470832,498148,499352,473332,365249,143,48,48,47,112,3396,170.042,2851,4495,3000,0
2026-07-23T19:39:15Z,43227,1470832,498148,499352,473332,369345,143,48,48,47,112,3397,170.085,3105,4767,3000,0
2026-07-23T19:39:47Z,43259,1470832,498148,499352,473332,432833,143,48,48,47,112,3399,170.175,2903,4875,3000,0
2026-07-23T19:40:18Z,43290,1470832,498148,499352,473332,420545,143,48,48,47,112,3401,170.268,2923,4551,3000,0
2026-07-23T19:40:49Z,43321,971504,498148,0,473356,249187,91,46,0,45,75,3404,170.408,2733,4439,3000,0
2026-07-23T19:41:21Z,43353,971512,498148,0,473364,271722,91,46,0,45,75,3405,170.454,2635,4115,3000,0
2026-07-23T19:41:52Z,43384,2426288,752576,1200168,473544,356831,142,48,47,47,113,3409,170.661,3037,9655,3000,0
2026-07-23T19:42:23Z,43415,2441608,752576,1215532,473500,367113,142,48,47,47,111,3410,170.709,3303,5119,3000,0
2026-07-23T19:42:55Z,43447,2442164,752576,1216088,473500,369173,142,48,47,47,111,3411,170.759,3371,5107,3000,0
2026-07-23T19:43:26Z,43478,2442172,752576,1216096,473500,465435,142,48,47,47,111,3412,170.814,3355,5171,3000,0
2026-07-23T19:43:58Z,43510,2445576,752576,1219500,473500,395815,142,48,47,47,111,3413,170.868,3319,4967,3000,0
2026-07-23T19:44:29Z,43541,2445576,752576,1219500,473500,393767,142,48,47,47,111,3414,170.960,3249,5459,3000,0
2026-07-23T19:45:00Z,43572,2446256,752576,1220180,473500,537129,142,48,47,47,111,3416,171.073,3493,5835,3000,0
2026-07-23T19:45:32Z,43604,2446380,752576,1220304,473500,444971,142,48,47,47,111,3417,171.130,3241,5131,3000,0
2026-07-23T19:46:03Z,43635,2446396,752576,1220320,473500,383538,142,48,47,47,111,3418,171.188,3523,5539,3000,0
2026-07-23T19:46:35Z,43667,2446904,752576,1220828,473500,391740,142,48,47,47,111,3419,171.244,3285,5367,3000,0
2026-07-23T19:47:06Z,43698,2446920,752592,1220828,473500,434749,142,48,47,47,111,3420,171.298,3577,5379,3000,0
2026-07-23T19:47:38Z,43730,2447480,752748,1221052,473680,389693,144,49,47,48,113,3421,171.359,3435,5159,3000,0
2026-07-23T19:48:09Z,43761,2447960,753224,1221056,473680,383553,144,49,47,48,113,3422,171.424,3329,5403,3000,0
2026-07-23T19:48:40Z,43792,2447960,753224,1221056,473680,455234,144,49,47,48,113,3423,171.491,3343,5043,3000,0
2026-07-23T19:49:12Z,43824,2448184,753444,1221060,473680,391746,144,49,47,48,113,3424,171.553,3401,5083,3000,0
2026-07-23T19:49:43Z,43855,2448184,753444,1221060,473680,393794,144,49,47,48,113,3426,171.675,3445,5235,3000,0
2026-07-23T19:50:15Z,43887,2448184,753444,1221060,473680,516674,144,49,47,48,113,3427,171.745,3199,5011,3000,0
2026-07-23T19:50:46Z,43918,2448184,753444,1221060,473680,455236,144,49,47,48,113,3428,171.804,3131,4783,3000,0
2026-07-23T19:51:17Z,43949,2448304,753508,1221116,473680,383556,144,49,47,48,114,3429,171.859,3083,4951,3000,0
2026-07-23T19:51:49Z,43981,2448304,753508,1221116,473680,397892,144,49,47,48,114,3430,171.914,3077,4903,3000,0
2026-07-23T19:52:20Z,44012,2448304,753508,1221116,473680,369220,144,49,47,48,114,3431,171.963,2503,4271,3000,0
2026-07-23T19:52:51Z,44043,2448304,753508,1221116,473680,383556,144,49,47,48,114,3432,172.016,2659,4023,3000,0
2026-07-23T19:53:23Z,44075,2448336,753508,1221148,473680,381508,144,49,47,48,114,3433,172.070,2787,4899,3000,0
2026-07-23T19:53:54Z,44106,2448348,753520,1221148,473680,379461,144,49,47,48,114,3435,172.186,2835,4239,3000,0
2026-07-23T19:54:25Z,44137,2448348,753520,1221148,473680,377413,144,49,47,48,114,3436,172.240,2557,4015,3000,0
2026-07-23T19:54:57Z,44169,2448348,753520,1221148,473680,387653,144,49,47,48,114,3437,172.291,2609,4259,3000,0
2026-07-23T19:55:28Z,44200,2448348,753520,1221148,473680,387653,144,49,47,48,114,3438,172.349,2771,4271,3000,0
2026-07-23T19:55:59Z,44231,2448348,753520,1221148,473680,373317,144,49,47,48,114,3439,172.404,2667,4079,3000,0
2026-07-23T19:56:31Z,44263,2448348,753520,1221148,473680,393797,144,49,47,48,114,3440,172.459,2573,4379,3000,0
2026-07-23T19:57:02Z,44294,2448348,753520,1221148,473680,399941,144,49,47,48,114,3441,172.514,2905,4523,3000,0
2026-07-23T19:57:34Z,44326,2448348,753520,1221148,473680,518661,144,49,47,48,114,3442,172.581,3137,4727,3000,0
2026-07-23T19:58:05Z,44357,2448348,753520,1221148,473680,377349,144,49,47,48,114,3443,172.635,3003,4567,3000,0
2026-07-23T19:58:36Z,44388,2448348,753520,1221148,473680,383493,144,49,47,48,114,3444,172.691,3003,4839,3000,0
2026-07-23T19:59:08Z,44420,2448348,753520,1221148,473680,436741,144,49,47,48,114,3446,172.797,3159,4827,3000,0
2026-07-23T19:59:39Z,44451,2448416,753520,1221216,473680,379399,144,49,47,48,114,3447,172.853,2867,4359,3000,0
2026-07-23T20:00:10Z,44482,2448416,753520,1221216,473680,385543,144,49,47,48,114,3448,172.914,2909,4539,3000,0
2026-07-23T20:00:42Z,44514,2448432,753520,1221232,473680,508428,144,49,47,48,114,3449,172.975,3125,4887,3000,0
2026-07-23T20:01:13Z,44545,2448432,753520,1221232,473680,504332,144,49,47,48,114,3450,173.031,2851,4547,3000,0
2026-07-23T20:01:45Z,44577,2448432,753520,1221232,473680,387597,144,49,47,48,114,3451,173.090,2917,4503,3000,0
2026-07-23T20:02:16Z,44608,2448472,753520,1221232,473720,383501,144,49,47,48,114,3452,173.149,2961,4799,3000,0
2026-07-23T20:02:47Z,44639,2448472,753520,1221232,473720,508429,144,49,47,48,114,3454,173.272,2821,4543,3000,0
2026-07-23T20:03:19Z,44671,2452456,753520,1225216,473720,381453,144,49,47,48,114,3455,173.330,2885,4663,3000,0
2026-07-23T20:03:50Z,44702,2452456,753520,1225216,473720,385551,144,49,47,48,114,3456,173.390,2949,4543,3000,0
2026-07-23T20:04:21Z,44733,2452456,753520,1225216,473720,590351,144,49,47,48,114,3457,173.463,3069,4639,3000,0
2026-07-23T20:04:53Z,44765,2455636,753520,1228396,473720,363023,144,49,47,48,114,3458,173.518,2855,4443,3000,0
2026-07-23T20:05:24Z,44796,2455636,753520,1228396,473720,367119,144,49,47,48,114,3459,173.570,2971,4939,3000,0
2026-07-23T20:05:56Z,44828,2455636,753520,1228396,473720,510480,144,49,47,48,114,3460,173.624,3109,4951,3000,0
2026-07-23T20:06:27Z,44859,2455636,753520,1228396,473720,506384,144,49,47,48,114,3461,173.677,2871,4759,3000,0
2026-07-23T20:06:58Z,44890,2457692,753520,1230452,473720,377360,144,49,47,48,115,3462,173.735,2919,4579,3000,0
2026-07-23T20:07:30Z,44922,2457692,753520,1230452,473720,385557,144,49,47,48,114,3463,173.798,2965,4551,3000,0
2026-07-23T20:08:01Z,44953,2457692,753520,1230452,473720,373270,144,49,47,48,114,3465,173.914,2841,4587,3000,0
2026-07-23T20:08:32Z,44984,2457692,753520,1230452,473720,383510,144,49,47,48,114,3466,173.970,2931,4987,3000,0
2026-07-23T20:09:04Z,45016,2457692,753520,1230452,473720,397846,144,49,47,48,114,3467,174.033,2991,4703,3000,0
2026-07-23T20:09:35Z,45047,2457692,753520,1230452,473720,381463,144,49,47,48,114,3468,174.091,3013,4563,3000,0
2026-07-23T20:10:06Z,45078,2457692,753520,1230452,473720,377368,144,49,47,48,114,3469,174.143,2549,3903,3000,0
2026-07-23T20:10:38Z,45110,2457692,753520,1230452,473720,383512,144,49,47,48,114,3470,174.198,2619,4077,3000,0
2026-07-23T20:11:09Z,45141,2457692,753520,1230452,473720,510491,144,49,47,48,114,3472,174.332,2939,4779,3000,0
2026-07-23T20:11:41Z,45173,2457692,753520,1230452,473720,447003,144,49,47,48,114,3473,174.386,2611,4143,3000,0
2026-07-23T20:12:12Z,45204,2457692,753520,1230452,473720,367131,144,49,47,48,114,3474,174.441,2915,4395,3000,0
2026-07-23T20:12:43Z,45235,2457692,753520,1230452,473720,375323,144,49,47,48,114,3475,174.497,2733,4543,3000,0
2026-07-23T20:13:15Z,45267,2457692,753520,1230452,473720,436763,144,49,47,48,114,3476,174.552,2819,4891,3000,0
2026-07-23T20:13:46Z,45298,2458936,753520,1231696,473720,381473,144,49,47,48,114,3477,174.629,2875,4591,3000,0
2026-07-23T20:14:17Z,45329,2458936,753520,1231696,473720,381474,144,49,47,48,114,3478,174.688,3083,4711,3000,0
2026-07-23T20:14:49Z,45361,2458940,753520,1231700,473720,516647,144,49,47,48,114,3480,174.805,2661,4255,3000,0
2026-07-23T20:15:20Z,45392,2460112,753520,1232872,473720,367143,144,49,47,48,114,3481,174.862,2635,4223,3000,0
2026-07-23T20:15:51Z,45423,2460112,753520,1232872,473720,373287,144,49,47,48,114,3482,174.919,2573,3977,3000,0
2026-07-23T20:16:23Z,45455,2460448,753856,1232872,473720,483879,144,49,47,48,115,3483,174.978,2685,4311,3000,0
2026-07-23T20:16:54Z,45486,2460448,753856,1232872,473720,477735,144,49,47,48,114,3484,175.032,2545,4151,3000,0
2026-07-23T20:17:25Z,45517,2460448,753856,1232872,473720,361000,144,49,47,48,114,3485,175.087,2723,4171,3000,0
2026-07-23T20:17:57Z,45549,2460448,753856,1232872,473720,377384,144,49,47,48,114,3486,175.149,2695,4303,3000,0
2026-07-23T20:18:28Z,45580,2460448,753856,1232872,473720,553512,144,49,47,48,114,3487,175.211,2513,4679,3000,0
2026-07-23T20:19:00Z,45612,2460448,753856,1232872,473720,363048,144,49,47,48,114,3488,175.270,2609,4035,3000,0
2026-07-23T20:19:31Z,45643,2460448,753856,1232872,473720,381480,144,49,47,48,114,3489,175.321,2679,4287,3000,0
2026-07-23T20:20:02Z,45674,2460448,753856,1232872,473720,381480,144,49,47,48,114,3491,175.425,2733,4255,3000,0
2026-07-23T20:20:34Z,45706,2460448,753856,1232872,473720,385576,144,49,47,48,114,3492,175.480,2807,4707,3000,0
2026-07-23T20:21:05Z,45737,2460448,753856,1232872,473720,393768,144,49,47,48,114,3493,175.541,2941,4583,3000,0
2026-07-23T20:21:36Z,45768,2460448,753856,1232872,473720,387624,144,49,47,48,114,3494,175.597,2669,4831,3000,0
2026-07-23T20:22:08Z,45800,2460448,753856,1232872,473720,375336,144,49,47,48,114,3495,175.650,2547,3899,3000,0
2026-07-23T20:22:39Z,45831,2460452,753860,1232872,473720,377384,144,49,47,48,114,3496,175.710,2565,4045,3000,0
2026-07-23T20:23:10Z,45862,2460452,753860,1232872,473720,401960,144,49,47,48,114,3497,175.769,2663,4119,3000,0
2026-07-23T20:23:42Z,45894,2460600,753936,1232944,473720,375337,144,49,47,48,114,3499,175.885,2503,4037,3000,0
2026-07-23T20:24:13Z,45925,2460604,753936,1232948,473720,383529,144,49,47,48,114,3500,175.944,2627,4123,3000,0
2026-07-23T20:24:44Z,45956,2460604,753936,1232948,473720,387626,144,49,47,48,114,3501,176.005,2587,4547,3000,0
2026-07-23T20:25:16Z,45988,2460604,753936,1232948,473720,406058,144,49,47,48,114,3502,176.066,2605,4139,3000,0
2026-07-23T20:25:47Z,46019,2460604,753936,1232948,473720,379434,144,49,47,48,114,3503,176.118,2631,4103,3000,0
2026-07-23T20:26:18Z,46050,2460604,753936,1232948,473720,387626,144,49,47,48,114,3504,176.176,2591,4487,3000,0
2026-07-23T20:26:50Z,46082,2460604,753936,1232948,473720,375338,144,49,47,48,114,3505,176.247,2701,4259,3000,0
2026-07-23T20:27:21Z,46113,2460604,753936,1232948,473720,369194,144,49,47,48,114,3506,176.300,2697,4071,3000,0
2026-07-23T20:27:52Z,46144,2460604,753936,1232948,473720,377386,144,49,47,48,114,3507,176.358,2679,4183,3000,0
2026-07-23T20:28:24Z,46176,2460604,753936,1232948,473720,395818,144,49,47,48,114,3509,176.479,2843,4323,3000,0
2026-07-23T20:28:55Z,46207,2460604,753936,1232948,473720,444970,144,49,47,48,114,3510,176.535,2683,4495,3000,0
2026-07-23T20:29:26Z,46238,2460604,753936,1232948,473720,395818,144,49,47,48,114,3511,176.593,2885,4491,3000,0
2026-07-23T20:29:58Z,46270,2460608,753936,1232952,473720,387630,144,49,47,48,114,3512,176.648,2795,4563,3000,0
2026-07-23T20:30:29Z,46301,2460608,753936,1232952,473720,510510,144,49,47,48,114,3513,176.708,2957,4579,3000,0
2026-07-23T20:31:01Z,46333,2460608,753936,1232952,473720,385582,144,49,47,48,114,3514,176.767,2711,4371,3000,0
2026-07-23T20:31:32Z,46364,2460608,753936,1232952,473720,387630,144,49,47,48,114,3515,176.825,2755,4387,3000,0
2026-07-23T20:32:03Z,46395,2460608,753936,1232952,473720,434734,144,49,47,48,114,3517,176.939,2771,4379,3000,0
2026-07-23T20:32:35Z,46427,2460608,753936,1232952,473720,367150,144,49,47,48,114,3518,176.992,2697,4251,3000,0
2026-07-23T20:33:06Z,46458,2460608,753936,1232952,473720,375342,144,49,47,48,114,3519,177.046,2827,4383,3000,0
2026-07-23T20:33:37Z,46489,2460608,753936,1232952,473720,389678,144,49,47,48,114,3520,177.093,2761,4379,3000,0
2026-07-23T20:34:09Z,46521,2460608,753936,1232952,473720,379440,144,49,47,48,114,3521,177.142,2917,4563,3000,0
2026-07-23T20:34:40Z,46552,2460644,753936,1232988,473720,395824,144,49,47,48,114,3522,177.196,2689,4539,3000,0
2026-07-23T20:35:11Z,46583,2460644,753936,1232988,473720,391728,144,49,47,48,114,3523,177.252,2747,4611,3000,0
2026-07-23T20:35:43Z,46615,2460644,753936,1232988,473720,447025,144,49,47,48,114,3525,177.369,2753,4463,3000,0
2026-07-23T20:36:14Z,46646,2460644,753936,1232988,473720,389681,144,49,47,48,114,3526,177.423,2729,4203,3000,0
2026-07-23T20:36:45Z,46677,2460644,753936,1232988,473720,381489,144,49,47,48,114,3527,177.480,2809,4567,3000,0
2026-07-23T20:37:17Z,46709,2460652,753936,1232996,473720,467506,144,49,47,48,114,3528,177.537,2957,4715,3000,0
2026-07-23T20:37:48Z,46740,2460652,753936,1232996,473720,463410,144,49,47,48,114,3529,177.591,2789,4395,3000,0
2026-07-23T20:38:19Z,46771,2460652,753936,1232996,473720,387634,144,49,47,48,114,3530,177.648,2721,4307,3000,0
2026-07-23T20:38:51Z,46803,2460652,753936,1232996,473720,379442,144,49,47,48,114,3531,177.701,2793,4483,3000,0
2026-07-23T20:39:22Z,46834,2460652,753936,1232996,473720,510514,144,49,47,48,114,3532,177.761,2753,4475,3000,0
2026-07-23T20:39:53Z,46865,2460680,753936,1233024,473720,389682,144,49,47,48,114,3533,177.811,2871,4415,3000,0
2026-07-23T20:40:25Z,46897,2460680,753936,1233024,473720,387634,144,49,47,48,114,3534,177.865,2763,4223,3000,0
2026-07-23T20:40:56Z,46928,2460680,753936,1233024,473720,500274,144,49,47,48,114,3536,177.965,2785,4507,3000,0
2026-07-23T20:41:28Z,46960,2462036,753936,1234380,473720,373298,144,49,47,48,114,3537,178.019,2853,4415,3000,0
2026-07-23T20:41:59Z,46991,2462036,753936,1234380,473720,379442,144,49,47,48,114,3538,178.076,2749,4307,3000,0
2026-07-23T20:42:30Z,47022,2462036,753936,1234380,473720,518706,144,49,47,48,114,3539,178.135,2833,4695,3000,0
2026-07-23T20:43:02Z,47054,2462036,753936,1234380,473720,508466,144,49,47,48,114,3540,178.189,2673,4147,3000,0
2026-07-23T20:43:33Z,47085,2462036,753936,1234380,473720,379442,144,49,47,48,114,3541,178.250,2711,4383,3000,0
2026-07-23T20:44:04Z,47116,2462036,753936,1234380,473720,383538,144,49,47,48,114,3542,178.303,2781,4419,3000,0
2026-07-23T20:44:36Z,47148,2462036,753936,1234380,473720,432690,144,49,47,48,114,3544,178.415,2633,4351,3000,0
2026-07-23T20:45:07Z,47179,2462036,753936,1234380,473720,369202,144,49,47,48,114,3545,178.474,2713,4347,3000,0
2026-07-23T20:45:38Z,47210,2462036,753936,1234380,473720,377394,144,49,47,48,114,3546,178.531,2833,4411,3000,0
2026-07-23T20:46:10Z,47242,2462036,753936,1234380,473720,574002,144,49,47,48,114,3547,178.596,2691,4275,3000,0
2026-07-23T20:46:41Z,47273,2462036,753936,1234380,473720,365106,144,49,47,48,114,3548,178.654,2733,4037,3000,0
2026-07-23T20:47:13Z,47305,2462036,753936,1234380,473720,367154,144,49,47,48,114,3549,178.710,2719,4307,3000,0
2026-07-23T20:47:44Z,47336,2462036,753936,1234380,473720,436786,144,49,47,48,114,3550,178.768,2791,4263,3000,0
2026-07-23T20:48:15Z,47367,2462036,753936,1234380,473720,432690,144,49,47,48,114,3551,178.821,2747,4151,3000,0
2026-07-23T20:48:47Z,47399,2462036,753936,1234380,473720,389682,144,49,47,48,114,3553,178.933,2585,4323,3000,0
2026-07-23T20:49:18Z,47430,2462036,753936,1234380,473720,379442,144,49,47,48,114,3554,178.992,2601,4179,3000,0
2026-07-23T20:49:49Z,47461,2462036,753936,1234380,473720,367154,144,49,47,48,114,3555,179.050,2523,4539,3000,0
2026-07-23T20:50:21Z,47493,2462036,753936,1234380,473720,387634,144,49,47,48,114,3556,179.107,2589,4519,3000,0
2026-07-23T20:50:52Z,47524,2462036,753936,1234380,473720,389682,144,49,47,48,114,3557,179.166,2607,4093,3000,0
2026-07-23T20:51:23Z,47555,2462036,753936,1234380,473720,449074,144,49,47,48,114,3558,179.228,2607,4073,3000,0
2026-07-23T20:51:55Z,47587,2462036,753936,1234380,473720,383538,144,49,47,48,114,3559,179.283,2755,4183,3000,0
2026-07-23T20:52:26Z,47618,2462036,753936,1234380,473720,385586,144,49,47,48,114,3560,179.344,2657,4223,3000,0
2026-07-23T20:52:57Z,47649,2462036,753936,1234380,473720,555570,144,49,47,48,114,3562,179.469,2863,4559,3000,0
2026-07-23T20:53:29Z,47681,2462036,753936,1234380,473720,520754,144,49,47,48,114,3563,179.527,2681,4151,3000,0
2026-07-23T20:54:00Z,47712,2462224,753936,1234380,473908,381490,144,49,47,48,114,3564,179.586,2715,4303,3000,0
2026-07-23T20:54:31Z,47743,2462224,753936,1234380,473908,377394,144,49,47,48,114,3565,179.644,2885,5035,3000,0
2026-07-23T20:55:03Z,47775,2462224,753936,1234380,473908,385586,144,49,47,48,114,3566,179.701,2715,4179,3000,0
2026-07-23T20:55:34Z,47806,2462224,753936,1234380,473908,385586,144,49,47,48,114,3567,179.761,2843,4519,3000,0
2026-07-23T20:56:05Z,47837,2462224,753936,1234380,473908,391730,144,49,47,48,114,3568,179.817,2849,4519,3000,0
2026-07-23T20:56:37Z,47869,2462224,753936,1234380,473908,383538,144,49,47,48,114,3570,179.930,2789,4439,3000,0
2026-07-23T20:57:08Z,47900,2462224,753936,1234380,473908,389682,144,49,47,48,114,3571,179.988,2711,4215,3000,0
2026-07-23T20:57:39Z,47931,2462224,753936,1234380,473908,389682,144,49,47,48,114,3572,180.043,2943,4479,3000,0
2026-07-23T20:58:11Z,47963,2462224,753936,1234380,473908,377395,144,49,47,48,114,3573,180.102,2811,4467,3000,0
2026-07-23T20:58:42Z,47994,2462224,753936,1234380,473908,375347,144,49,47,48,114,3574,180.159,2767,4463,3000,0
2026-07-23T20:59:14Z,48026,2462224,753936,1234380,473908,387635,144,49,47,48,114,3575,180.217,2739,4319,3000,0
2026-07-23T20:59:45Z,48057,2462224,753936,1234380,473908,393779,144,49,47,48,114,3576,180.276,2785,4343,3000,0
2026-07-23T21:00:16Z,48088,2462224,753936,1234380,473908,578099,144,49,47,48,114,3577,180.347,2901,4667,3000,0
2026-07-23T21:00:48Z,48120,2462224,753936,1234380,473908,373299,144,49,47,48,114,3578,180.405,2725,4335,3000,0
2026-07-23T21:01:19Z,48151,2462224,753936,1234380,473908,379443,144,49,47,48,114,3579,180.458,2763,4395,3000,0
2026-07-23T21:01:50Z,48182,2462228,753936,1234384,473908,436793,144,49,47,48,114,3581,180.563,2815,4775,3000,0
2026-07-23T21:02:22Z,48214,2462228,753936,1234384,473908,383545,144,49,47,48,114,3582,180.619,2697,4327,3000,0
2026-07-23T21:02:53Z,48245,2462248,753956,1234384,473908,393785,144,49,47,48,114,3583,180.682,2769,4323,3000,0
2026-07-23T21:03:24Z,48276,2462260,753956,1234392,473912,447042,144,49,47,48,114,3584,180.746,2989,4615,3000,0
2026-07-23T21:03:56Z,48308,2462260,753956,1234392,473912,447042,144,49,47,48,114,3585,180.808,2717,4215,3000,0
2026-07-23T21:04:27Z,48339,2462260,753956,1234392,473912,389698,144,49,47,48,114,3586,180.865,2747,4319,3000,0
2026-07-23T21:04:58Z,48370,2462260,753956,1234392,473912,395842,144,49,47,48,114,3587,180.925,2825,4871,3000,0
2026-07-23T21:05:30Z,48402,2462260,753956,1234392,473912,483919,144,49,47,48,114,3589,181.044,2779,4503,3000,0
2026-07-23T21:06:01Z,48433,2463372,753956,1235504,473912,389711,144,49,47,48,114,3590,181.101,2679,4307,3000,0
2026-07-23T21:06:32Z,48464,2463372,753956,1235504,473912,375375,144,49,47,48,114,3591,181.159,2835,4423,3000,0
2026-07-23T21:07:04Z,48496,2463372,753956,1235504,473912,502351,144,49,47,48,114,3592,181.223,2799,4567,3000,0
2026-07-23T21:07:35Z,48527,2463372,753956,1235504,473912,373327,144,49,47,48,114,3593,181.275,2705,4315,3000,0
2026-07-23T21:08:06Z,48558,2463372,753956,1235504,473912,369231,144,49,47,48,114,3594,181.332,2869,4383,3000,0
2026-07-23T21:08:38Z,48590,2463372,753956,1235504,473912,442959,144,49,47,48,114,3595,181.391,2833,4391,3000,0
2026-07-23T21:09:09Z,48621,2463372,753956,1235504,473912,436815,144,49,47,48,114,3596,181.446,2717,4455,3000,0
2026-07-23T21:09:40Z,48652,2463372,753956,1235504,473912,373327,144,49,47,48,114,3597,181.503,2877,4355,3000,0
2026-07-23T21:10:12Z,48684,2463372,753956,1235504,473912,383567,144,49,47,48,114,3599,181.614,3005,4579,3000,0
2026-07-23T21:10:43Z,48715,2463372,753956,1235504,473912,510543,144,49,47,48,114,3600,181.669,2871,4391,3000,0
2026-07-23T21:11:15Z,48747,2463372,753956,1235504,473912,377423,144,49,47,48,114,3601,181.726,2765,4511,3000,0
2026-07-23T21:11:46Z,48778,2463372,753956,1235504,473912,377423,144,49,47,48,114,3602,181.779,2727,4191,3000,0
2026-07-23T21:12:17Z,48809,2463372,753956,1235504,473912,522831,144,49,47,48,114,3603,181.835,2687,4511,3000,0
2026-07-23T21:12:49Z,48841,2463372,753956,1235504,473912,358991,144,49,47,48,114,3604,181.889,2583,4029,3000,0
2026-07-23T21:13:20Z,48872,2463372,753956,1235504,473912,379471,144,49,47,48,114,3605,181.947,2629,4351,3000,0
2026-07-23T21:13:51Z,48903,2463372,753956,1235504,473912,508495,144,49,47,48,114,3607,182.076,2599,4151,3000,0
2026-07-23T21:14:23Z,48935,2463372,753956,1235504,473912,436815,144,49,47,48,114,3608,182.129,2527,3959,3000,0
2026-07-23T21:14:54Z,48966,2463372,753956,1235504,473912,369231,144,49,47,48,114,3609,182.182,2573,4171,3000,0
2026-07-23T21:15:25Z,48997,2463372,753956,1235504,473912,383567,144,49,47,48,114,3610,182.238,2585,4163,3000,0
2026-07-23T21:15:57Z,49029,2463372,753956,1235504,473912,512591,144,49,47,48,114,3611,182.291,2563,4203,3000,0
2026-07-23T21:16:28Z,49060,2463372,753956,1235504,473912,375375,144,49,47,48,114,3612,182.348,2625,4053,3000,0
2026-07-23T21:16:59Z,49091,2463372,753956,1235504,473912,381519,144,49,47,48,114,3613,182.406,2777,4227,3000,0
2026-07-23T21:17:31Z,49123,2463372,753956,1235504,473912,518735,144,49,47,48,114,3615,182.516,2715,4579,3000,0
2026-07-23T21:18:02Z,49154,2463372,753956,1235504,473912,377423,144,49,47,48,114,3616,182.572,2595,4087,3000,0
2026-07-23T21:18:34Z,49186,2463372,753956,1235504,473912,377423,144,49,47,48,114,3617,182.633,2783,4471,3000,0
2026-07-23T21:19:05Z,49217,2463372,753956,1235504,473912,520783,144,49,47,48,114,3618,182.693,2955,4583,3000,0
2026-07-23T21:19:36Z,49248,2463372,753956,1235504,473912,508495,144,49,47,48,114,3619,182.751,2673,4215,3000,0
2026-07-23T21:20:08Z,49280,2463372,753956,1235504,473912,375375,144,49,47,48,114,3620,182.805,2835,4339,3000,0
2026-07-23T21:20:39Z,49311,2463372,753956,1235504,473912,383567,144,49,47,48,114,3621,182.858,2801,4459,3000,0
2026-07-23T21:21:10Z,49342,2463372,753956,1235504,473912,502351,144,49,47,48,114,3622,182.917,2661,4391,3000,0
2026-07-23T21:21:42Z,49374,2463372,753956,1235504,473912,377423,144,49,47,48,114,3623,182.978,2769,4383,3000,0
2026-07-23T21:22:13Z,49405,2463372,753956,1235504,473912,389711,144,49,47,48,114,3624,183.034,2781,4367,3000,0
2026-07-23T21:22:45Z,49437,2463372,753956,1235504,473912,442959,144,49,47,48,114,3626,183.144,2731,4315,3000,0
2026-07-23T21:23:16Z,49468,2463372,753956,1235504,473912,387663,144,49,47,48,114,3627,183.202,2765,4215,3000,0
2026-07-23T21:23:47Z,49499,2463372,753956,1235504,473912,393807,144,49,47,48,114,3628,183.258,2751,4259,3000,0
2026-07-23T21:24:19Z,49531,2463372,753956,1235504,473912,447055,144,49,47,48,114,3629,183.313,2827,4479,3000,0
2026-07-23T21:24:50Z,49562,2463372,753956,1235504,473912,449103,144,49,47,48,114,3630,183.368,2797,4787,3000,0
2026-07-23T21:25:21Z,49593,2463372,753956,1235504,473912,385615,144,49,47,48,114,3631,183.423,2801,4323,3000,0
2026-07-23T21:25:53Z,49625,2463372,753956,1235504,473912,385615,144,49,47,48,114,3632,183.481,2603,4323,3000,0
2026-07-23T21:26:24Z,49656,2463372,753956,1235504,473912,451151,144,49,47,48,114,3634,183.591,2691,4199,3000,0
2026-07-23T21:26:55Z,49687,2463372,753956,1235504,473912,381519,144,49,47,48,114,3635,183.648,2629,4045,3000,0
2026-07-23T21:27:27Z,49719,2463736,753956,1235868,473912,391759,144,49,47,48,114,3636,183.702,2959,4615,3000,0
2026-07-23T21:27:58Z,49750,2463736,753956,1235868,473912,547407,144,49,47,48,114,3637,183.776,3021,4587,3000,0
2026-07-23T21:28:29Z,49781,2463740,753956,1235872,473912,367183,144,49,47,48,114,3638,183.828,2689,4307,3000,0
2026-07-23T21:29:01Z,49813,2463740,753956,1235872,473912,379471,144,49,47,48,114,3639,183.883,2727,4427,3000,0
2026-07-23T21:29:32Z,49844,2463740,753956,1235872,473912,451151,144,49,47,48,114,3640,183.937,2789,4607,3000,0
2026-07-23T21:30:04Z,49876,2463740,753956,1235872,473912,438863,144,49,47,48,114,3641,183.988,2635,4299,3000,0
2026-07-23T21:30:35Z,49907,2463740,753956,1235872,473912,385615,144,49,47,48,114,3642,184.045,2679,4451,3000,0
2026-07-23T21:31:06Z,49938,2463740,753956,1235872,473912,395855,144,49,47,48,114,3644,184.162,2759,4439,3000,0
2026-07-23T21:31:38Z,49970,2463740,753956,1235872,473912,522831,144,49,47,48,114,3645,184.216,2785,4407,3000,0
2026-07-23T21:32:09Z,50001,2463740,753956,1235872,473912,377423,144,49,47,48,114,3646,184.277,2683,4275,3000,0
2026-07-23T21:32:40Z,50032,2463740,753956,1235872,473912,381519,144,49,47,48,114,3647,184.339,2751,4359,3000,0
2026-07-23T21:33:12Z,50064,2463740,753956,1235872,473912,440911,144,49,47,48,114,3648,184.396,2715,4303,3000,0
2026-07-23T21:33:43Z,50095,2463740,753956,1235872,473912,375375,144,49,47,48,114,3649,184.456,2657,4267,3000,0
2026-07-23T21:34:15Z,50127,2463740,753956,1235872,473912,387663,144,49,47,48,114,3650,184.517,2843,4471,3000,0
2026-07-23T21:34:46Z,50158,2463740,753956,1235872,473912,438863,144,49,47,48,114,3652,184.638,2847,4551,3000,0
2026-07-23T21:35:17Z,50189,2463740,753956,1235872,473912,373327,144,49,47,48,114,3653,184.692,2679,4339,3000,0
2026-07-23T21:35:49Z,50221,2463740,753956,1235872,473912,373327,144,49,47,48,114,3654,184.745,2823,4379,3000,0
2026-07-23T21:36:20Z,50252,2463740,753956,1235872,473912,385615,144,49,47,48,114,3655,184.796,2849,4479,3000,0
2026-07-23T21:36:51Z,50283,2463740,753956,1235872,473912,504399,144,49,47,48,114,3656,184.847,2669,4759,3000,0
2026-07-23T21:37:23Z,50315,2463740,753956,1235872,473912,373327,144,49,47,48,114,3657,184.907,2729,4359,3000,0
2026-07-23T21:37:54Z,50346,2463740,753956,1235872,473912,373327,144,49,47,48,114,3658,184.963,2861,4419,3000,0
2026-07-23T21:38:25Z,50377,2463740,753956,1235872,473912,471631,144,49,47,48,114,3660,185.084,2835,4471,3000,0
2026-07-23T21:38:57Z,50409,2463740,753956,1235872,473912,373327,144,49,47,48,114,3661,185.142,2729,4703,3000,0
2026-07-23T21:39:28Z,50440,2463740,753956,1235872,473912,373327,144,49,47,48,114,3662,185.200,2881,4475,3000,0
2026-07-23T21:39:59Z,50471,2463740,753956,1235872,473912,447055,144,49,47,48,114,3663,185.273,2811,4575,3000,0
2026-07-23T21:40:31Z,50503,2463740,753956,1235872,473912,434767,144,49,47,48,114,3664,185.331,2793,4247,3000,0
2026-07-23T21:41:02Z,50534,2463740,753956,1235872,473912,373327,144,49,47,48,114,3665,185.391,2721,4395,3000,0
2026-07-23T21:41:33Z,50565,2463740,753956,1235872,473912,381519,144,49,47,48,114,3666,185.449,2921,4423,3000,0
2026-07-23T21:42:05Z,50597,2463740,753956,1235872,473912,551503,144,49,47,48,114,3667,185.511,2587,4391,3000,0
2026-07-23T21:42:36Z,50628,2463740,753956,1235872,473912,387663,144,49,47,48,114,3668,185.567,2653,4287,3000,0
2026-07-23T21:43:08Z,50660,2463740,753956,1235872,473912,387663,144,49,47,48,114,3669,185.624,2755,4319,3000,0
2026-07-23T21:43:39Z,50691,2463740,753956,1235872,473912,451151,144,49,47,48,114,3671,185.728,2839,4347,3000,0
2026-07-23T21:44:10Z,50722,2463740,753956,1235872,473912,383567,144,49,47,48,114,3672,185.784,2679,4267,3000,0
2026-07-23T21:44:42Z,50754,2463740,753956,1235872,473912,395855,144,49,47,48,114,3673,185.841,2867,4323,3000,0
2026-07-23T21:45:13Z,50785,2463740,753956,1235872,473912,387663,144,49,47,48,114,3674,185.899,2731,4739,3000,0
2026-07-23T21:45:44Z,50816,2463740,753956,1235872,473912,377423,144,49,47,48,114,3675,185.955,2779,4319,3000,0
2026-07-23T21:46:16Z,50848,2463740,753956,1235872,473912,389711,144,49,47,48,114,3676,186.015,2805,4403,3000,0
2026-07-23T21:46:47Z,50879,2463740,753956,1235872,473912,387663,144,49,47,48,114,3677,186.070,2879,4491,3000,0
2026-07-23T21:47:18Z,50910,2463748,753956,1235880,473912,367192,144,49,47,48,114,3679,186.186,2647,4403,3000,0
2026-07-23T21:47:50Z,50942,2463748,753956,1235880,473912,383576,144,49,47,48,114,3680,186.243,2703,4287,3000,0
2026-07-23T21:48:21Z,50973,2463748,753956,1235880,473912,391768,144,49,47,48,114,3681,186.298,2817,4315,3000,0
2026-07-23T21:48:53Z,51005,2463748,753956,1235880,473912,516696,144,49,47,48,114,3682,186.365,2767,4295,3000,0
2026-07-23T21:49:24Z,51036,2463748,753956,1235880,473912,373336,144,49,47,48,114,3683,186.417,2717,4303,3000,0
2026-07-23T21:49:55Z,51067,2463748,753956,1235880,473912,377432,144,49,47,48,114,3684,186.472,2731,4367,3000,0
2026-07-23T21:50:27Z,51099,2463748,753956,1235880,473912,440920,144,49,47,48,114,3685,186.521,2793,4643,3000,0
2026-07-23T21:50:58Z,51130,2463748,753956,1235880,473912,438872,144,49,47,48,114,3686,186.573,2663,4179,3000,0
2026-07-23T21:51:29Z,51161,2463748,753956,1235880,473912,375384,144,49,47,48,114,3687,186.627,2775,4415,3000,0
2026-07-23T21:52:01Z,51193,2463748,753956,1235880,473912,381528,144,49,47,48,114,3689,186.746,2949,4475,3000,0
2026-07-23T21:52:32Z,51224,2463748,753956,1235880,473912,377432,144,49,47,48,114,3690,186.803,2589,4387,3000,0
2026-07-23T21:53:03Z,51255,2463748,753956,1235880,473912,383576,144,49,47,48,114,3691,186.856,2585,4735,3000,0
2026-07-23T21:53:35Z,51287,2463748,753956,1235880,473912,385624,144,49,47,48,114,3692,186.908,2647,4951,3000,0
2026-07-23T21:54:06Z,51318,2463748,753956,1235880,473912,373336,144,49,47,48,114,3693,186.964,2571,4053,3000,0
2026-07-23T21:54:38Z,51350,2463748,753956,1235880,473912,379480,144,49,47,48,114,3694,187.017,2549,4735,3000,0
2026-07-23T21:55:09Z,51381,2463748,753956,1235880,473912,385624,144,49,47,48,114,3695,187.073,2563,4001,3000,0
2026-07-23T21:55:40Z,51412,2463748,753956,1235880,473912,440920,144,49,47,48,114,3697,187.180,2615,4431,3000,0
2026-07-23T21:56:12Z,51444,2463748,753956,1235880,473912,367192,144,49,47,48,114,3698,187.230,2515,3933,3000,0
2026-07-23T21:56:43Z,51475,2463748,753956,1235880,473912,371288,144,49,47,48,114,3699,187.284,2547,4067,3000,0
2026-07-23T21:57:14Z,51506,2463748,753956,1235880,473912,383576,144,49,47,48,114,3700,187.344,2595,4055,3000,0
2026-07-23T21:57:46Z,51538,2463748,753956,1235880,473912,432728,144,49,47,48,114,3701,187.398,2513,4107,3000,0
2026-07-23T21:58:17Z,51569,2463748,753956,1235880,473912,381528,144,49,47,48,114,3702,187.456,2683,4151,3000,0
2026-07-23T21:58:48Z,51600,2463748,753956,1235880,473912,375384,144,49,47,48,114,3703,187.509,2645,4159,3000,0
2026-07-23T21:59:20Z,51632,2463748,753956,1235880,473912,377432,144,49,47,48,114,3705,187.617,2689,4387,3000,0
2026-07-23T21:59:51Z,51663,2463748,753956,1235880,473912,381528,144,49,47,48,114,3706,187.676,2605,4267,3000,0
2026-07-23T22:00:22Z,51694,2463748,753956,1235880,473912,387672,144,49,47,48,114,3707,187.734,2643,4127,3000,0
2026-07-23T22:00:54Z,51726,2463748,753956,1235880,473912,440920,144,49,47,48,114,3708,187.792,2711,4683,3000,0
2026-07-23T22:01:25Z,51757,2463748,753956,1235880,473912,432728,144,49,47,48,114,3709,187.851,2827,4255,3000,0
2026-07-23T22:01:56Z,51788,2463748,753956,1235880,473912,369240,144,49,47,48,114,3710,187.907,2815,4523,3000,0
2026-07-23T22:02:28Z,51820,2463748,753956,1235880,473912,387672,144,49,47,48,114,3711,187.962,2951,4579,3000,0
2026-07-23T22:02:59Z,51851,2463748,753956,1235880,473912,510552,144,49,47,48,114,3712,188.034,2935,4639,3000,0
2026-07-23T22:03:31Z,51883,2463748,753956,1235880,473912,367192,144,49,47,48,114,3713,188.089,2775,4419,3000,0
2026-07-23T22:04:02Z,51914,2463748,753956,1235880,473912,371288,144,49,47,48,114,3714,188.142,2697,4283,3000,0
2026-07-23T22:04:33Z,51945,2463748,753956,1235880,473912,432728,144,49,47,48,114,3716,188.248,2643,4379,3000,0
2026-07-23T22:05:05Z,51977,2463748,753956,1235880,473912,365144,144,49,47,48,114,3717,188.301,2709,4235,3000,0
2026-07-23T22:05:36Z,52008,2463748,753956,1235880,473912,385624,144,49,47,48,114,3718,188.361,2991,9159,3000,0
2026-07-23T22:06:07Z,52039,2463748,753956,1235880,473912,520792,144,49,47,48,114,3719,188.416,2897,4547,3000,0
2026-07-23T22:06:39Z,52071,2463748,753956,1235880,473912,512600,144,49,47,48,114,3720,188.471,2711,4191,3000,0
2026-07-23T22:07:10Z,52102,2463748,753956,1235880,473912,375384,144,49,47,48,114,3721,188.529,2761,4411,3000,0
2026-07-23T22:07:41Z,52133,2463748,753956,1235880,473912,383576,144,49,47,48,114,3722,188.587,2871,4651,3000,0
2026-07-23T22:08:13Z,52165,2463748,753956,1235880,473912,369240,144,49,47,48,114,3724,188.696,2689,4279,3000,0
2026-07-23T22:08:44Z,52196,2463748,753956,1235880,473912,373336,144,49,47,48,114,3725,188.757,2861,4671,3000,0
2026-07-23T22:09:15Z,52227,2463748,753956,1235880,473912,397912,144,49,47,48,114,3726,188.820,2845,4395,3000,0
2026-07-23T22:09:47Z,52259,2463748,753956,1235880,473912,438873,144,49,47,48,114,3727,188.889,3165,4943,3000,0
2026-07-23T22:10:18Z,52290,2463748,753956,1235880,473912,371289,144,49,47,48,114,3728,188.943,3171,4763,3000,0
2026-07-23T22:10:50Z,52322,2463748,753956,1235880,473912,365145,144,49,47,48,114,3729,188.999,3203,4895,3000,0
2026-07-23T22:11:21Z,52353,2463748,753956,1235880,473912,377433,144,49,47,48,114,3730,189.067,3165,5011,3000,0
2026-07-23T22:11:52Z,52384,2463748,753956,1235880,473912,379481,144,49,47,48,114,3732,189.180,2955,4659,3000,0
2026-07-23T22:12:24Z,52416,2463748,753956,1235880,473912,383577,144,49,47,48,114,3733,189.247,3007,4687,3000,0
2026-07-23T22:12:55Z,52447,2463760,753956,1235892,473912,404057,144,49,47,48,114,3734,189.307,3061,4719,3000,0
2026-07-23T22:13:27Z,52479,2463760,753956,1235892,473912,377433,144,49,47,48,114,3735,189.364,2905,4719,3000,0
2026-07-23T22:13:58Z,52510,2463760,753956,1235892,473912,381529,144,49,47,48,114,3736,189.419,2795,4747,3000,0
2026-07-23T22:14:29Z,52541,2463760,753956,1235892,473912,393817,144,49,47,48,114,3737,189.476,2943,4783,3000,0
2026-07-23T22:15:01Z,52573,2463760,753956,1235892,473912,383577,144,49,47,48,114,3738,189.537,3061,4943,3000,0
2026-07-23T22:15:32Z,52604,2463760,753956,1235892,473912,387673,144,49,47,48,114,3739,189.599,2961,5259,3000,0
2026-07-23T22:16:03Z,52635,2463760,753956,1235892,473912,381529,144,49,47,48,114,3740,189.661,3159,4799,3000,0
2026-07-23T22:16:35Z,52667,2463760,753956,1235892,473912,436825,144,49,47,48,114,3742,189.786,3203,5767,3000,0
2026-07-23T22:17:06Z,52698,2463760,753956,1235892,473912,365145,144,49,47,48,114,3743,189.844,2969,4631,3000,0
2026-07-23T22:17:38Z,52730,2463760,753956,1235892,473912,383577,144,49,47,48,114,3744,189.899,3037,5083,3000,0
2026-07-23T22:18:09Z,52761,2463760,753956,1235892,473912,395865,144,49,47,48,114,3745,189.953,3005,4607,3000,0
2026-07-23T22:18:40Z,52792,2463760,753956,1235892,473912,434777,144,49,47,48,114,3746,190.005,2969,5119,3000,0
2026-07-23T22:19:12Z,52824,2463760,753956,1235892,473912,381529,144,49,47,48,114,3747,190.061,2755,4471,3000,0
2026-07-23T22:19:43Z,52855,2463760,753956,1235892,473912,385625,144,49,47,48,114,3748,190.117,2827,4575,3000,0
2026-07-23T22:20:15Z,52887,2463760,753956,1235892,473912,445017,144,49,47,48,114,3750,190.233,3067,4615,3000,0
2026-07-23T22:20:46Z,52918,2463760,753956,1235892,473912,377433,144,49,47,48,114,3751,190.291,2657,4395,3000,0
2026-07-23T22:21:17Z,52949,2463760,753956,1235892,473912,387673,144,49,47,48,114,3752,190.348,3049,4619,3000,0
2026-07-23T22:21:49Z,52981,2463760,753956,1235892,473912,453209,144,49,47,48,114,3753,190.409,3269,5155,3000,0
2026-07-23T22:22:20Z,53012,2463760,753956,1235892,473912,449113,144,49,47,48,114,3754,190.462,2807,4191,3000,0
2026-07-23T22:22:51Z,53043,2463760,753956,1235892,473912,385625,144,49,47,48,114,3755,190.519,2893,4487,3000,0
2026-07-23T22:23:23Z,53075,2463760,753956,1235892,473912,395865,144,49,47,48,114,3756,190.595,2699,4423,3000,0
2026-07-23T22:23:54Z,53106,2463760,753956,1235892,473912,510553,144,49,47,48,114,3757,190.654,2719,4395,3000,0
2026-07-23T22:24:26Z,53138,2463760,753956,1235892,473912,387673,144,49,47,48,114,3758,190.713,2931,4763,3000,0
2026-07-23T22:24:57Z,53169,2463760,753956,1235892,473912,377433,144,49,47,48,114,3759,190.772,3367,5195,3000,0
2026-07-23T22:25:28Z,53200,2463760,753956,1235892,473912,442969,144,49,47,48,114,3761,190.877,3079,4991,3000,0
2026-07-23T22:26:00Z,53232,2463760,753956,1235892,473912,379481,144,49,47,48,114,3762,190.937,2949,4583,3000,0
2026-07-23T22:26:31Z,53263,2463760,753956,1235892,473912,385625,144,49,47,48,114,3763,190.999,2995,4763,3000,0
2026-07-23T22:27:02Z,53294,2463760,753956,1235892,473912,377433,144,49,47,48,114,3764,191.056,2691,4367,3000,0
2026-07-23T22:27:34Z,53326,2463760,753956,1235892,473912,369241,144,49,47,48,114,3765,191.124,2971,4511,3000,0
2026-07-23T22:28:05Z,53357,2463760,753956,1235892,473912,385625,144,49,47,48,114,3766,191.184,3087,4879,3000,0
2026-07-23T22:28:36Z,53388,2463760,753956,1235892,473912,385625,144,49,47,48,114,3767,191.240,3041,4911,3000,0
2026-07-23T22:29:08Z,53420,2463760,753956,1235892,473912,440921,144,49,47,48,114,3769,191.360,3069,5307,3000,0
2026-07-23T22:29:39Z,53451,2463760,753956,1235892,473912,383577,144,49,47,48,114,3770,191.418,3095,4715,3000,0
2026-07-23T22:30:11Z,53483,2463760,753956,1235892,473912,377433,144,49,47,48,114,3771,191.475,3087,4911,3000,0
2026-07-23T22:30:42Z,53514,2463760,753956,1235892,473912,469593,144,49,47,48,114,3772,191.553,3467,5343,3000,0
2026-07-23T22:31:13Z,53545,2463760,753956,1235892,473912,371289,144,49,47,48,114,3773,191.610,3005,4891,3000,0
2026-07-23T22:31:45Z,53577,2463760,753956,1235892,473912,385625,144,49,47,48,114,3774,191.664,3085,4623,3000,0
2026-07-23T22:32:16Z,53608,2463764,753956,1235896,473912,510554,144,49,47,48,114,3775,191.714,3045,4815,3000,0
2026-07-23T22:32:48Z,53640,2463764,753956,1235896,473912,516698,144,49,47,48,114,3776,191.766,2755,4259,3000,0
2026-07-23T22:33:19Z,53671,2463764,753956,1235896,473912,379482,144,49,47,48,114,3778,191.878,2981,4611,3000,0
2026-07-23T22:33:50Z,53702,2463764,753956,1235896,473912,404058,144,49,47,48,114,3779,191.938,3083,5299,3000,0
2026-07-23T22:34:22Z,53734,2463764,753956,1235896,473912,440922,144,49,47,48,114,3780,191.993,2879,4547,3000,0
2026-07-23T22:34:53Z,53765,2463764,753956,1235896,473912,379482,144,49,47,48,114,3781,192.055,3059,4767,3000,0
2026-07-23T22:35:24Z,53796,2463764,753956,1235896,473912,383578,144,49,47,48,114,3782,192.120,2977,4647,3000,0
2026-07-23T22:35:56Z,53828,2463764,753956,1235896,473912,445018,144,49,47,48,114,3783,192.181,3045,4779,3000,0
2026-07-23T22:36:27Z,53859,2463764,753956,1235896,473912,377434,144,49,47,48,114,3784,192.241,2807,4535,3000,0
2026-07-23T22:36:59Z,53891,2463764,753956,1235896,473912,383578,144,49,47,48,114,3785,192.302,2849,4631,3000,0
2026-07-23T22:37:30Z,53922,2463764,753956,1235896,473912,436826,144,49,47,48,114,3787,192.424,2985,4675,3000,0
2026-07-23T22:38:01Z,53953,2463764,753956,1235896,473912,367194,144,49,47,48,114,3788,192.481,2923,4403,3000,0
2026-07-23T22:38:33Z,53985,2463764,753956,1235896,473912,373338,144,49,47,48,114,3789,192.537,2953,4487,3000,0
2026-07-23T22:39:04Z,54016,2463764,753956,1235896,473912,389722,144,49,47,48,114,3790,192.591,3077,4719,3000,0
2026-07-23T22:39:35Z,54047,2463764,753956,1235896,473912,445020,144,49,47,48,114,3791,192.644,3031,4563,3000,0
2026-07-23T22:40:07Z,54079,2463764,753956,1235896,473912,383580,144,49,47,48,114,3792,192.711,3259,5051,3000,0
2026-07-23T22:40:38Z,54110,2463764,753956,1235896,473912,389724,144,49,47,48,114,3793,192.772,3205,4731,3000,0
2026-07-23T22:41:10Z,54142,2463764,753956,1235896,473912,447068,144,49,47,48,114,3795,192.898,3247,5171,3000,0
2026-07-23T22:41:41Z,54173,2463764,753956,1235896,473912,371292,144,49,47,48,114,3796,192.954,2939,5443,3000,0
2026-07-23T22:42:12Z,54204,2463764,753956,1235896,473912,375388,144,49,47,48,114,3797,193.007,2683,4243,3000,0
2026-07-23T22:42:44Z,54236,2463764,753956,1235896,473912,414300,144,49,47,48,114,3798,193.065,2977,5411,3000,0
2026-07-23T22:43:15Z,54267,2463764,753956,1235896,473912,402012,144,49,47,48,114,3799,193.114,2711,4583,3000,0
2026-07-23T22:43:46Z,54298,2463764,753956,1235896,473912,383580,144,49,47,48,114,3800,193.168,2749,4475,3000,0
2026-07-23T22:44:18Z,54330,2463764,753956,1235896,473912,385628,144,49,47,48,114,3801,193.221,2997,4587,3000,0
2026-07-23T22:44:49Z,54361,2463764,753956,1235896,473912,508508,144,49,47,48,114,3802,193.282,2691,4455,3000,0
2026-07-23T22:45:20Z,54392,2463764,753956,1235896,473912,369244,144,49,47,48,114,3803,193.336,2775,4455,3000,0
2026-07-23T22:45:52Z,54424,2463764,753956,1235896,473912,365148,144,49,47,48,114,3804,193.392,2921,4503,3000,0
2026-07-23T22:46:23Z,54455,2463764,753956,1235896,473912,442972,144,49,47,48,114,3806,193.494,3011,4551,3000,0
2026-07-23T22:46:54Z,54486,2463764,753956,1235896,473912,377436,144,49,47,48,114,3807,193.549,2719,4251,3000,0
2026-07-23T22:47:26Z,54518,2463764,753956,1235896,473912,383580,144,49,47,48,114,3808,193.604,2909,4431,3000,0
2026-07-23T22:47:57Z,54549,2463764,753956,1235896,473912,518748,144,49,47,48,114,3809,193.663,2813,4707,3000,0
2026-07-23T22:48:29Z,54581,2463764,753956,1235896,473912,520796,144,49,47,48,114,3810,193.722,2777,4387,3000,0
2026-07-23T22:49:00Z,54612,2463764,753956,1235896,473912,385628,144,49,47,48,114,3811,193.782,3071,4519,3000,0
2026-07-23T22:49:31Z,54643,2463764,753956,1235896,473912,379484,144,49,47,48,114,3812,193.846,3115,5063,3000,0
2026-07-23T22:50:03Z,54675,2463764,753956,1235896,473912,512604,144,49,47,48,114,3814,193.970,2957,4611,3000,0
2026-07-23T22:50:34Z,54706,2463764,753956,1235896,473912,381532,144,49,47,48,114,3815,194.035,2987,4863,3000,0
2026-07-23T22:51:05Z,54737,2463764,753956,1235896,473912,377436,144,49,47,48,114,3816,194.100,3007,5167,3000,0
2026-07-23T22:51:37Z,54769,2463764,753956,1235896,473912,567900,144,49,47,48,114,3817,194.173,2799,4563,3000,0
2026-07-23T22:52:08Z,54800,2463764,753956,1235896,473912,365148,144,49,47,48,114,3818,194.228,2795,4551,3000,0
2026-07-23T22:52:40Z,54832,2463764,753956,1235896,473912,369244,144,49,47,48,114,3819,194.283,2801,4675,3000,0
2026-07-23T22:53:11Z,54863,2463764,753956,1235896,473912,432732,144,49,47,48,114,3820,194.335,2761,4391,3000,0
2026-07-23T22:53:42Z,54894,2463764,753956,1235896,473912,432732,144,49,47,48,114,3822,194.444,2727,4227,3000,0
2026-07-23T22:54:14Z,54926,2463764,753956,1235896,473912,371292,144,49,47,48,114,3823,194.501,2607,4255,3000,0
2026-07-23T22:54:45Z,54957,2463764,753956,1235896,473912,397916,144,49,47,48,114,3824,194.560,2629,4085,3000,0
2026-07-23T22:55:16Z,54988,2463764,753956,1235896,473912,449116,144,49,47,48,114,3825,194.614,2517,4403,3000,0
2026-07-23T22:55:48Z,55020,2463764,753956,1235896,473912,369244,144,49,47,48,114,3826,194.670,2587,4007,3000,0
2026-07-23T22:56:19Z,55051,2463764,753956,1235896,473912,393820,144,49,47,48,114,3827,194.726,2635,4431,3000,0
2026-07-23T22:56:50Z,55082,2463764,753956,1235896,473912,438877,144,49,47,48,114,3828,194.783,2627,4175,3000,0
2026-07-23T22:57:22Z,55114,2463764,753956,1235896,473912,365149,144,49,47,48,114,3829,194.836,2561,4057,3000,0
2026-07-23T22:57:53Z,55145,2463764,753956,1235896,473912,381533,144,49,47,48,114,3831,194.944,2553,4067,3000,0
2026-07-23T22:58:24Z,55176,2463764,753956,1235896,473912,500317,144,49,47,48,114,3832,195.013,2613,4159,3000,0
2026-07-23T22:58:56Z,55208,2463764,753956,1235896,473912,432733,144,49,47,48,114,3833,195.062,2515,3941,3000,0
2026-07-23T22:59:27Z,55239,2463764,753956,1235896,473912,367197,144,49,47,48,114,3834,195.113,2569,4005,3000,0
2026-07-23T22:59:58Z,55270,2463764,753956,1235896,473912,383581,144,49,47,48,114,3835,195.166,2687,4283,3000,0
2026-07-23T23:00:30Z,55302,2463764,753956,1235896,473912,365149,144,49,47,48,114,3836,195.212,2571,4179,3000,0
2026-07-23T23:01:01Z,55333,2463764,753956,1235896,473912,379485,144,49,47,48,114,3837,195.275,2789,4363,3000,0
2026-07-23T23:01:32Z,55364,2463764,753956,1235896,473912,387677,144,49,47,48,114,3838,195.336,3207,4911,3000,0
2026-07-23T23:02:04Z,55396,2463764,753956,1235896,473912,438877,144,49,47,48,114,3840,195.453,2855,4639,3000,0
2026-07-23T23:02:35Z,55427,2463764,753956,1235896,473912,381533,144,49,47,48,114,3841,195.508,3155,4867,3000,0
2026-07-23T23:03:07Z,55459,2463764,753956,1235896,473912,389725,144,49,47,48,114,3842,195.570,2865,4439,3000,0
2026-07-23T23:03:38Z,55490,2463764,753956,1235896,473912,436829,144,49,47,48,114,3843,195.634,2855,4911,3000,0
2026-07-23T23:04:09Z,55521,2463764,753956,1235896,473912,428637,144,49,47,48,114,3844,195.685,2767,4303,3000,0
2026-07-23T23:04:41Z,55553,2463764,753956,1235896,473912,379485,144,49,47,48,114,3845,195.743,2837,4491,3000,0
2026-07-23T23:05:12Z,55584,2463764,753956,1235896,473912,381533,144,49,47,48,114,3846,195.812,2931,4619,3000,0
2026-07-23T23:05:43Z,55615,2463764,753956,1235896,473912,580189,144,49,47,48,114,3847,195.890,2553,4475,3000,0
2026-07-23T23:06:15Z,55647,2463764,753956,1235896,473912,385629,144,49,47,48,114,3848,195.940,2747,4327,3000,0
2026-07-23T23:06:46Z,55678,2463764,753956,1235896,473912,379485,144,49,47,48,114,3849,195.993,3023,4655,3000,0
2026-07-23T23:07:18Z,55710,2463764,753956,1235896,473912,502365,144,49,47,48,114,3851,196.099,2767,4611,3000,0
2026-07-23T23:07:49Z,55741,2463764,753956,1235896,473912,375389,144,49,47,48,114,3852,196.157,2791,4387,3000,0
2026-07-23T23:08:20Z,55772,2463764,753956,1235896,473912,373341,144,49,47,48,114,3853,196.217,2907,4443,3000,0
2026-07-23T23:08:52Z,55804,2463764,753956,1235896,473912,447069,144,49,47,48,114,3854,196.270,2971,4571,3000,0
2026-07-23T23:09:23Z,55835,2463764,753956,1235896,473912,434781,144,49,47,48,114,3855,196.322,3085,4571,3000,0
2026-07-23T23:09:55Z,55867,2463764,753956,1235896,473912,389725,144,49,47,48,114,3856,196.383,3089,4843,3000,0
2026-07-23T23:10:26Z,55898,2463764,753956,1235896,473912,379485,144,49,47,48,114,3857,196.447,3253,5019,3000,0
2026-07-23T23:10:57Z,55929,2463764,753956,1235896,473912,453214,144,49,47,48,114,3859,196.561,3251,5091,3000,0
2026-07-23T23:11:29Z,55961,2463764,753956,1235896,473912,381534,144,49,47,48,114,3860,196.621,3107,4827,3000,0
2026-07-23T23:12:00Z,55992,2463764,753956,1235896,473912,389726,144,49,47,48,114,3861,196.676,3113,4667,3000,0
2026-07-23T23:12:31Z,56023,2463764,753956,1235896,473912,514654,144,49,47,48,114,3862,196.737,3251,4931,3000,0
2026-07-23T23:13:03Z,56055,2463764,753956,1235896,473912,379486,144,49,47,48,114,3863,196.793,3161,4831,3000,0
2026-07-23T23:13:34Z,56086,2463764,753956,1235896,473912,385630,144,49,47,48,114,3864,196.850,2997,4475,3000,0
2026-07-23T23:14:06Z,56118,2463764,753956,1235896,473912,516702,144,49,47,48,114,3865,196.907,3157,4831,3000,0
2026-07-23T23:14:37Z,56149,2463764,753956,1235896,473912,510558,144,49,47,48,114,3867,197.023,2999,4363,3000,0
2026-07-23T23:15:08Z,56180,2463764,753956,1235896,473912,377438,144,49,47,48,114,3868,197.084,3207,4815,3000,0
2026-07-23T23:15:40Z,56212,2463764,753956,1235896,473912,385630,144,49,47,48,114,3869,197.142,3047,4919,3000,0
2026-07-23T23:16:11Z,56243,2463764,753956,1235896,473912,442974,144,49,47,48,114,3870,197.197,3159,5323,3000,0
2026-07-23T23:16:43Z,56275,2463764,753956,1235896,473912,387678,144,49,47,48,114,3871,197.255,3307,5111,3000,0
2026-07-23T23:17:14Z,56306,2463764,753956,1235896,473912,391774,144,49,47,48,114,3872,197.317,3273,5403,3000,0
2026-07-23T23:17:45Z,56337,2463764,753956,1235896,473912,379486,144,49,47,48,114,3873,197.380,3253,5127,3000,0
2026-07-23T23:18:17Z,56369,2463764,753956,1235896,473912,393822,144,49,47,48,114,3874,197.435,3185,4847,3000,0
2026-07-23T23:18:48Z,56400,2463764,753956,1235896,473912,391774,144,49,47,48,114,3876,197.563,3221,4959,3000,0
2026-07-23T23:19:19Z,56431,2463764,753956,1235896,473912,512606,144,49,47,48,114,3877,197.624,3197,4859,3000,0
2026-07-23T23:19:51Z,56463,2463764,753956,1235896,473912,432734,144,49,47,48,114,3878,197.682,3121,4731,3000,0
2026-07-23T23:20:22Z,56494,2463764,753956,1235896,473912,385630,144,49,47,48,114,3879,197.740,3371,5287,3000,0
2026-07-23T23:20:54Z,56526,2463764,753956,1235896,473912,383582,144,49,47,48,114,3880,197.792,3445,5207,3000,0
2026-07-23T23:21:25Z,56557,2463764,753956,1235896,473912,436830,144,49,47,48,114,3881,197.847,3193,5383,3000,0
2026-07-23T23:21:57Z,56589,2463764,753956,1235896,473912,377438,144,49,47,48,114,3882,197.906,3201,5343,3000,0
2026-07-23T23:22:28Z,56620,2463764,753956,1235896,473912,397918,144,49,47,48,114,3883,197.967,3457,5107,3000,0
2026-07-23T23:22:59Z,56651,2463764,753956,1235896,473912,445022,144,49,47,48,114,3885,198.091,3203,5159,3000,0
2026-07-23T23:23:31Z,56683,2463764,753956,1235896,473912,387678,144,49,47,48,114,3886,198.159,3195,4891,3000,0
2026-07-23T23:24:02Z,56714,2463764,753956,1235896,473912,391774,144,49,47,48,114,3887,198.218,3333,5151,3000,0
2026-07-23T23:24:34Z,56746,2463784,753956,1235916,473912,457329,144,49,47,48,114,3888,198.280,3335,5123,3000,0
2026-07-23T23:25:05Z,56777,2463784,753956,1235916,473912,453233,144,49,47,48,114,3889,198.336,2987,4687,3000,0
2026-07-23T23:25:36Z,56808,2463784,753956,1235916,473912,389745,144,49,47,48,114,3890,198.392,3179,4971,3000,0
2026-07-23T23:26:08Z,56840,2463784,753956,1235916,473912,387697,144,49,47,48,114,3891,198.456,3461,5479,3000,0
2026-07-23T23:26:39Z,56871,2463784,753956,1235916,473912,510577,144,49,47,48,114,3892,198.519,3019,4851,3000,0
2026-07-23T23:27:11Z,56903,2463784,753956,1235916,473912,365169,144,49,47,48,114,3893,198.573,3203,5083,3000,0
2026-07-23T23:27:42Z,56934,2463784,753956,1235916,473912,379505,144,49,47,48,114,3894,198.630,3451,5103,3000,0
2026-07-23T23:28:13Z,56965,2463784,753956,1235916,473912,457329,144,49,47,48,114,3896,198.736,3059,4939,3000,0
2026-07-23T23:28:45Z,56997,2463784,753956,1235916,473912,383601,144,49,47,48,114,3897,198.800,3089,4671,3000,0
2026-07-23T23:29:16Z,57028,2463784,753956,1235916,473912,375409,144,49,47,48,114,3898,198.858,3287,4891,3000,0
2026-07-23T23:29:48Z,57060,2463784,753956,1235916,473912,512625,144,49,47,48,114,3899,198.923,3159,4631,3000,0
2026-07-23T23:30:19Z,57091,2463784,753956,1235916,473912,508529,144,49,47,48,114,3900,198.983,3145,4955,3000,0
2026-07-23T23:30:50Z,57122,2463784,753956,1235916,473912,375409,144,49,47,48,114,3901,199.042,3229,4907,3000,0
2026-07-23T23:31:22Z,57154,2463784,753956,1235916,473912,383601,144,49,47,48,114,3902,199.103,3439,5447,3000,0
2026-07-23T23:31:53Z,57185,2463784,753956,1235916,473912,369265,144,49,47,48,114,3904,199.231,3027,5143,3000,0
2026-07-23T23:32:25Z,57217,2463784,753956,1235916,473912,375409,144,49,47,48,114,3905,199.296,3267,5227,3000,0
2026-07-23T23:32:56Z,57248,2463784,753956,1235916,473912,391793,144,49,47,48,114,3906,199.357,3323,4951,3000,0
2026-07-23T23:33:27Z,57279,2463784,753956,1235916,473912,502385,144,49,47,48,114,3907,199.421,3087,5339,3000,0
2026-07-23T23:33:59Z,57311,2463784,753956,1235916,473912,377457,144,49,47,48,114,3908,199.479,3211,4715,3000,0
2026-07-23T23:34:30Z,57342,2463784,753956,1235916,473912,381553,144,49,47,48,114,3909,199.535,3225,4935,3000,0
2026-07-23T23:35:02Z,57374,2463784,753956,1235916,473912,377457,144,49,47,48,114,3910,199.593,3235,5299,3000,0
2026-07-23T23:35:33Z,57405,2463784,753956,1235916,473912,371313,144,49,47,48,114,3911,199.650,3323,5103,3000,0
2026-07-23T23:36:04Z,57436,2463784,753956,1235916,473912,379505,144,49,47,48,114,3913,199.776,3237,4847,3000,0
2026-07-23T23:36:36Z,57468,2463784,753956,1235916,473912,391793,144,49,47,48,114,3914,199.846,3317,5219,3000,0
2026-07-23T23:37:07Z,57499,2463784,753956,1235916,473912,440945,144,49,47,48,114,3915,199.908,3311,5411,3000,0
2026-07-23T23:37:39Z,57531,2463784,753956,1235916,473912,373361,144,49,47,48,114,3916,199.971,3327,5391,3000,0
2026-07-23T23:38:10Z,57562,2463784,753956,1235916,473912,393841,144,49,47,48,114,3917,200.031,3573,5367,3000,0
2026-07-23T23:38:41Z,57593,2463784,753956,1235916,473912,512625,144,49,47,48,114,3918,200.100,3449,5251,3000,0
2026-07-23T23:39:13Z,57625,2463784,753956,1235916,473912,375409,144,49,47,48,114,3919,200.165,3287,4775,3000,0
2026-07-23T23:39:44Z,57656,2463784,753956,1235916,473912,367217,144,49,47,48,114,3920,200.229,3521,5079,3000,0
2026-07-23T23:40:16Z,57688,2463784,753956,1235916,473912,500337,144,49,47,48,114,3922,200.362,3491,5147,3000,0
2026-07-23T23:40:47Z,57719,2463784,753956,1235916,473912,430705,144,49,47,48,114,3923,200.419,3349,5271,3000,0
2026-07-23T23:41:18Z,57750,2463784,753956,1235916,473912,377457,144,49,47,48,114,3924,200.479,3375,4951,3000,0
2026-07-23T23:41:50Z,57782,2463784,753956,1235916,473912,393841,144,49,47,48,114,3925,200.534,3309,5119,3000,0
2026-07-23T23:42:21Z,57813,2463784,753956,1235916,473912,502385,144,49,47,48,114,3926,200.589,3413,4999,3000,0
2026-07-23T23:42:52Z,57844,2463784,753956,1235916,473912,381553,144,49,47,48,114,3927,200.651,3383,5435,3000,0
2026-07-23T23:43:24Z,57876,2463784,753956,1235916,473912,393841,144,49,47,48,114,3928,200.713,3597,5323,3000,0
2026-07-23T23:43:55Z,57907,2463784,753956,1235916,473912,377457,144,49,47,48,114,3930,200.842,3247,4967,3000,0
2026-07-23T23:44:27Z,57939,2463784,753956,1235916,473912,381553,144,49,47,48,114,3931,200.902,3331,5071,3000,0
2026-07-23T23:44:58Z,57970,2463784,753956,1235916,473912,391793,144,49,47,48,114,3932,200.961,3457,5159,3000,0
2026-07-23T23:45:29Z,58001,2463784,753956,1235916,473912,449137,144,49,47,48,114,3933,201.023,3543,5211,3000,0
2026-07-23T23:46:01Z,58033,2463784,753956,1235916,473912,447089,144,49,47,48,114,3934,201.083,3219,4955,3000,0
2026-07-23T23:46:32Z,58064,2463784,753956,1235916,473912,379505,144,49,47,48,114,3935,201.144,3283,4891,3000,0
2026-07-23T23:47:04Z,58096,2463784,753956,1235916,473912,387697,144,49,47,48,114,3936,201.208,3621,5431,3000,0
2026-07-23T23:47:35Z,58127,2463784,753956,1235916,473912,504433,144,49,47,48,114,3937,201.271,3109,5235,3000,0
2026-07-23T23:48:06Z,58158,2463784,753956,1235916,473912,373361,144,49,47,48,114,3938,201.330,3383,4987,3000,0
2026-07-23T23:48:38Z,58190,2463856,753956,1235988,473912,377457,144,49,47,48,114,3940,201.445,3349,5171,3000,0
2026-07-23T23:49:09Z,58221,2463856,753956,1235988,473912,512625,144,49,47,48,114,3941,201.496,3247,4975,3000,0
2026-07-23T23:49:41Z,58253,2463856,753956,1235988,473912,379505,144,49,47,48,114,3942,201.555,3273,5079,3000,0
2026-07-23T23:50:12Z,58284,2463856,753956,1235988,473912,373361,144,49,47,48,114,3943,201.617,3389,5027,3000,0
2026-07-23T23:50:44Z,58316,2463856,753956,1235988,473912,512625,144,49,47,48,114,3944,201.679,3651,5403,3000,0
2026-07-23T23:51:15Z,58347,2463856,753956,1235988,473912,502385,144,49,47,48,114,3945,201.736,3321,5003,3000,0
2026-07-23T23:51:46Z,58378,2463856,753956,1235988,473912,369265,144,49,47,48,114,3946,201.792,3319,5371,3000,0
2026-07-23T23:52:18Z,58410,2463856,753956,1235988,473912,379505,144,49,47,48,114,3947,201.852,3431,5199,3000,0
2026-07-23T23:52:49Z,58441,2463856,753956,1235988,473912,512625,144,49,47,48,114,3949,201.974,3127,5271,3000,0
2026-07-23T23:53:21Z,58473,2463856,753956,1235988,473912,373361,144,49,47,48,114,3950,202.035,3237,4943,3000,0
2026-07-23T23:53:52Z,58504,2463856,753956,1235988,473912,385649,144,49,47,48,114,3951,202.088,3429,5431,3000,0
2026-07-23T23:54:23Z,58535,2463856,753956,1235988,473912,436849,144,49,47,48,114,3952,202.164,3467,5195,3000,0
2026-07-23T23:54:55Z,58567,2463856,753956,1235988,473912,385649,144,49,47,48,114,3953,202.220,3387,5111,3000,0
2026-07-23T23:55:26Z,58598,2463856,753956,1235988,473912,379505,144,49,47,48,114,3954,202.272,3261,4991,3000,0
2026-07-23T23:55:58Z,58630,2463856,753956,1235988,473912,377457,144,49,47,48,114,3955,202.322,3451,5087,3000,0
2026-07-23T23:56:29Z,58661,2463856,753956,1235988,473912,369265,144,49,47,48,114,3956,202.378,3011,4707,3000,0
2026-07-23T23:57:01Z,58693,2463856,753956,1235988,473912,402034,144,49,47,48,114,3957,202.440,3225,5071,3000,0
2026-07-23T23:57:32Z,58724,2463900,753956,1236032,473912,387698,144,49,47,48,114,3959,202.591,3265,5135,3000,0
2026-07-23T23:58:03Z,58755,2463900,753956,1236032,473912,449138,144,49,47,48,114,3960,202.658,3037,4859,3000,0
2026-07-23T23:58:35Z,58787,2463900,753956,1236032,473912,377458,144,49,47,48,114,3961,202.714,2721,4147,3000,0
2026-07-23T23:59:06Z,58818,2463900,753956,1236032,473912,397938,144,49,47,48,114,3962,202.768,2623,4235,3000,0
2026-07-23T23:59:37Z,58849,2463900,753956,1236032,473912,434802,144,49,47,48,114,3963,202.827,2617,4065,3000,0
2026-07-24T00:00:09Z,58881,2463900,753956,1236032,473912,367218,144,49,47,48,114,3964,202.880,2585,4287,3000,0
2026-07-24T00:00:40Z,58912,2463900,753956,1236032,473912,381554,144,49,47,48,114,3965,202.932,2581,4019,3000,0
2026-07-24T00:01:11Z,58943,2463900,753956,1236032,473912,449138,144,49,47,48,114,3966,202.983,2611,4075,3000,0
2026-07-24T00:01:43Z,58975,2463900,753956,1236032,473912,445042,144,49,47,48,114,3967,203.037,2599,4123,3000,0
2026-07-24T00:02:14Z,59006,2463900,753956,1236032,473912,369266,144,49,47,48,114,3969,203.152,2587,4195,3000,0
2026-07-24T00:02:46Z,59038,2463900,753956,1236032,473912,391794,144,49,47,48,114,3970,203.209,2581,4179,3000,0
2026-07-24T00:03:17Z,59069,2463900,753956,1236032,473912,442994,144,49,47,48,114,3971,203.261,2731,4143,3000,0
2026-07-24T00:03:48Z,59100,2463900,753956,1236032,473912,383602,144,49,47,48,114,3972,203.318,2577,4207,3000,0
2026-07-24T00:04:20Z,59132,2463900,753956,1236032,473912,385650,144,49,47,48,114,3973,203.376,2661,4167,3000,0
2026-07-24T00:04:51Z,59163,2463900,753956,1236032,473912,504434,144,49,47,48,114,3974,203.436,2775,4443,3000,0
2026-07-24T00:05:22Z,59194,2463900,753956,1236032,473912,379506,144,49,47,48,114,3975,203.489,2577,3947,3000,0
2026-07-24T00:05:54Z,59226,2463900,753956,1236032,473912,379506,144,49,47,48,114,3976,203.544,2609,4211,3000,0
2026-07-24T00:06:25Z,59257,2463900,753956,1236032,473912,465522,144,49,47,48,114,3977,203.600,2961,4343,3000,0
2026-07-24T00:06:56Z,59288,2463900,753956,1236032,473912,453234,144,49,47,48,114,3978,203.652,2803,4283,3000,0
2026-07-24T00:07:28Z,59320,2463900,753956,1236032,473912,379506,144,49,47,48,114,3980,203.772,3163,4867,3000,0
2026-07-24T00:07:59Z,59351,2463900,753956,1236032,473912,389746,144,49,47,48,114,3981,203.829,2795,5167,3000,0
2026-07-24T00:08:31Z,59383,2463900,753956,1236032,473912,447090,144,49,47,48,114,3982,203.887,3107,4755,3000,0
2026-07-24T00:09:02Z,59414,2463900,753956,1236032,473912,395890,144,49,47,48,114,3983,203.942,2887,4959,3000,0
2026-07-24T00:09:33Z,59445,2463900,753956,1236032,473912,387698,144,49,47,48,114,3984,204.000,3001,5227,3000,0
2026-07-24T00:10:05Z,59477,2463900,753956,1236032,473912,389746,144,49,47,48,114,3985,204.060,3295,5135,3000,0
2026-07-24T00:10:36Z,59508,2463900,753956,1236032,473912,389746,144,49,47,48,114,3986,204.116,2981,4735,3000,0
2026-07-24T00:11:07Z,59539,2463908,753956,1236040,473912,389746,144,49,47,48,114,3987,204.172,2745,4367,3000,0
2026-07-24T00:11:39Z,59571,2463908,753956,1236040,473912,506482,144,49,47,48,114,3989,204.288,2915,4471,3000,0
2026-07-24T00:12:10Z,59602,2463908,753956,1236040,473912,434802,144,49,47,48,114,3990,204.342,2693,4775,3000,0
2026-07-24T00:12:42Z,59634,2463908,753956,1236040,473912,373362,144,49,47,48,114,3991,204.398,2625,4331,3000,0
2026-07-24T00:13:13Z,59665,2463908,753956,1236040,473912,381554,144,49,47,48,114,3992,204.448,2721,4519,3000,0
2026-07-24T00:13:44Z,59696,2463908,753956,1236040,473912,438898,144,49,47,48,114,3993,204.499,2597,4355,3000,0
2026-07-24T00:14:16Z,59728,2463908,753956,1236040,473912,379506,144,49,47,48,114,3994,204.554,2625,4183,3000,0
2026-07-24T00:14:47Z,59759,2463908,753956,1236040,473912,391794,144,49,47,48,114,3995,204.612,2743,4615,3000,0
2026-07-24T00:15:18Z,59790,2463908,753956,1236040,473912,375410,144,49,47,48,114,3997,204.751,2651,4291,3000,0
2026-07-24T00:15:50Z,59822,2463908,753956,1236040,473912,393842,144,49,47,48,114,3998,204.811,2623,4315,3000,0
2026-07-24T00:16:21Z,59853,2463908,753956,1236040,473912,383602,144,49,47,48,114,3999,204.863,2659,4247,3000,0
2026-07-24T00:16:52Z,59884,2463908,753956,1236040,473912,379506,144,49,47,48,114,4000,204.922,2659,4131,3000,0
2026-07-24T00:17:24Z,59916,2463908,753956,1236040,473912,369266,144,49,47,48,114,4001,204.979,2607,4119,3000,0
2026-07-24T00:17:55Z,59947,2463908,753956,1236040,473912,383602,144,49,47,48,114,4002,205.051,2571,4239,3000,0
2026-07-24T00:18:26Z,59978,2463908,753956,1236040,473912,393842,144,49,47,48,114,4003,205.108,2651,4231,3000,0
2026-07-24T00:18:58Z,60010,2463908,753956,1236040,473912,502386,144,49,47,48,114,4004,205.166,2509,4247,3000,0
2026-07-24T00:19:29Z,60041,2463908,753956,1236040,473912,369266,144,49,47,48,114,4005,205.221,2711,4191,3000,0
2026-07-24T00:20:00Z,60072,2463908,753956,1236040,473912,373362,144,49,47,48,114,4006,205.276,2609,4187,3000,0
2026-07-24T00:20:32Z,60104,2463908,753956,1236040,473912,516722,144,49,47,48,114,4008,205.385,2651,4375,3000,0
2026-07-24T00:21:03Z,60135,2463908,753956,1236040,473912,379506,144,49,47,48,114,4009,205.440,2561,4103,3000,0
2026-07-24T00:21:35Z,60167,2463908,753956,1236040,473912,379506,144,49,47,48,114,4010,205.498,2597,4171,3000,0
2026-07-24T00:22:06Z,60198,2463908,753956,1236040,473912,451186,144,49,47,48,114,4011,205.557,2729,4399,3000,0
2026-07-24T00:22:37Z,60229,2463908,753956,1236040,473912,453234,144,49,47,48,114,4012,205.611,2665,4151,3000,0
2026-07-24T00:23:09Z,60261,2463908,753956,1236040,473912,371314,144,49,47,48,114,4013,205.668,2581,4255,3000,0
2026-07-24T00:23:40Z,60292,2463908,753956,1236040,473912,397938,144,49,47,48,114,4014,205.723,2675,4527,3000,0
2026-07-24T00:24:11Z,60323,2463908,753956,1236040,473912,584306,144,49,47,48,114,4015,205.792,2775,4371,3000,0
2026-07-24T00:24:43Z,60355,2463908,753956,1236040,473912,371314,144,49,47,48,114,4016,205.848,2615,4531,3000,0
2026-07-24T00:25:14Z,60386,2463908,753956,1236040,473912,367218,144,49,47,48,114,4017,205.902,2667,4271,3000,0
2026-07-24T00:25:45Z,60417,2463908,753956,1236040,473912,502386,144,49,47,48,114,4019,206.008,2713,4443,3000,0
2026-07-24T00:26:17Z,60449,2463908,753956,1236040,473912,369266,144,49,47,48,114,4020,206.062,2711,4167,3000,0
2026-07-24T00:26:48Z,60480,2463908,753956,1236040,473912,381554,144,49,47,48,114,4021,206.119,2649,4131,3000,0
2026-07-24T00:27:19Z,60511,2463940,753988,1236040,473912,451186,144,49,47,48,114,4022,206.179,2635,4231,3000,0
2026-07-24T00:27:51Z,60543,2463940,753988,1236040,473912,449138,144,49,47,48,114,4023,206.242,2651,3991,3000,0
2026-07-24T00:28:22Z,60574,2463940,753988,1236040,473912,381554,144,49,47,48,114,4024,206.299,2647,4131,3000,0
2026-07-24T00:28:53Z,60605,2463940,753988,1236040,473912,391794,144,49,47,48,114,4025,206.355,2603,4191,3000,0
2026-07-24T00:29:25Z,60637,2463940,753988,1236040,473912,377458,144,49,47,48,114,4027,206.458,2527,4103,3000,0
2026-07-24T00:29:56Z,60668,2463940,753988,1236040,473912,381554,144,49,47,48,114,4028,206.513,2595,4013,3000,0
2026-07-24T00:30:28Z,60700,2463940,753988,1236040,473912,381554,144,49,47,48,114,4029,206.571,2723,4255,3000,0
2026-07-24T00:30:59Z,60731,2463940,753988,1236040,473912,504434,144,49,47,48,114,4030,206.647,2619,4215,3000,0
2026-07-24T00:31:30Z,60762,2463940,753988,1236040,473912,352882,144,49,47,48,114,4031,206.695,2637,4211,3000,0
2026-07-24T00:32:02Z,60794,2463940,753988,1236040,473912,369266,144,49,47,48,114,4032,206.746,2637,4315,3000,0
2026-07-24T00:32:33Z,60825,2463940,753988,1236040,473912,492146,144,49,47,48,114,4034,206.850,2713,4231,3000,0
2026-07-24T00:33:04Z,60856,2463940,753988,1236040,473912,500338,144,49,47,48,114,4035,206.905,2829,4499,3000,0
2026-07-24T00:33:36Z,60888,2463940,753988,1236040,473912,371314,144,49,47,48,114,4036,206.964,2859,4511,3000,0
2026-07-24T00:34:07Z,60919,2463940,753988,1236040,473912,391794,144,49,47,48,114,4037,207.025,2885,4575,3000,0
2026-07-24T00:34:38Z,60950,2463940,753988,1236040,473912,447090,144,49,47,48,114,4038,207.081,2603,4675,3000,0
2026-07-24T00:35:10Z,60982,2463940,753988,1236040,473912,391794,144,49,47,48,114,4039,207.142,2841,4371,3000,0
2026-07-24T00:35:41Z,61013,2463940,753988,1236040,473912,389746,144,49,47,48,114,4040,207.198,2647,4623,3000,0
2026-07-24T00:36:12Z,61044,2463940,753988,1236040,473912,453234,144,49,47,48,114,4041,207.256,2659,4355,3000,0
2026-07-24T00:36:44Z,61076,2463940,753988,1236040,473912,381554,144,49,47,48,114,4043,207.372,2711,4295,3000,0
2026-07-24T00:37:15Z,61107,2463940,753988,1236040,473912,385650,144,49,47,48,114,4044,207.431,3027,4895,3000,0
2026-07-24T00:37:47Z,61139,2463940,753988,1236040,473912,428658,144,49,47,48,114,4045,207.489,2785,4667,3000,0
2026-07-24T00:38:18Z,61170,2463940,753988,1236040,473912,369266,144,49,47,48,114,4046,207.539,2665,4275,3000,0
2026-07-24T00:38:49Z,61201,2463940,753988,1236040,473912,367218,144,49,47,48,114,4047,207.590,2647,4339,3000,0
2026-07-24T00:39:21Z,61233,2463940,753988,1236040,473912,381554,144,49,47,48,114,4048,207.639,2991,4551,3000,0
2026-07-24T00:39:52Z,61264,2463940,753988,1236040,473912,365170,144,49,47,48,114,4049,207.691,2783,4559,3000,0
2026-07-24T00:40:23Z,61295,2463940,753988,1236040,473912,383602,144,49,47,48,114,4050,207.744,2721,4407,3000,0
2026-07-24T00:40:55Z,61327,2463940,753988,1236040,473912,391794,144,49,47,48,114,4051,207.800,2661,4359,3000,0
2026-07-24T00:41:26Z,61358,2463940,753988,1236040,473912,440946,144,49,47,48,114,4053,207.931,2727,4255,3000,0
2026-07-24T00:41:57Z,61389,2463940,753988,1236040,473912,377458,144,49,47,48,114,4054,207.986,2761,4219,3000,0
2026-07-24T00:42:29Z,61421,2464004,754052,1236040,473912,383602,144,49,47,48,114,4055,208.038,2749,4359,3000,0
2026-07-24T00:43:00Z,61452,2464004,754052,1236040,473912,455282,144,49,47,48,114,4056,208.118,2631,4483,3000,0
2026-07-24T00:43:31Z,61483,2464004,754052,1236040,473912,447090,144,49,47,48,114,4057,208.170,2607,4439,3000,0
2026-07-24T00:44:03Z,61515,2464004,754052,1236040,473912,385650,144,49,47,48,114,4058,208.230,2723,4311,3000,0
2026-07-24T00:44:34Z,61546,2464004,754052,1236040,473912,389746,144,49,47,48,114,4059,208.287,2651,4395,3000,0
2026-07-24T00:45:06Z,61578,2464004,754052,1236040,473912,504434,144,49,47,48,114,4060,208.358,2565,4727,3000,0
2026-07-24T00:45:37Z,61609,2464004,754052,1236040,473912,361074,144,49,47,48,114,4061,208.409,2753,4231,3000,0
2026-07-24T00:46:08Z,61640,2464004,754052,1236040,473912,371314,144,49,47,48,114,4063,208.514,2779,4523,3000,0
2026-07-24T00:46:40Z,61672,2464004,754052,1236040,473912,508530,144,49,47,48,114,4064,208.560,2669,4299,3000,0
2026-07-24T00:47:11Z,61703,2464004,754052,1236040,473912,367218,144,49,47,48,114,4065,208.616,2581,4049,3000,0
2026-07-24T00:47:42Z,61734,2464004,754052,1236040,473912,363122,144,49,47,48,114,4066,208.676,2599,4351,3000,0
2026-07-24T00:48:14Z,61766,2464004,754052,1236040,473912,367218,144,49,47,48,114,4067,208.731,2705,4455,3000,0
2026-07-24T00:48:45Z,61797,2464004,754052,1236040,473912,359026,144,49,47,48,114,4068,208.795,2647,4207,3000,0
2026-07-24T00:49:16Z,61828,2464004,754052,1236040,473912,375410,144,49,47,48,114,4069,208.847,2693,4375,3000,0
2026-07-24T00:49:48Z,61860,2464004,754052,1236040,473912,391794,144,49,47,48,114,4070,208.903,2585,4115,3000,0
2026-07-24T00:50:19Z,61891,2464004,754052,1236040,473912,445042,144,49,47,48,114,4072,209.010,2555,4739,3000,0
2026-07-24T00:50:50Z,61922,2464004,754052,1236040,473912,375410,144,49,47,48,114,4073,209.070,2621,4255,3000,0
2026-07-24T00:51:22Z,61954,2464004,754052,1236040,473912,387698,144,49,47,48,114,4074,209.122,2735,4323,3000,0
2026-07-24T00:51:53Z,61985,2464004,754052,1236040,473912,580210,144,49,47,48,114,4075,209.192,2599,4211,3000,0
2026-07-24T00:52:24Z,62016,2464004,754052,1236040,473912,361074,144,49,47,48,114,4076,209.245,2543,4355,3000,0
2026-07-24T00:52:56Z,62048,2464004,754052,1236040,473912,369266,144,49,47,48,114,4077,209.294,2683,4243,3000,0
2026-07-24T00:53:27Z,62079,2464004,754052,1236040,473912,516722,144,49,47,48,114,4078,209.347,2735,4163,3000,0
2026-07-24T00:53:58Z,62110,2464004,754052,1236040,473912,516722,144,49,47,48,114,4080,209.455,2529,4049,3000,0
2026-07-24T00:54:30Z,62142,2464004,754052,1236040,473912,379506,144,49,47,48,114,4081,209.511,2701,4343,3000,0
2026-07-24T00:55:01Z,62173,2464004,754052,1236040,473912,383602,144,49,47,48,114,4082,209.568,2927,4819,3000,0
2026-07-24T00:55:33Z,62205,2464004,754052,1236040,473912,512626,144,49,47,48,114,4083,209.623,2937,5143,3000,0
2026-07-24T00:56:04Z,62236,2464004,754052,1236040,473912,373362,144,49,47,48,114,4084,209.679,2825,4431,3000,0
2026-07-24T00:56:35Z,62267,2464004,754052,1236040,473912,379506,144,49,47,48,114,4085,209.736,2831,4547,3000,0
2026-07-24T00:57:07Z,62299,2464004,754052,1236040,473912,512626,144,49,47,48,114,4086,209.795,2783,4651,3000,0
2026-07-24T00:57:38Z,62330,2464004,754052,1236040,473912,365170,144,49,47,48,114,4087,209.846,2573,4563,3000,0
2026-07-24T00:58:09Z,62361,2464004,754052,1236040,473912,379506,144,49,47,48,114,4089,209.961,2663,4359,3000,0
2026-07-24T00:58:41Z,62393,2464004,754052,1236040,473912,504434,144,49,47,48,114,4090,210.020,2853,4583,3000,0
2026-07-24T00:59:12Z,62424,2464004,754052,1236040,473912,430706,144,49,47,48,114,4091,210.073,2647,4299,3000,0
2026-07-24T00:59:43Z,62455,2464004,754052,1236040,473912,367218,144,49,47,48,114,4092,210.128,2793,4291,3000,0
2026-07-24T01:00:15Z,62487,2464004,754052,1236040,473912,373362,144,49,47,48,114,4093,210.181,2687,4627,3000,0
2026-07-24T01:00:46Z,62518,2464004,754052,1236040,473912,434802,144,49,47,48,114,4094,210.232,2541,4183,3000,0
2026-07-24T01:01:17Z,62549,2464004,754052,1236040,473912,379506,144,49,47,48,114,4095,210.288,2669,4235,3000,0
2026-07-24T01:01:49Z,62581,2464004,754052,1236040,473912,385650,144,49,47,48,114,4096,210.344,2813,4487,3000,0
2026-07-24T01:02:20Z,62612,2464004,754052,1236040,473912,449138,144,49,47,48,114,4098,210.460,2741,4715,3000,0
2026-07-24T01:02:52Z,62644,2464004,754052,1236040,473912,383602,144,49,47,48,114,4099,210.515,2837,4487,3000,0
2026-07-24T01:03:23Z,62675,2464004,754052,1236040,473912,375410,144,49,47,48,114,4100,210.574,2851,4387,3000,0
2026-07-24T01:03:54Z,62706,2464004,754052,1236040,473912,451186,144,49,47,48,114,4101,210.641,3373,5055,3000,0
2026-07-24T01:04:26Z,62738,2464004,754052,1236040,473912,438898,144,49,47,48,114,4102,210.699,3077,4823,3000,0
2026-07-24T01:04:57Z,62769,2464004,754052,1236040,473912,385650,144,49,47,48,114,4103,210.777,3149,5291,3000,0
2026-07-24T01:05:29Z,62801,2464004,754052,1236040,473912,389746,144,49,47,48,114,4104,210.838,3479,6039,3000,0
2026-07-24T01:06:00Z,62832,2464004,754052,1236040,473912,438898,144,49,47,48,114,4105,210.904,3103,5427,3000,0
2026-07-24T01:06:31Z,62863,2464004,754052,1236040,473912,363122,144,49,47,48,114,4106,210.961,3107,5199,3000,0
2026-07-24T01:07:03Z,62895,2464004,754052,1236040,473912,387698,144,49,47,48,114,4108,211.076,3349,6067,3000,0
2026-07-24T01:07:34Z,62926,2464004,754052,1236040,473912,447090,144,49,47,48,114,4109,211.131,3247,7123,3000,0
2026-07-24T01:08:06Z,62958,2464004,754052,1236040,473912,375410,144,49,47,48,114,4110,211.191,3279,8003,3000,0
2026-07-24T01:08:37Z,62989,2464004,754052,1236040,473912,385650,144,49,47,48,114,4111,211.258,3169,7315,3000,0
2026-07-24T01:09:08Z,63020,2464004,754052,1236040,473912,375410,144,49,47,48,114,4112,211.328,3073,5567,3000,0
2026-07-24T01:09:40Z,63052,2464004,754052,1236040,473912,373362,144,49,47,48,114,4113,211.384,2883,5499,3000,0
2026-07-24T01:10:11Z,63083,2464004,754052,1236040,473912,381554,144,49,47,48,114,4114,211.446,2877,5031,3000,0
2026-07-24T01:10:42Z,63114,2464004,754052,1236040,473912,389746,144,49,47,48,114,4115,211.499,2695,4731,3000,0
2026-07-24T01:11:14Z,63146,2464004,754052,1236040,473912,371314,144,49,47,48,114,4117,211.616,2621,4699,3000,0
2026-07-24T01:11:45Z,63177,2464004,754052,1236040,473912,389746,144,49,47,48,114,4118,211.676,2909,4499,3000,0
2026-07-24T01:12:17Z,63209,2464004,754052,1236040,473912,391794,144,49,47,48,114,4119,211.732,2657,4447,3000,0
2026-07-24T01:12:48Z,63240,2464004,754052,1236040,473912,500338,144,49,47,48,114,4120,211.790,2605,4395,3000,0
2026-07-24T01:13:19Z,63271,2464004,754052,1236040,473912,369266,144,49,47,48,114,4121,211.846,2621,4155,3000,0
2026-07-24T01:13:51Z,63303,2464004,754052,1236040,473912,383602,144,49,47,48,114,4122,211.909,2669,4439,3000,0
2026-07-24T01:14:22Z,63334,2464004,754052,1236040,473912,449138,144,49,47,48,114,4123,211.961,2777,4495,3000,0
2026-07-24T01:14:53Z,63365,2464004,754052,1236040,473912,449138,144,49,47,48,114,4124,212.013,2545,4075,3000,0
2026-07-24T01:15:25Z,63397,2464004,754052,1236040,473912,379506,144,49,47,48,114,4126,212.128,2595,4239,3000,0
2026-07-24T01:15:56Z,63428,2464004,754052,1236040,473912,389746,144,49,47,48,114,4127,212.184,2609,4275,3000,0
2026-07-24T01:16:28Z,63460,2464008,754052,1236044,473912,379508,144,49,47,48,114,4128,212.238,2531,4037,3000,0
2026-07-24T01:16:59Z,63491,2464008,754052,1236044,473912,383604,144,49,47,48,114,4129,212.293,2555,4443,3000,0
2026-07-24T01:17:30Z,63522,2464008,754052,1236044,473912,393844,144,49,47,48,114,4130,212.349,2853,4403,3000,0
2026-07-24T01:18:02Z,63554,2464008,754052,1236044,473912,461428,144,49,47,48,114,4131,212.405,2795,4467,3000,0
2026-07-24T01:18:33Z,63585,2464008,754052,1236044,473912,369268,144,49,47,48,114,4132,212.457,2687,4295,3000,0
2026-07-24T01:19:04Z,63616,2464008,754052,1236044,473912,383604,144,49,47,48,114,4133,212.514,2729,4419,3000,0
2026-07-24T01:19:36Z,63648,2464008,754052,1236044,473912,514676,144,49,47,48,114,4135,212.650,2691,4507,3000,0
2026-07-24T01:20:07Z,63679,2464008,754052,1236044,473912,371316,144,49,47,48,114,4136,212.702,2691,4127,3000,0
2026-07-24T01:20:38Z,63710,2464008,754052,1236044,473912,375412,144,49,47,48,114,4137,212.755,2851,4655,3000,0
2026-07-24T01:21:10Z,63742,2464008,754052,1236044,473912,375412,144,49,47,48,114,4138,212.804,2951,4679,3000,0
2026-07-24T01:21:41Z,63773,2464008,754052,1236044,473912,445044,144,49,47,48,114,4139,212.855,2921,4819,3000,0
2026-07-24T01:22:12Z,63804,2464008,754052,1236044,473912,383604,144,49,47,48,114,4140,212.913,2755,4519,3000,0
2026-07-24T01:22:44Z,63836,2464008,754052,1236044,473912,377460,144,49,47,48,114,4141,212.970,2853,4419,3000,0
2026-07-24T01:23:15Z,63867,2464008,754052,1236044,473912,520820,144,49,47,48,114,4143,213.080,2675,4379,3000,0
2026-07-24T01:23:47Z,63899,2464012,754056,1236044,473912,383604,144,49,47,48,114,4144,213.136,2797,4187,3000,0
2026-07-24T01:24:18Z,63930,2464012,754056,1236044,473912,387700,144,49,47,48,114,4145,213.191,2873,4523,3000,0
2026-07-24T01:24:49Z,63961,2464012,754056,1236044,473912,514676,144,49,47,48,114,4146,213.248,2659,4231,3000,0
2026-07-24T01:25:21Z,63993,2464012,754056,1236044,473912,508532,144,49,47,48,114,4147,213.303,2581,4107,3000,0
2026-07-24T01:25:52Z,64024,2464012,754056,1236044,473912,377460,144,49,47,48,114,4148,213.359,2597,4071,3000,0
2026-07-24T01:26:23Z,64055,2464012,754056,1236044,473912,381556,144,49,47,48,114,4149,213.416,2761,4379,3000,0
2026-07-24T01:26:55Z,64087,2464012,754056,1236044,473912,500340,144,49,47,48,114,4150,213.474,2913,4539,3000,0
2026-07-24T01:27:26Z,64118,2464012,754056,1236044,473912,383604,144,49,47,48,114,4151,213.528,2855,4691,3000,0
2026-07-24T01:27:57Z,64149,2464012,754056,1236044,473912,379508,144,49,47,48,114,4152,213.580,2777,4747,3000,0
2026-07-24T01:28:29Z,64181,2464012,754056,1236044,473912,434804,144,49,47,48,114,4154,213.680,2773,4475,3000,0
2026-07-24T01:29:00Z,64212,2464012,754056,1236044,473912,385652,144,49,47,48,114,4155,213.733,2909,4515,3000,0
2026-07-24T01:29:32Z,64244,2464012,754056,1236044,473912,379508,144,49,47,48,114,4156,213.789,2849,4491,3000,0
2026-07-24T01:30:03Z,64275,2464012,754056,1236044,473912,445044,144,49,47,48,114,4157,213.848,2903,4655,3000,0
2026-07-24T01:30:34Z,64306,2464012,754056,1236044,473912,447092,144,49,47,48,114,4158,213.900,2689,4391,3000,0
2026-07-24T01:31:06Z,64338,2464012,754056,1236044,473912,375412,144,49,47,48,114,4159,213.960,2949,5775,3000,0
2026-07-24T01:31:37Z,64369,2464012,754056,1236044,473912,381556,144,49,47,48,114,4160,214.021,2927,4759,3000,0
2026-07-24T01:32:08Z,64400,2464012,754056,1236044,473912,436852,144,49,47,48,114,4162,214.130,2677,4399,3000,0
2026-07-24T01:32:40Z,64432,2464012,754056,1236044,473912,379508,144,49,47,48,114,4163,214.187,2873,4327,3000,0
2026-07-24T01:33:11Z,64463,2464012,754056,1236044,473912,393844,144,49,47,48,114,4164,214.244,2955,4555,3000,0
2026-07-24T01:33:42Z,64494,2464012,754056,1236044,473912,572020,144,49,47,48,114,4165,214.303,2889,4319,3000,0
2026-07-24T01:34:14Z,64526,2464012,754056,1236044,473912,369268,144,49,47,48,114,4166,214.365,2725,4487,3000,0
2026-07-24T01:34:45Z,64557,2464012,754056,1236044,473912,373364,144,49,47,48,114,4167,214.421,2663,4275,3000,0
2026-07-24T01:35:17Z,64589,2464012,754056,1236044,473912,451188,144,49,47,48,114,4169,214.522,2717,4411,3000,0
2026-07-24T01:35:48Z,64620,2464012,754056,1236044,473912,375412,144,49,47,48,114,4170,214.576,2581,4139,3000,0
2026-07-24T01:36:19Z,64651,2464012,754056,1236044,473912,381556,144,49,47,48,114,4171,214.632,2629,4243,3000,0
2026-07-24T01:36:51Z,64683,2464012,754056,1236044,473912,393844,144,49,47,48,114,4172,214.693,2637,4243,3000,0
2026-07-24T01:37:22Z,64714,2464012,754056,1236044,473912,455284,144,49,47,48,114,4173,214.748,2525,4215,3000,0
2026-07-24T01:37:53Z,64745,2464012,754056,1236044,473912,397940,144,49,47,48,114,4174,214.808,2589,4207,3000,0
2026-07-24T01:38:25Z,64777,2464012,754056,1236044,473912,383604,144,49,47,48,114,4175,214.865,2617,4083,3000,0
2026-07-24T01:38:56Z,64808,2464012,754056,1236044,473912,373364,144,49,47,48,114,4176,214.922,2713,4371,3000,0
2026-07-24T01:39:27Z,64839,2464012,754056,1236044,473912,373364,144,49,47,48,114,4178,215.032,2551,3977,3000,0
2026-07-24T01:39:59Z,64871,2464012,754056,1236044,473912,387700,144,49,47,48,114,4179,215.091,2579,4071,3000,0
2026-07-24T01:40:30Z,64902,2464012,754056,1236044,473912,438900,144,49,47,48,114,4180,215.149,2591,4227,3000,0
2026-07-24T01:41:01Z,64933,2464012,754056,1236044,473912,361076,144,49,47,48,114,4181,215.201,2765,4219,3000,0
2026-07-24T01:41:33Z,64965,2464012,754056,1236044,473912,369268,144,49,47,48,114,4182,215.252,2595,4043,3000,0
2026-07-24T01:42:04Z,64996,1227972,754056,0,473916,255408,93,47,0,46,78,4183,215.305,2589,4327,3000,0
2026-07-24T01:42:36Z,65028,1696720,1220924,1876,473920,798129,102,49,5,48,79,4215,216.038,2583,5299,3000,0
2026-07-24T01:43:07Z,65059,1696792,1220924,1876,473992,222646,102,49,5,48,80,4216,216.086,2589,6475,3000,0
2026-07-24T01:43:39Z,65091,1696736,1220924,1876,473936,216502,102,49,5,48,79,4217,216.137,2691,4603,3000,0
2026-07-24T01:44:10Z,65122,1696736,1220924,1876,473936,306614,102,49,5,48,79,4218,216.181,2629,4223,3000,0
2026-07-24T01:44:41Z,65153,1696736,1220924,1876,473936,236982,102,49,5,48,79,4219,216.231,2581,4083,3000,0
2026-07-24T01:45:13Z,65185,1696736,1220924,1876,473936,251318,102,49,5,48,79,4220,216.284,2641,4049,3000,0
2026-07-24T01:45:44Z,65216,1699288,1222548,1876,474864,316854,102,49,5,48,79,4222,216.386,2785,4635,3000,0
2026-07-24T01:46:15Z,65247,1699296,1222548,1876,474872,259510,102,49,5,48,79,4223,216.442,2769,4359,3000,0
2026-07-24T01:46:46Z,65278,1699804,1223056,1876,474872,249270,102,49,5,48,79,4224,216.507,2605,4211,3000,0
2026-07-24T01:47:18Z,65310,1699804,1223056,1876,474872,253366,102,49,5,48,79,4225,216.569,2659,4155,3000,0
2026-07-24T01:47:49Z,65341,1701432,1223056,1876,476500,318902,102,49,5,48,79,4226,216.630,2513,4503,3000,0
2026-07-24T01:48:20Z,65372,1701480,1223104,1876,476500,249270,102,49,5,48,79,4227,216.689,2597,4123,3000,0
2026-07-24T01:48:52Z,65404,1701480,1223104,1876,476500,257462,102,49,5,48,79,4228,216.749,2667,4235,3000,0
2026-07-24T01:49:23Z,65435,1701480,1223104,1876,476500,253366,102,49,5,48,79,4229,216.811,2605,4191,3000,0
2026-07-24T01:49:54Z,65466,1701480,1223104,1876,476500,257462,102,49,5,48,79,4231,216.933,2671,4235,3000,0
2026-07-24T01:50:26Z,65498,1701480,1223104,1876,476500,259510,102,49,5,48,79,4232,216.992,2795,4279,3000,0
2026-07-24T01:50:57Z,65529,1702292,1223104,1876,477312,376246,102,49,5,48,79,4233,217.066,2643,4179,3000,0
2026-07-24T01:51:28Z,65560,1702324,1223104,1876,477344,255414,102,49,5,48,79,4234,217.128,2615,4667,3000,0
2026-07-24T01:52:00Z,65592,1702324,1223104,1876,477344,249270,102,49,5,48,79,4235,217.182,2617,4155,3000,0
2026-07-24T01:52:31Z,65623,1702324,1223104,1876,477344,253366,102,49,5,48,79,4236,217.235,2629,4191,3000,0
2026-07-24T01:53:02Z,65654,1702324,1223104,1876,477344,243126,102,49,5,48,79,4237,217.286,2547,4179,3000,0
2026-07-24T01:53:33Z,65685,1702324,1223104,1876,477344,245174,102,49,5,48,79,4238,217.339,2577,4387,3000,0
2026-07-24T01:54:05Z,65717,1702324,1223104,1876,477344,253366,102,49,5,48,79,4239,217.423,2727,4235,3000,0
2026-07-24T01:54:36Z,65748,1702324,1223104,1876,477344,239030,102,49,5,48,79,4241,217.546,2739,4291,3000,0
2026-07-24T01:55:07Z,65779,2030760,1223104,330308,477348,338425,144,49,47,48,115,4242,217.622,2609,5767,3000,0
2026-07-24T01:55:39Z,65811,2050564,1223104,350112,477348,348665,144,49,47,48,114,4243,217.683,2631,4527,3000,0
2026-07-24T01:56:10Z,65842,2142260,1223104,440572,478584,438823,144,49,47,48,114,4244,217.740,2593,4403,3000,0
2026-07-24T01:56:41Z,65873,2154000,1223104,452312,478584,442919,144,49,47,48,114,4245,217.795,2561,4247,3000,0
2026-07-24T01:57:13Z,65905,2167448,1223104,465760,478584,369200,144,49,47,48,114,4246,217.851,2597,4199,3000,0
2026-07-24T01:57:44Z,65936,2167468,1223104,465780,478584,397876,144,49,47,48,114,4247,217.912,2607,4179,3000,0
2026-07-24T01:58:16Z,65968,2167476,1223104,465788,478584,377397,144,49,47,48,114,4249,218.027,2523,4251,3000,0
2026-07-24T01:58:47Z,65999,2167624,1223104,465936,478584,391735,144,49,47,48,114,4250,218.087,2545,4199,3000,0
2026-07-24T01:59:18Z,66030,2167768,1223104,466080,478584,397895,144,49,47,48,114,4251,218.151,2695,4227,3000,0
2026-07-24T01:59:50Z,66062,2167772,1223104,466084,478584,424522,144,49,47,48,114,4252,218.212,2681,4151,3000,0
2026-07-24T02:00:21Z,66093,2167776,1223104,466088,478584,358987,144,49,47,48,114,4253,218.270,2635,4183,3000,0
2026-07-24T02:00:52Z,66124,2167776,1223104,466088,478584,361035,144,49,47,48,114,4254,218.327,2613,4639,3000,0
2026-07-24T02:01:24Z,66156,2167912,1223104,466224,478584,440915,144,49,47,48,114,4256,218.429,2621,4295,3000,0
2026-07-24T02:01:55Z,66187,2167916,1223104,466228,478584,363091,144,49,47,48,114,4257,218.486,2553,4119,3000,0
2026-07-24T02:02:26Z,66218,2167916,1223104,466228,478584,377427,144,49,47,48,114,4258,218.543,2565,4143,3000,0
2026-07-24T02:02:58Z,66250,2167916,1223104,466228,478584,385619,144,49,47,48,114,4259,218.602,2611,4107,3000,0
2026-07-24T02:03:29Z,66281,2167920,1223104,466232,478584,373331,144,49,47,48,114,4260,218.662,2577,4259,3000,0
2026-07-24T02:04:01Z,66313,2167924,1223104,466236,478584,369241,144,49,47,48,114,4261,218.723,2631,4239,3000,0
2026-07-24T02:04:32Z,66344,2168000,1223104,466312,478584,377433,144,49,47,48,114,4262,218.782,2693,4183,3000,0
2026-07-24T02:05:03Z,66375,2168820,1223104,466320,479396,447067,144,49,47,48,114,4263,218.855,2777,4415,3000,0
2026-07-24T02:05:35Z,66407,2168872,1223104,466368,479400,375388,144,49,47,48,114,4265,218.967,2695,4319,3000,0
2026-07-24T02:06:06Z,66438,2168884,1223104,466380,479400,379484,144,49,47,48,114,4266,219.024,2585,4555,3000,0
2026-07-24T02:06:37Z,66469,2168924,1223104,466420,479400,565853,144,49,47,48,114,4267,219.093,2607,4115,3000,0
2026-07-24T02:07:09Z,66501,2168988,1223104,466484,479400,432733,144,49,47,48,114,4268,219.145,2563,4041,3000,0
2026-07-24T02:07:40Z,66532,2168996,1223104,466492,479400,377437,144,49,47,48,114,4269,219.195,2585,4591,3000,0
2026-07-24T02:08:11Z,66563,2169008,1223104,466504,479400,371294,144,49,47,48,114,4270,219.249,2619,4539,3000,0
2026-07-24T02:08:43Z,66595,2169016,1223104,466512,479400,434782,144,49,47,48,114,4271,219.302,2651,4347,3000,0
2026-07-24T02:09:14Z,66626,2169104,1223120,466584,479400,379486,144,49,47,48,114,4272,219.355,2593,4087,3000,0
2026-07-24T02:09:45Z,66657,2169104,1223120,466584,479400,377438,144,49,47,48,114,4273,219.413,2733,4403,3000,0
2026-07-24T02:10:17Z,66689,2169108,1223120,466588,479400,367198,144,49,47,48,114,4275,219.529,2607,4131,3000,0
2026-07-24T02:10:48Z,66720,2169108,1223120,466588,479400,379486,144,49,47,48,114,4276,219.589,2577,4051,3000,0
2026-07-24T02:11:19Z,66751,2169108,1223120,466588,479400,389668,144,49,47,48,114,4277,219.646,2605,4243,3000,0
2026-07-24T02:11:51Z,66783,2169920,1223120,466588,480212,500260,144,49,47,48,114,4278,219.705,2595,4719,3000,0
2026-07-24T02:12:22Z,66814,2169932,1223120,466596,480216,365092,144,49,47,48,114,4279,219.761,2663,4191,3000,0
2026-07-24T02:12:54Z,66846,2169932,1223120,466596,480216,369188,144,49,47,48,114,4280,219.821,2603,4115,3000,0
2026-07-24T02:13:25Z,66877,2169932,1223120,466596,480216,367141,144,49,47,48,114,4281,219.878,2651,4179,3000,0
2026-07-24T02:13:56Z,66908,2170360,1223120,466604,480636,571945,144,49,47,48,114,4282,219.963,2579,4271,3000,0
2026-07-24T02:14:28Z,66940,2170504,1223120,466748,480636,367145,144,49,47,48,114,4284,220.073,2679,4239,3000,0
2026-07-24T02:14:59Z,66971,2170504,1223120,466748,480636,369193,144,49,47,48,114,4285,220.125,2631,4311,3000,0
2026-07-24T02:15:30Z,67002,2170516,1223120,466760,480636,422444,144,49,47,48,114,4286,220.173,2645,4347,3000,0
2026-07-24T02:16:02Z,67034,2170548,1223120,466792,480636,363052,144,49,47,48,114,4287,220.226,2575,4079,3000,0
2026-07-24T02:16:33Z,67065,2170548,1223120,466792,480636,371244,144,49,47,48,114,4288,220.282,2679,4159,3000,0
2026-07-24T02:17:04Z,67096,2170548,1223120,466792,480636,449068,144,49,47,48,114,4289,220.340,2585,4219,3000,0
2026-07-24T02:17:36Z,67128,2170804,1223120,467048,480636,453164,144,49,47,48,114,4290,220.393,2559,4033,3000,0
2026-07-24T02:18:07Z,67159,2170804,1223120,467048,480636,373293,144,49,47,48,114,4291,220.452,2619,4211,3000,0
2026-07-24T02:18:38Z,67190,2170808,1223120,467052,480636,365101,144,49,47,48,114,4292,220.509,2627,4211,3000,0
2026-07-24T02:19:10Z,67222,2170808,1223120,467052,480636,426541,144,49,47,48,114,4294,220.630,2547,4103,3000,0
2026-07-24T02:19:41Z,67253,2170808,1223120,467052,480636,381485,144,49,47,48,114,4295,220.687,2651,4143,3000,0
2026-07-24T02:20:12Z,67284,2170808,1223120,467052,480636,381485,144,49,47,48,114,4296,220.741,2621,3999,3000,0
2026-07-24T02:20:44Z,67316,2173264,1223120,467104,483040,514606,144,49,47,48,114,4297,220.814,2685,4139,3000,0
2026-07-24T02:21:15Z,67347,2173272,1223120,467112,483040,365103,144,49,47,48,114,4298,220.874,2681,4199,3000,0
2026-07-24T02:21:46Z,67378,2173272,1223120,467112,483040,375343,144,49,47,48,114,4299,220.932,2715,4115,3000,0
2026-07-24T02:22:18Z,67410,2173272,1223120,467112,483040,358959,144,49,47,48,114,4301,221.055,2617,4073,3000,0
2026-07-24T02:22:49Z,67441,2173276,1223120,467116,483040,363056,144,49,47,48,114,4302,221.111,2567,4023,3000,0
2026-07-24T02:23:20Z,67472,2173280,1223120,467120,483040,358960,144,49,47,48,114,4303,221.169,2713,4363,3000,0
2026-07-24T02:23:52Z,67504,2173280,1223120,467120,483040,377396,144,49,47,48,114,4304,221.229,2655,4615,3000,0
2026-07-24T02:24:23Z,67535,2173280,1223120,467120,483040,432695,144,49,47,48,114,4305,221.284,2669,4567,3000,0
2026-07-24T02:24:55Z,67567,2173280,1223120,467120,483040,375351,144,49,47,48,114,4306,221.350,2651,4079,3000,0
2026-07-24T02:25:26Z,67598,2173288,1223120,467128,483040,385591,144,49,47,48,114,4307,221.413,2711,4455,3000,0
2026-07-24T02:25:57Z,67629,2173380,1223184,467156,483040,432697,144,49,47,48,114,4309,221.532,2575,4247,3000,0
2026-07-24T02:26:29Z,67661,2173380,1223184,467156,483040,379449,144,49,47,48,114,4310,221.594,2567,4045,3000,0
2026-07-24T02:27:00Z,67692,2173380,1223184,467156,483040,381504,144,49,47,48,114,4311,221.654,2597,4093,3000,0
2026-07-24T02:27:31Z,67723,2173388,1223184,467164,483040,432704,144,49,47,48,114,4312,221.720,2617,4415,3000,0
2026-07-24T02:28:03Z,67755,2173388,1223184,467164,483040,363072,144,49,47,48,114,4313,221.774,2561,4179,3000,0
2026-07-24T02:28:34Z,67786,2173388,1223184,467164,483040,367168,144,49,47,48,114,4314,221.830,2587,4051,3000,0
2026-07-24T02:29:06Z,67818,2173388,1223184,467164,483040,365120,144,49,47,48,114,4315,221.886,2617,4699,3000,0
2026-07-24T02:29:37Z,67849,2173392,1223184,467168,483040,354885,144,49,47,48,114,4316,221.941,2567,4627,3000,0
2026-07-24T02:30:08Z,67880,2173392,1223184,467168,483040,369221,144,49,47,48,114,4317,221.996,2719,4203,3000,0
2026-07-24T02:30:40Z,67912,2173392,1223184,467168,483040,373317,144,49,47,48,114,4318,222.055,2607,4155,3000,0
2026-07-24T02:31:11Z,67943,2173404,1223184,467180,483040,432709,144,49,47,48,114,4320,222.172,2527,4147,3000,0
2026-07-24T02:31:42Z,67974,2174116,1223216,467860,483040,373317,144,49,47,48,114,4321,222.233,2707,4235,3000,0
2026-07-24T02:32:14Z,68006,2174120,1223216,467864,483040,377413,144,49,47,48,114,4322,222.293,2603,4471,3000,0
2026-07-24T02:32:45Z,68037,2174120,1223216,467864,483040,496197,144,49,47,48,114,4323,222.376,2739,4331,3000,0
2026-07-24T02:33:16Z,68068,2174120,1223216,467864,483040,350789,144,49,47,48,114,4324,222.425,2567,4179,3000,0
2026-07-24T02:33:48Z,68100,2174140,1223216,467884,483040,352837,144,49,47,48,114,4325,222.480,2759,4339,3000,0
2026-07-24T02:34:19Z,68131,2174140,1223216,467884,483040,358981,144,49,47,48,114,4326,222.527,2911,4351,3000,0
2026-07-24T02:34:51Z,68163,2174216,1223216,467960,483040,500293,144,49,47,48,114,4327,222.575,2563,4155,3000,0
2026-07-24T02:35:22Z,68194,2174216,1223216,467960,483040,371269,144,49,47,48,114,4328,222.628,2747,4227,3000,0
2026-07-24T02:35:53Z,68225,2174216,1223216,467960,483040,367173,144,49,47,48,114,4329,222.687,2933,4363,3000,0
2026-07-24T02:36:25Z,68257,2175036,1223224,467960,483852,512581,144,49,47,48,114,4331,222.795,2801,4435,3000,0
2026-07-24T02:36:56Z,68288,2175040,1223224,467960,483856,371269,144,49,47,48,114,4332,222.850,2583,4015,3000,0
2026-07-24T02:37:27Z,68319,2175044,1223224,467964,483856,373318,144,49,47,48,114,4333,222.901,2681,4287,3000,0
2026-07-24T02:37:59Z,68351,2175856,1223224,467964,484668,447046,144,49,47,48,114,4334,222.957,2685,4395,3000,0
2026-07-24T02:38:30Z,68382,2175856,1223224,467964,484668,447046,144,49,47,48,114,4335,223.011,2557,4079,3000,0
2026-07-24T02:39:01Z,68413,2175860,1223224,467964,484672,371270,144,49,47,48,114,4336,223.071,2559,4139,3000,0
2026-07-24T02:39:33Z,68445,2175860,1223224,467964,484672,369222,144,49,47,48,114,4337,223.128,2647,4095,3000,0
2026-07-24T02:40:04Z,68476,2175860,1223224,467964,484672,500295,144,49,47,48,114,4338,223.207,2521,4227,3000,0
2026-07-24T02:40:35Z,68507,2175860,1223224,467964,484672,361031,144,49,47,48,114,4340,223.318,2557,3979,3000,0
2026-07-24T02:41:07Z,68539,2175860,1223224,467964,484672,373319,144,49,47,48,114,4341,223.376,2623,4235,3000,0
2026-07-24T02:41:38Z,68570,2175860,1223224,467964,484672,428616,144,49,47,48,114,4342,223.431,2745,4271,3000,0
2026-07-24T02:42:09Z,68601,2175860,1223224,467964,484672,348744,144,49,47,48,114,4343,223.488,2611,4049,3000,0
2026-07-24T02:42:41Z,68633,2175860,1223224,467964,484672,375368,144,49,47,48,114,4344,223.543,2805,4439,3000,0
2026-07-24T02:43:12Z,68664,2175892,1223256,467964,484672,447051,144,49,47,48,114,4345,223.606,2595,4899,3000,0
2026-07-24T02:43:43Z,68695,2175892,1223256,467964,484672,373323,144,49,47,48,114,4346,223.670,2551,4235,3000,0
2026-07-24T02:44:15Z,68727,2175892,1223256,467964,484672,367179,144,49,47,48,114,4347,223.730,2595,4127,3000,0
2026-07-24T02:44:46Z,68758,2175892,1223256,467964,484672,379467,144,49,47,48,114,4349,223.852,2635,4247,3000,0
2026-07-24T02:45:17Z,68789,2175892,1223256,467964,484672,428619,144,49,47,48,114,4350,223.909,2539,4307,3000,0
2026-07-24T02:45:49Z,68821,2175892,1223256,467964,484672,375371,144,49,47,48,114,4351,223.969,2553,4123,3000,0
2026-07-24T02:46:20Z,68852,2175892,1223256,467964,484672,385611,144,49,47,48,114,4352,224.030,2739,4379,3000,0
2026-07-24T02:46:51Z,68883,2175892,1223256,467964,484672,516683,144,49,47,48,114,4353,224.106,2743,4303,3000,0
2026-07-24T02:47:23Z,68915,2175892,1223256,467964,484672,358987,144,49,47,48,114,4354,224.162,2563,4383,3000,0
2026-07-24T02:47:54Z,68946,2175892,1223256,467964,484672,358987,144,49,47,48,114,4355,224.218,2609,4203,3000,0
2026-07-24T02:48:26Z,68978,2175892,1223256,467964,484672,438861,144,49,47,48,114,4357,224.321,2649,4743,3000,0
2026-07-24T02:48:57Z,69009,2175892,1223256,467964,484672,367181,144,49,47,48,114,4358,224.375,2651,4243,3000,0
2026-07-24T02:49:28Z,69040,2175892,1223256,467964,484672,371277,144,49,47,48,114,4359,224.433,2679,4163,3000,0
2026-07-24T02:50:00Z,69072,2175892,1223256,467964,484672,367181,144,49,47,48,114,4360,224.495,2617,4319,3000,0
2026-07-24T02:50:31Z,69103,2175892,1223256,467964,484672,432717,144,49,47,48,114,4361,224.556,2533,4235,3000,0
2026-07-24T02:51:02Z,69134,2175892,1223256,467964,484672,363085,144,49,47,48,114,4362,224.613,2559,4087,3000,0
2026-07-24T02:51:34Z,69166,2175892,1223256,467964,484672,381517,144,49,47,48,114,4363,224.677,2651,4235,3000,0
2026-07-24T02:52:05Z,69197,2175896,1223256,467968,484672,442959,144,49,47,48,114,4365,224.802,2731,4275,3000,0
2026-07-24T02:52:36Z,69228,2175896,1223256,467968,484672,371279,144,49,47,48,114,4366,224.861,2791,4803,3000,0
2026-07-24T02:53:08Z,69260,2175896,1223256,467968,484672,381519,144,49,47,48,114,4367,224.932,2693,4239,3000,0
2026-07-24T02:53:39Z,69291,2175896,1223256,467968,484672,418383,144,49,47,48,114,4368,224.993,2577,4231,3000,0
2026-07-24T02:54:10Z,69322,2175896,1223256,467968,484672,361039,144,49,47,48,114,4369,225.048,2587,4147,3000,0
2026-07-24T02:54:42Z,69354,2175896,1223256,467968,484672,354895,144,49,47,48,114,4370,225.101,2673,4069,3000,0
2026-07-24T02:55:13Z,69385,2175896,1223256,467968,484672,365135,144,49,47,48,114,4371,225.153,2623,4195,3000,0
2026-07-24T02:55:45Z,69417,2175896,1223256,467968,484672,426575,144,49,47,48,114,4372,225.203,2779,4167,3000,0
2026-07-24T02:56:16Z,69448,2175896,1223256,467968,484672,367183,144,49,47,48,114,4373,225.266,2969,4555,3000,0
2026-07-24T02:56:47Z,69479,2175896,1223256,467968,484672,375375,144,49,47,48,114,4374,225.323,2649,4335,3000,0
2026-07-24T02:57:19Z,69511,2175960,1223256,467968,484736,502351,144,49,47,48,114,4376,225.443,2611,4943,3000,0
2026-07-24T02:57:50Z,69542,2175960,1223256,467968,484736,379471,144,49,47,48,114,4377,225.502,2691,4031,3000,0
2026-07-24T02:58:21Z,69573,2175960,1223256,467968,484736,377423,144,49,47,48,114,4378,225.557,2689,4267,3000,0
2026-07-24T02:58:53Z,69605,2175964,1223256,467972,484736,516687,144,49,47,48,114,4379,225.617,2707,4243,3000,0
2026-07-24T02:59:24Z,69636,2175964,1223256,467972,484736,363087,144,49,47,48,114,4380,225.674,2565,3967,3000,0
2026-07-24T02:59:55Z,69667,2175964,1223256,467972,484736,377423,144,49,47,48,114,4381,225.739,2923,4439,3000,0
2026-07-24T03:00:27Z,69699,2175964,1223256,467972,484736,371279,144,49,47,48,114,4382,225.798,2879,5195,3000,0
2026-07-24T03:00:58Z,69730,2175964,1223256,467972,484736,559695,144,49,47,48,114,4383,225.875,2911,5247,3000,0
2026-07-24T03:01:30Z,69762,2175964,1223256,467972,484736,358991,144,49,47,48,114,4385,225.998,2665,4579,3000,0
2026-07-24T03:02:01Z,69793,2175964,1223256,467972,484736,377423,144,49,47,48,114,4386,226.054,2887,4611,3000,0
2026-07-24T03:02:32Z,69824,2175964,1223256,467972,484736,440911,144,49,47,48,114,4387,226.106,3065,4955,3000,0
2026-07-24T03:03:04Z,69856,2175964,1223256,467972,484736,373327,144,49,47,48,114,4388,226.159,2765,4455,3000,0
2026-07-24T03:03:35Z,69887,2175964,1223256,467972,484736,387663,144,49,47,48,114,4389,226.217,2921,4423,3000,0
2026-07-24T03:04:06Z,69918,2176776,1223256,468784,484736,516687,144,49,47,48,114,4390,226.279,2927,4315,3000,0
2026-07-24T03:04:38Z,69950,2176780,1223256,468788,484736,381519,144,49,47,48,114,4391,226.336,2699,4627,3000,0
2026-07-24T03:05:09Z,69981,2176780,1223256,468788,484736,379471,144,49,47,48,114,4392,226.396,2659,4683,3000,0
2026-07-24T03:05:40Z,70012,2176780,1223256,468788,484736,379471,144,49,47,48,114,4393,226.453,2739,4327,3000,0
2026-07-24T03:06:12Z,70044,2176780,1223256,468788,484736,500303,144,49,47,48,114,4395,226.578,2839,5071,3000,0
2026-07-24T03:06:43Z,70075,2176780,1223256,468788,484736,369231,144,49,47,48,114,4396,226.639,2717,4231,3000,0
2026-07-24T03:07:15Z,70107,2176780,1223256,468788,484736,379471,144,49,47,48,114,4397,226.696,2759,4323,3000,0
2026-07-24T03:07:46Z,70138,2176780,1223256,468788,484736,588367,144,49,47,48,114,4398,226.774,2759,4707,3000,0
2026-07-24T03:08:17Z,70169,2176780,1223256,468788,484736,373327,144,49,47,48,114,4399,226.837,2739,4855,3000,0
2026-07-24T03:08:49Z,70201,2176804,1223256,468812,484736,367183,144,49,47,48,114,4400,226.889,2809,4443,3000,0
2026-07-24T03:09:20Z,70232,2176804,1223256,468812,484736,432719,144,49,47,48,114,4402,226.992,2711,4391,3000,0
2026-07-24T03:09:51Z,70263,2176812,1223256,468820,484736,375375,144,49,47,48,114,4403,227.045,2683,4255,3000,0
2026-07-24T03:10:23Z,70295,2176812,1223256,468820,484736,377423,144,49,47,48,114,4404,227.103,2595,4107,3000,0
2026-07-24T03:10:54Z,70326,2176812,1223256,468820,484736,375375,144,49,47,48,114,4405,227.161,2671,4279,3000,0
2026-07-24T03:11:26Z,70358,2176812,1223256,468820,484736,356943,144,49,47,48,114,4406,227.213,2611,4291,3000,0
2026-07-24T03:11:57Z,70389,2176812,1223256,468820,484736,373327,144,49,47,48,114,4407,227.273,2599,4435,3000,0
2026-07-24T03:12:28Z,70420,2176812,1223256,468820,484736,373327,144,49,47,48,114,4408,227.331,2695,4283,3000,0
2026-07-24T03:13:00Z,70452,2176812,1223256,468820,484736,414288,144,49,47,48,114,4409,227.390,2615,4339,3000,0
2026-07-24T03:13:31Z,70483,2176812,1223256,468820,484736,367184,144,49,47,48,114,4410,227.446,2605,4183,3000,0
2026-07-24T03:14:02Z,70514,2176812,1223256,468820,484736,361040,144,49,47,48,114,4411,227.498,2817,4315,3000,0
2026-07-24T03:14:34Z,70546,2176812,1223256,468820,484736,434768,144,49,47,48,114,4413,227.601,2727,4319,3000,0
2026-07-24T03:15:05Z,70577,2176812,1223256,468820,484736,365136,144,49,47,48,114,4414,227.654,2861,4479,3000,0
2026-07-24T03:15:36Z,70608,2176816,1223256,468824,484736,371280,144,49,47,48,114,4415,227.712,2799,4335,3000,0
2026-07-24T03:16:08Z,70640,2176816,1223256,468824,484736,375376,144,49,47,48,114,4416,227.772,2899,4495,3000,0
2026-07-24T03:16:39Z,70671,2176820,1223256,468828,484736,498262,144,49,47,48,114,4417,227.830,2717,4323,3000,0
2026-07-24T03:17:10Z,70702,2176820,1223256,468828,484736,375382,144,49,47,48,114,4418,227.892,2649,4543,3000,0
2026-07-24T03:17:42Z,70734,2176820,1223256,468828,484736,389718,144,49,47,48,114,4419,227.950,2721,4683,3000,0
2026-07-24T03:18:13Z,70765,2176828,1223256,468836,484736,445020,144,49,47,48,114,4420,228.013,2687,4999,3000,0
2026-07-24T03:18:45Z,70797,2176828,1223256,468836,484736,369244,144,49,47,48,114,4422,228.132,2625,4195,3000,0
2026-07-24T03:19:16Z,70828,2176828,1223256,468836,484736,391772,144,49,47,48,114,4423,228.193,2765,4387,3000,0
2026-07-24T03:19:47Z,70859,2176828,1223256,468836,484736,494172,144,49,47,48,114,4424,228.252,2783,4315,3000,0
2026-07-24T03:20:19Z,70891,2176828,1223256,468836,484736,359004,144,49,47,48,114,4425,228.304,2563,4135,3000,0
2026-07-24T03:20:50Z,70922,2176828,1223256,468836,484736,365148,144,49,47,48,114,4426,228.353,2577,4021,3000,0
2026-07-24T03:21:21Z,70953,2176832,1223256,468840,484736,371292,144,49,47,48,114,4427,228.402,2777,4347,3000,0
2026-07-24T03:21:53Z,70985,2176832,1223256,468840,484736,498268,144,49,47,48,114,4428,228.452,2703,4283,3000,0
2026-07-24T03:22:24Z,71016,2179300,1223256,468844,487200,363100,144,49,47,48,114,4429,228.503,2669,4163,3000,0
2026-07-24T03:22:55Z,71047,2179304,1223256,468848,487200,377436,144,49,47,48,114,4430,228.560,2587,4139,3000,0
2026-07-24T03:23:27Z,71079,2179304,1223256,468848,487200,518748,144,49,47,48,114,4432,228.676,2699,4483,3000,0
2026-07-24T03:23:58Z,71110,2179304,1223256,468848,487200,381532,144,49,47,48,114,4433,228.734,2657,4127,3000,0
2026-07-24T03:24:29Z,71141,2179304,1223256,468848,487200,389724,144,49,47,48,114,4434,228.792,2563,4631,3000,0
2026-07-24T03:25:01Z,71173,2179308,1223256,468852,487200,406108,144,49,47,48,114,4435,228.851,2579,4049,3000,0
2026-07-24T03:25:32Z,71204,2179308,1223256,468852,487200,363100,144,49,47,48,114,4436,228.905,2541,3967,3000,0
2026-07-24T03:26:03Z,71235,2179312,1223256,468856,487200,381532,144,49,47,48,114,4437,228.967,2715,4219,3000,0
2026-07-24T03:26:35Z,71267,2179312,1223256,468856,487200,369244,144,49,47,48,114,4438,229.023,2643,4179,3000,0
2026-07-24T03:27:06Z,71298,2179312,1223256,468856,487200,432732,144,49,47,48,114,4440,229.165,2779,4875,3000,0
2026-07-24T03:27:37Z,71329,2179312,1223256,468856,487200,363100,144,49,47,48,114,4441,229.224,2731,4435,3000,0
2026-07-24T03:28:09Z,71361,2179312,1223256,468856,487200,356956,144,49,47,48,114,4442,229.284,2849,4427,3000,0
2026-07-24T03:28:40Z,71392,2179312,1223256,468856,487200,428636,144,49,47,48,114,4443,229.336,2921,4851,3000,0
2026-07-24T03:29:12Z,71424,2179320,1223256,468864,487200,377436,144,49,47,48,114,4444,229.396,2939,4775,3000,0
2026-07-24T03:29:43Z,71455,2179320,1223256,468864,487200,371292,144,49,47,48,114,4445,229.459,2841,4431,3000,0
2026-07-24T03:30:14Z,71486,2179400,1223304,468896,487200,451164,144,49,47,48,114,4446,229.526,3031,4987,3000,0
2026-07-24T03:30:46Z,71518,2179400,1223304,468896,487200,377436,144,49,47,48,114,4447,229.591,3085,4847,3000,0
2026-07-24T03:31:17Z,71549,2179400,1223304,468896,487200,379484,144,49,47,48,114,4449,229.708,2973,4587,3000,0
2026-07-24T03:31:49Z,71581,2179400,1223304,468896,487200,383580,144,49,47,48,114,4450,229.771,2965,4719,3000,0
2026-07-24T03:32:20Z,71612,2179400,1223304,468896,487200,434780,144,49,47,48,114,4451,229.831,2787,5019,3000,0
2026-07-24T03:32:51Z,71643,2179400,1223304,468896,487200,371292,144,49,47,48,114,4452,229.892,2933,4779,3000,0
2026-07-24T03:33:23Z,71675,2179400,1223304,468896,487200,375388,144,49,47,48,114,4453,229.956,2795,4439,3000,0
2026-07-24T03:33:54Z,71706,2179400,1223304,468896,487200,576092,144,49,47,48,114,4454,230.038,2693,5007,3000,0
2026-07-24T03:34:25Z,71737,2179400,1223304,468896,487200,354908,144,49,47,48,114,4455,230.097,2817,4423,3000,0
2026-07-24T03:34:57Z,71769,2179400,1223304,468896,487200,369244,144,49,47,48,114,4456,230.151,2905,4415,3000,0
2026-07-24T03:35:28Z,71800,2179400,1223304,468896,487200,500316,144,49,47,48,114,4458,230.263,2721,4451,3000,0
2026-07-24T03:35:59Z,71831,2179400,1223304,468896,487200,359004,144,49,47,48,114,4459,230.318,2693,4751,3000,0
2026-07-24T03:36:31Z,71863,2179400,1223304,468896,487200,367196,144,49,47,48,114,4460,230.372,2733,4343,3000,0
2026-07-24T03:37:02Z,71894,2179400,1223304,468896,487200,379484,144,49,47,48,114,4461,230.437,2743,4447,3000,0
2026-07-24T03:37:34Z,71926,2180212,1223304,468896,488012,434780,144,49,47,48,114,4462,230.496,2607,4367,3000,0
2026-07-24T03:38:05Z,71957,2180216,1223304,468896,488016,361052,144,49,47,48,114,4463,230.556,2699,4571,3000,0
2026-07-24T03:38:36Z,71988,2180224,1223304,468904,488016,369244,144,49,47,48,114,4464,230.625,2739,4391,3000,0
2026-07-24T03:39:08Z,72020,2180324,1223404,468904,488016,404060,144,49,47,48,114,4466,230.758,2739,4711,3000,0
2026-07-24T03:39:39Z,72051,2180324,1223404,468904,488016,381532,144,49,47,48,114,4467,230.823,2899,4491,3000,0
2026-07-24T03:40:10Z,72082,2180324,1223404,468904,488016,379484,144,49,47,48,114,4468,230.885,2759,4643,3000,0
2026-07-24T03:40:42Z,72114,2180324,1223404,468904,488016,490076,144,49,47,48,114,4469,230.959,2755,4303,3000,0
2026-07-24T03:41:13Z,72145,2180324,1223404,468904,488016,359004,144,49,47,48,114,4470,231.012,2743,4407,3000,0
2026-07-24T03:41:45Z,72177,2180324,1223404,468904,488016,361052,144,49,47,48,114,4471,231.075,2621,4147,3000,0
2026-07-24T03:42:16Z,72208,2180324,1223404,468904,488016,377436,144,49,47,48,114,4472,231.132,2917,4723,3000,0
2026-07-24T03:42:47Z,72239,2180324,1223404,468904,488016,492124,144,49,47,48,114,4473,231.180,2721,4723,3000,0
2026-07-24T03:43:19Z,72271,2180324,1223404,468904,488016,373340,144,49,47,48,114,4474,231.236,2743,4271,3000,0
2026-07-24T03:43:50Z,72302,2180324,1223404,468904,488016,377436,144,49,47,48,114,4475,231.294,2779,4871,3000,0
2026-07-24T03:44:21Z,72333,2180324,1223404,468904,488016,506460,144,49,47,48,114,4477,231.408,3001,4811,3000,0
2026-07-24T03:44:53Z,72365,2195528,1223404,468904,503220,373340,144,49,47,48,114,4478,231.468,2715,4351,3000,0
2026-07-24T03:45:24Z,72396,2195528,1223404,468904,503220,365148,144,49,47,48,114,4479,231.528,2897,4435,3000,0
2026-07-24T03:45:55Z,72427,2195528,1223404,468904,503220,508508,144,49,47,48,114,4480,231.597,2739,4699,3000,0
2026-07-24T03:46:27Z,72459,2195528,1223404,468904,503220,369244,144,49,47,48,114,4481,231.655,2661,4287,3000,0
2026-07-24T03:46:58Z,72490,2195528,1223404,468904,503220,371292,144,49,47,48,114,4482,231.733,2709,4179,3000,0
2026-07-24T03:47:30Z,72522,2195528,1223404,468904,503220,377436,144,49,47,48,114,4483,231.792,2967,4811,3000,0
2026-07-24T03:48:01Z,72553,2195528,1223404,468904,503220,569948,144,49,47,48,114,4484,231.872,2627,4299,3000,0
2026-07-24T03:48:32Z,72584,2195528,1223404,468904,503220,356956,144,49,47,48,114,4486,231.986,2689,4283,3000,0
2026-07-24T03:49:04Z,72616,2195528,1223404,468904,503220,367196,144,49,47,48,114,4487,232.038,2963,4427,3000,0
2026-07-24T03:49:35Z,72647,2195528,1223404,468904,503220,494172,144,49,47,48,114,4488,232.085,2703,4411,3000,0
2026-07-24T03:50:06Z,72678,2195528,1223404,468904,503220,369244,144,49,47,48,114,4489,232.144,2865,4515,3000,0
2026-07-24T03:50:38Z,72710,2195528,1223404,468904,503220,371292,144,49,47,48,114,4490,232.205,2769,4431,3000,0
2026-07-24T03:51:09Z,72741,2195528,1223404,468904,503220,508508,144,49,47,48,114,4491,232.267,2739,4415,3000,0
2026-07-24T03:51:40Z,72772,2195528,1223404,468904,503220,383580,144,49,47,48,114,4492,232.328,2827,4355,3000,0
2026-07-24T03:52:12Z,72804,2195528,1223404,468904,503220,375388,144,49,47,48,114,4493,232.388,2793,4203,3000,0
2026-07-24T03:52:43Z,72835,2195528,1223404,468904,503220,381532,144,49,47,48,114,4495,232.517,2855,4619,3000,0
2026-07-24T03:53:15Z,72867,2195528,1223404,468904,503220,432732,144,49,47,48,114,4496,232.578,2687,4207,3000,0
2026-07-24T03:53:46Z,72898,2195528,1223404,468904,503220,373340,144,49,47,48,114,4497,232.639,2723,4299,3000,0
2026-07-24T03:54:17Z,72929,2195528,1223404,468904,503220,379484,144,49,47,48,114,4498,232.694,2765,4315,3000,0
2026-07-24T03:54:49Z,72961,2195528,1223404,468904,503220,490076,144,49,47,48,114,4499,232.779,2719,4507,3000,0
2026-07-24T03:55:20Z,72992,2195528,1223404,468904,503220,363100,144,49,47,48,114,4500,232.837,2705,4199,3000,0
2026-07-24T03:55:51Z,73023,2195528,1223404,468904,503220,367196,144,49,47,48,114,4501,232.892,2983,4555,3000,0
2026-07-24T03:56:23Z,73055,2195528,1223404,468904,503220,422492,144,49,47,48,114,4503,232.993,2699,4283,3000,0
2026-07-24T03:56:54Z,73086,2195528,1223404,468904,503220,371292,144,49,47,48,114,4504,233.047,2673,4073,3000,0
2026-07-24T03:57:25Z,73117,2195528,1223404,468904,503220,377436,144,49,47,48,114,4505,233.106,2863,4303,3000,0
2026-07-24T03:57:57Z,73149,2195528,1223404,468904,503220,381532,144,49,47,48,114,4506,233.167,2953,4383,3000,0
2026-07-24T03:58:28Z,73180,2195528,1223404,468904,503220,506460,144,49,47,48,114,4507,233.227,2881,4491,3000,0
2026-07-24T03:59:00Z,73212,2195528,1223404,468904,503220,369244,144,49,47,48,114,4508,233.284,2805,4491,3000,0
2026-07-24T03:59:31Z,73243,2195528,1223404,468904,503220,375388,144,49,47,48,114,4509,233.337,2993,4539,3000,0
2026-07-24T04:00:02Z,73274,2195528,1223404,468904,503220,514652,144,49,47,48,114,4510,233.397,2813,4303,3000,0
2026-07-24T04:00:34Z,73306,2195528,1223404,468904,503220,365148,144,49,47,48,114,4512,233.524,2691,4523,3000,0
2026-07-24T04:01:05Z,73337,2195528,1223404,468904,503220,373340,144,49,47,48,114,4513,233.581,2735,4255,3000,0
2026-07-24T04:01:36Z,73368,2195536,1223404,468912,503220,572003,144,49,47,48,114,4514,233.646,2733,4603,3000,0
2026-07-24T04:02:08Z,73400,2195536,1223404,468912,503220,367203,144,49,47,48,114,4515,233.698,2679,4295,3000,0
2026-07-24T04:02:39Z,73431,2195536,1223404,468912,503220,365155,144,49,47,48,114,4516,233.747,2747,4147,3000,0
2026-07-24T04:03:11Z,73463,2195536,1223404,468912,503220,367203,144,49,47,48,114,4517,233.797,2807,4527,3000,0
2026-07-24T04:03:42Z,73494,2195536,1223404,468912,503220,508515,144,49,47,48,114,4518,233.850,2789,4255,3000,0
2026-07-24T04:04:13Z,73525,2195536,1223404,468912,503220,375395,144,49,47,48,114,4519,233.906,2659,4671,3000,0
2026-07-24T04:04:45Z,73557,2195536,1223404,468912,503220,373347,144,49,47,48,114,4520,233.968,2769,4263,3000,0
2026-07-24T04:05:16Z,73588,2195536,1223404,468912,503220,436835,144,49,47,48,114,4522,234.087,2697,5003,3000,0
2026-07-24T04:05:47Z,73619,2195536,1223404,468912,503220,369251,144,49,47,48,114,4523,234.139,2707,4203,3000,0
2026-07-24T04:06:19Z,73651,2195536,1223404,468912,503220,371299,144,49,47,48,114,4524,234.196,2827,4411,3000,0
2026-07-24T04:06:50Z,73682,2195536,1223404,468912,503220,428643,144,49,47,48,114,4525,234.259,2743,4443,3000,0
2026-07-24T04:07:21Z,73713,2195536,1223404,468912,503220,363107,144,49,47,48,114,4526,234.316,2699,4275,3000,0
2026-07-24T04:07:53Z,73745,2195536,1223404,468912,503220,365155,144,49,47,48,114,4527,234.378,2869,4331,3000,0
2026-07-24T04:08:24Z,73776,2195536,1223404,468912,503220,373347,144,49,47,48,114,4528,234.443,3173,4979,3000,0
2026-07-24T04:08:56Z,73808,2195536,1223404,468912,503220,434787,144,49,47,48,114,4530,234.567,2781,4483,3000,0
2026-07-24T04:09:27Z,73839,2195536,1223404,468912,503220,367203,144,49,47,48,114,4531,234.623,2719,4715,3000,0
2026-07-24T04:09:58Z,73870,2195536,1223404,468912,503220,365155,144,49,47,48,114,4532,234.676,2749,4239,3000,0
2026-07-24T04:10:30Z,73902,2195536,1223404,468912,503220,420451,144,49,47,48,114,4533,234.729,2863,4415,3000,0
2026-07-24T04:11:01Z,73933,2195536,1223404,468912,503220,363107,144,49,47,48,114,4534,234.786,2909,4463,3000,0
2026-07-24T04:11:32Z,73964,2195536,1223404,468912,503220,383587,144,49,47,48,114,4535,234.844,3033,5055,3000,0
2026-07-24T04:12:04Z,73996,2195536,1223404,468912,503220,445027,144,49,47,48,114,4536,234.902,3005,4859,3000,0
2026-07-24T04:12:35Z,74027,2195536,1223404,468912,503220,359011,144,49,47,48,114,4537,234.961,3051,4639,3000,0
2026-07-24T04:13:07Z,74059,2195536,1223404,468912,503220,363107,144,49,47,48,114,4539,235.075,3083,4599,3000,0
2026-07-24T04:13:38Z,74090,2195536,1223404,468912,503220,381539,144,49,47,48,114,4540,235.154,2887,4643,3000,0
2026-07-24T04:14:09Z,74121,2195536,1223404,468912,503220,436835,144,49,47,48,114,4541,235.211,2873,4531,3000,0
2026-07-24T04:14:41Z,74153,2195536,1223404,468912,503220,371299,144,49,47,48,114,4542,235.276,2785,4775,3000,0
2026-07-24T04:15:12Z,74184,2195536,1223404,468912,503220,367203,144,49,47,48,114,4543,235.333,2779,4867,3000,0
2026-07-24T04:15:44Z,74216,2195544,1223404,468920,503220,574051,144,49,47,48,114,4544,235.399,2911,4775,3000,0
2026-07-24T04:16:15Z,74247,2195544,1223404,468920,503220,356963,144,49,47,48,114,4545,235.460,2793,4283,3000,0
2026-07-24T04:16:46Z,74278,2195544,1223404,468920,503220,375395,144,49,47,48,114,4546,235.517,2799,4295,3000,0
2026-07-24T04:17:18Z,74310,2195544,1223404,468920,503220,506467,144,49,47,48,114,4548,235.629,2809,4595,3000,0
2026-07-24T04:17:49Z,74341,2195544,1223404,468920,503220,365155,144,49,47,48,114,4549,235.685,2763,4263,3000,0
2026-07-24T04:18:20Z,74372,2195544,1223404,468920,503220,365155,144,49,47,48,114,4550,235.739,2857,4391,3000,0
2026-07-24T04:18:52Z,74404,2195544,1223404,468920,503220,367203,144,49,47,48,114,4551,235.804,2835,4923,3000,0
2026-07-24T04:19:23Z,74435,2195544,1223404,468920,503220,445027,144,49,47,48,114,4552,235.864,2693,4571,3000,0
2026-07-24T04:19:54Z,74466,2195544,1223404,468920,503220,371299,144,49,47,48,114,4553,235.924,2867,4263,3000,0
2026-07-24T04:20:26Z,74498,2195544,1223404,468920,503220,375395,144,49,47,48,114,4554,235.980,2745,4203,3000,0
2026-07-24T04:20:57Z,74529,2195544,1223404,468920,503220,494179,144,49,47,48,114,4556,236.099,2881,4519,3000,0
2026-07-24T04:21:29Z,74561,2195544,1223404,468920,503220,365155,144,49,47,48,114,4557,236.161,2637,4379,3000,0
2026-07-24T04:22:00Z,74592,2195544,1223404,468920,503220,375395,144,49,47,48,114,4558,236.219,2713,4159,3000,0
2026-07-24T04:22:31Z,74623,2195544,1223404,468920,503220,549476,144,49,47,48,114,4559,236.288,2759,4727,3000,0
2026-07-24T04:23:03Z,74655,2195544,1223404,468920,503220,375396,144,49,47,48,114,4560,236.349,2757,4279,3000,0
2026-07-24T04:23:34Z,74686,2195544,1223404,468920,503220,371300,144,49,47,48,114,4561,236.408,2673,4367,3000,0
2026-07-24T04:24:06Z,74718,2195544,1223404,468920,503220,383588,144,49,47,48,114,4562,236.466,2749,4367,3000,0
2026-07-24T04:24:37Z,74749,2195544,1223404,468920,503220,508516,144,49,47,48,114,4563,236.524,2597,4527,3000,0
2026-07-24T04:25:08Z,74780,2195544,1223404,468920,503220,367204,144,49,47,48,114,4564,236.583,2695,4379,3000,0
2026-07-24T04:25:40Z,74812,2195544,1223404,468920,503220,371300,144,49,47,48,114,4565,236.648,2727,4259,3000,0
2026-07-24T04:26:11Z,74843,2195544,1223404,468920,503220,436836,144,49,47,48,114,4567,236.768,2647,4479,3000,0
2026-07-24T04:26:42Z,74874,2195544,1223404,468920,503220,377444,144,49,47,48,114,4568,236.823,2651,4059,3000,0
2026-07-24T04:27:14Z,74906,2195544,1223404,468920,503220,373348,144,49,47,48,114,4569,236.881,2819,4575,3000,0
2026-07-24T04:27:45Z,74937,2195560,1223404,468920,503236,512612,144,49,47,48,114,4570,236.943,2659,4335,3000,0
2026-07-24T04:28:16Z,74968,2195560,1223404,468920,503236,367204,144,49,47,48,114,4571,236.997,2681,4089,3000,0
2026-07-24T04:28:48Z,75000,2195560,1223404,468920,503236,377444,144,49,47,48,114,4572,237.056,2733,4227,3000,0
2026-07-24T04:29:19Z,75031,2195560,1223404,468920,503236,375396,144,49,47,48,114,4573,237.111,2877,4499,3000,0
2026-07-24T04:29:51Z,75063,2195560,1223404,468920,503236,498276,144,49,47,48,114,4574,237.182,2845,4431,3000,0
2026-07-24T04:30:22Z,75094,2195560,1223404,468920,503236,363108,144,49,47,48,114,4576,237.288,2689,4187,3000,0
2026-07-24T04:30:53Z,75125,2195560,1223404,468920,503236,373348,144,49,47,48,114,4577,237.346,2863,4451,3000,0
2026-07-24T04:31:25Z,75157,2195560,1223404,468920,503236,463460,144,49,47,48,114,4578,237.399,2671,4239,3000,0
2026-07-24T04:31:56Z,75188,2195560,1223404,468920,503236,367204,144,49,47,48,114,4579,237.452,2813,4331,3000,0
2026-07-24T04:32:27Z,75219,2195560,1223404,468920,503236,367204,144,49,47,48,114,4580,237.516,2705,4271,3000,0
2026-07-24T04:32:59Z,75251,2195560,1223404,468920,503236,520804,144,49,47,48,114,4581,237.579,2643,4367,3000,0
2026-07-24T04:33:30Z,75282,2195560,1223404,468920,503236,369252,144,49,47,48,114,4582,237.642,2673,4103,3000,0
2026-07-24T04:34:01Z,75313,2195560,1223404,468920,503236,373348,144,49,47,48,114,4583,237.703,2701,4111,3000,0
2026-07-24T04:34:33Z,75345,2195560,1223404,468920,503236,367204,144,49,47,48,114,4585,237.824,2765,4851,3000,0
2026-07-24T04:35:04Z,75376,2195560,1223404,468920,503236,506468,144,49,47,48,114,4586,237.882,2621,4275,3000,0
2026-07-24T04:35:36Z,75408,2195560,1223404,468920,503236,363108,144,49,47,48,114,4587,237.944,2691,4303,3000,0
2026-07-24T04:36:07Z,75439,2195560,1223404,468920,503236,371300,144,49,47,48,114,4588,238.006,2757,4759,3000,0
2026-07-24T04:36:38Z,75470,2195560,1223404,468920,503236,535140,144,49,47,48,114,4589,238.082,2911,4567,3000,0
2026-07-24T04:37:10Z,75502,2195560,1223404,468920,503236,363108,144,49,47,48,114,4590,238.139,2661,4735,3000,0
2026-07-24T04:37:41Z,75533,2195560,1223404,468920,503236,367204,144,49,47,48,114,4591,238.195,2731,4467,3000,0
2026-07-24T04:38:12Z,75564,2195560,1223404,468920,503236,500324,144,49,47,48,114,4593,238.290,2771,4515,3000,0
2026-07-24T04:38:44Z,75596,2195560,1223404,468920,503236,367204,144,49,47,48,114,4594,238.341,2855,4255,3000,0
2026-07-24T04:39:15Z,75627,2195560,1223404,468920,503236,375396,144,49,47,48,114,4595,238.396,2865,4287,3000,0
2026-07-24T04:39:46Z,75658,2195560,1223404,468920,503236,375396,144,49,47,48,114,4596,238.454,2911,4355,3000,0
2026-07-24T04:40:18Z,75690,2195560,1223404,468920,503236,504420,144,49,47,48,114,4597,238.505,2683,4615,3000,0
2026-07-24T04:40:49Z,75721,2195560,1223404,468920,503236,373348,144,49,47,48,114,4598,238.563,2673,4311,3000,0
2026-07-24T04:41:20Z,75752,2195560,1223404,468920,503236,369252,144,49,47,48,114,4599,238.623,2835,4619,3000,0
2026-07-24T04:41:52Z,75784,2195560,1223404,468920,503236,422500,144,49,47,48,114,4601,238.744,2765,4599,3000,0
2026-07-24T04:42:23Z,75815,2195560,1223404,468920,503236,365156,144,49,47,48,114,4602,238.803,3117,4915,3000,0
2026-07-24T04:42:55Z,75847,2195560,1223404,468920,503236,381540,144,49,47,48,114,4603,238.866,2951,4735,3000,0
2026-07-24T04:43:26Z,75878,2195560,1223404,468920,503236,504420,144,49,47,48,114,4604,238.937,3059,4683,3000,0
2026-07-24T04:43:57Z,75909,2195560,1223404,468920,503236,356964,144,49,47,48,114,4605,238.998,3219,6111,3000,0
2026-07-24T04:44:29Z,75941,2195560,1223404,468920,503236,365156,144,49,47,48,114,4606,239.058,3269,6315,3000,0
2026-07-24T04:45:00Z,75972,2195560,1223404,468920,503236,359012,144,49,47,48,114,4607,239.118,3223,5267,3000,0
2026-07-24T04:45:32Z,76004,2195560,1223404,468920,503236,463460,144,49,47,48,114,4608,239.179,3085,4991,3000,0
2026-07-24T04:46:03Z,76035,2195560,1223404,468920,503236,369252,144,49,47,48,114,4609,239.239,3215,5035,3000,0
2026-07-24T04:46:35Z,76067,2195560,1223404,468920,503236,377444,144,49,47,48,114,4610,239.296,3179,5091,3000,0
2026-07-24T04:47:06Z,76098,2195564,1223404,468924,503236,432743,144,49,47,48,114,4612,239.416,3079,5363,3000,0
2026-07-24T04:47:37Z,76129,2195564,1223404,468924,503236,375399,144,49,47,48,114,4613,239.476,2867,4507,3000,0
2026-07-24T04:48:09Z,76161,2195564,1223404,468924,503236,375399,144,49,47,48,114,4614,239.536,2869,4659,3000,0
2026-07-24T04:48:40Z,76192,2195564,1223404,468924,503236,510567,144,49,47,48,114,4615,239.595,2923,4963,3000,0
2026-07-24T04:49:11Z,76223,2195564,1223404,468924,503236,354919,144,49,47,48,114,4616,239.648,2981,4643,3000,0
2026-07-24T04:49:43Z,76255,2195564,1223404,468924,503236,359015,144,49,47,48,114,4617,239.710,3007,4415,3000,0
2026-07-24T04:50:14Z,76286,2195564,1223404,468924,503236,373351,144,49,47,48,114,4618,239.770,2931,4687,3000,0
2026-07-24T04:50:46Z,76318,2195564,1223404,468924,503236,561767,144,49,47,48,114,4619,239.842,2765,4459,3000,0
2026-07-24T04:51:17Z,76349,2196468,1223404,468924,504140,371303,144,49,47,48,114,4621,239.964,2821,4543,3000,0
2026-07-24T04:51:48Z,76380,2196468,1223404,468924,504140,371303,144,49,47,48,114,4622,240.020,2871,4555,3000,0
2026-07-24T04:52:20Z,76412,2196468,1223404,468924,504140,420457,144,49,47,48,114,4623,240.071,3005,4819,3000,0
2026-07-24T04:52:51Z,76443,2196468,1223404,468924,504140,363113,144,49,47,48,114,4624,240.134,2827,4283,3000,0
2026-07-24T04:53:22Z,76474,2196468,1223404,468924,504140,383593,144,49,47,48,114,4625,240.190,2905,4455,3000,0
2026-07-24T04:53:54Z,76506,2196496,1223404,468952,504140,451177,144,49,47,48,114,4626,240.251,2843,4507,3000,0
2026-07-24T04:54:25Z,76537,2196496,1223404,468952,504140,371305,144,49,47,48,114,4627,240.306,2821,4311,3000,0
2026-07-24T04:54:56Z,76568,2196496,1223404,468952,504140,367209,144,49,47,48,114,4628,240.367,2861,4427,3000,0
2026-07-24T04:55:28Z,76600,2196496,1223404,468952,504140,371305,144,49,47,48,114,4630,240.494,3045,4663,3000,0
2026-07-24T04:55:59Z,76631,2196496,1223404,468952,504140,500329,144,49,47,48,114,4631,240.552,2805,5451,3000,0
2026-07-24T04:56:31Z,76663,2196496,1223404,468952,504140,365161,144,49,47,48,114,4632,240.613,3013,6047,3000,0
2026-07-24T04:57:02Z,76694,2196496,1223404,468952,504140,367209,144,49,47,48,114,4633,240.681,3113,6131,3000,0
2026-07-24T04:57:33Z,76725,2196496,1223404,468952,504140,559721,144,49,47,48,114,4634,240.755,3077,4851,3000,0
2026-07-24T04:58:05Z,76757,2196496,1223404,468952,504140,361065,144,49,47,48,114,4635,240.806,2805,4439,3000,0
2026-07-24T04:58:36Z,76788,2196496,1223404,468952,504140,365161,144,49,47,48,114,4636,240.860,2929,4803,3000,0
2026-07-24T04:59:08Z,76820,2196496,1223404,468952,504140,422505,144,49,47,48,114,4638,240.964,2973,5175,3000,0
2026-07-24T04:59:39Z,76851,2196496,1223404,468952,504140,359017,144,49,47,48,114,4639,241.023,2851,4483,3000,0
2026-07-24T05:00:10Z,76882,2196496,1223404,468952,504140,363113,144,49,47,48,114,4640,241.087,2907,4511,3000,0
2026-07-24T05:00:42Z,76914,2196496,1223404,468952,504140,373353,144,49,47,48,114,4641,241.150,3241,4971,3000,0
2026-07-24T05:01:13Z,76945,2196496,1223404,468952,504140,365161,144,49,47,48,114,4642,241.211,2997,4695,3000,0
2026-07-24T05:01:44Z,76976,2196496,1223404,468952,504140,379497,144,49,47,48,114,4643,241.279,3057,5059,3000,0
2026-07-24T05:02:16Z,77008,2196496,1223404,468952,504140,373353,144,49,47,48,114,4644,241.339,3177,5239,3000,0
2026-07-24T05:02:47Z,77039,2196496,1223404,468952,504140,434793,144,49,47,48,114,4646,241.482,3211,5295,3000,0
2026-07-24T05:03:19Z,77071,2196496,1223404,468952,504140,367209,144,49,47,48,114,4647,241.549,3457,5135,3000,0
2026-07-24T05:03:50Z,77102,2196496,1223404,468952,504140,385641,144,49,47,48,114,4648,241.617,3217,4883,3000,0
2026-07-24T05:04:21Z,77133,2196496,1223404,468952,504140,465513,144,49,47,48,114,4649,241.695,3169,5111,3000,0
2026-07-24T05:04:53Z,77165,2196496,1223404,468952,504140,367209,144,49,47,48,114,4650,241.758,2733,4049,3000,0
2026-07-24T05:05:24Z,77196,2196496,1223404,468952,504140,369257,144,49,47,48,114,4651,241.827,2869,4399,3000,0
2026-07-24T05:05:55Z,77227,2196496,1223404,468952,504140,373353,144,49,47,48,114,4652,241.888,2803,4831,3000,0
2026-07-24T05:06:27Z,77259,2196496,1223404,468952,504140,504425,144,49,47,48,114,4653,241.941,2797,4419,3000,0
2026-07-24T05:06:58Z,77290,2196496,1223404,468952,504140,375401,144,49,47,48,114,4654,242.005,2837,4399,3000,0
2026-07-24T05:07:30Z,77322,2196496,1223404,468952,504140,381545,144,49,47,48,114,4655,242.070,2879,4487,3000,0
2026-07-24T05:08:01Z,77353,2196496,1223404,468952,504140,508521,144,49,47,48,114,4657,242.192,2723,4719,3000,0
2026-07-24T05:08:32Z,77384,2196496,1223404,468952,504140,369257,144,49,47,48,114,4658,242.251,2735,4291,3000,0
2026-07-24T05:09:04Z,77416,2196496,1223404,468952,504140,379497,144,49,47,48,114,4659,242.306,2697,4407,3000,0
2026-07-24T05:09:35Z,77447,2196496,1223404,468952,504140,522857,144,49,47,48,114,4660,242.365,2705,4699,3000,0
2026-07-24T05:10:07Z,77479,2196496,1223404,468952,504140,373353,144,49,47,48,114,4661,242.425,2771,4411,3000,0
2026-07-24T05:10:38Z,77510,2196496,1223404,468952,504140,379497,144,49,47,48,114,4662,242.484,2705,4127,3000,0
2026-07-24T05:11:09Z,77541,2196496,1223404,468952,504140,375401,144,49,47,48,114,4663,242.541,2983,4371,3000,0
2026-07-24T05:11:41Z,77573,2196496,1223404,468952,504140,422505,144,49,47,48,114,4665,242.676,3055,4815,3000,0
2026-07-24T05:12:12Z,77604,2196496,1223404,468952,504140,361065,144,49,47,48,114,4666,242.727,3031,4495,3000,0
2026-07-24T05:12:43Z,77635,2196496,1223404,468952,504140,369257,144,49,47,48,114,4667,242.779,2789,4563,3000,0
2026-07-24T05:13:15Z,77667,2196496,1223404,468952,504140,504425,144,49,47,48,114,4668,242.828,2625,4507,3000,0
2026-07-24T05:13:46Z,77698,2196496,1223404,468952,504140,367209,144,49,47,48,114,4669,242.882,2837,4535,3000,0
2026-07-24T05:14:18Z,77730,2196496,1223404,468952,504140,373353,144,49,47,48,114,4670,242.941,2779,4543,3000,0
2026-07-24T05:14:49Z,77761,2196496,1223404,468952,504140,481897,144,49,47,48,114,4671,243.008,3061,4699,3000,0
2026-07-24T05:15:20Z,77792,2196496,1223404,468952,504140,369257,144,49,47,48,114,4672,243.071,2785,4315,3000,0
2026-07-24T05:15:52Z,77824,2196496,1223404,468952,504140,367209,144,49,47,48,114,4673,243.130,2947,4543,3000,0
2026-07-24T05:16:23Z,77855,2196496,1223404,468952,504140,377449,144,49,47,48,114,4675,243.260,3243,5159,3000,0
2026-07-24T05:16:55Z,77887,2196496,1223404,468952,504140,500329,144,49,47,48,114,4676,243.324,2845,4595,3000,0
2026-07-24T05:17:26Z,77918,2196496,1223404,468952,504140,369257,144,49,47,48,114,4677,243.386,2823,4459,3000,0
2026-07-24T05:17:57Z,77949,2196496,1223404,468952,504140,367209,144,49,47,48,114,4678,243.440,2937,4467,3000,0
2026-07-24T05:18:29Z,77981,2196496,1223404,468952,504140,569961,144,49,47,48,114,4679,243.515,2973,4827,3000,0
2026-07-24T05:19:00Z,78012,2196496,1223404,468952,504140,361065,144,49,47,48,114,4680,243.569,2705,4655,3000,0
2026-07-24T05:19:31Z,78043,2196496,1223404,468952,504140,363113,144,49,47,48,114,4681,243.629,2729,4187,3000,0
2026-07-24T05:20:03Z,78075,2196496,1223404,468952,504140,520809,144,49,47,48,114,4683,243.731,2687,4507,3000,0
2026-07-24T05:20:34Z,78106,2196500,1223404,468956,504140,367209,144,49,47,48,114,4684,243.786,2693,4751,3000,0
2026-07-24T05:21:06Z,78138,2196500,1223404,468956,504140,365161,144,49,47,48,114,4685,243.845,2699,4791,3000,0
2026-07-24T05:21:37Z,78169,2196500,1223404,468956,504140,381545,144,49,47,48,114,4686,243.902,2749,4451,3000,0
2026-07-24T05:22:08Z,78200,2196500,1223404,468956,504140,365161,144,49,47,48,114,4687,243.961,2755,4559,3000,0
2026-07-24T05:22:40Z,78232,2196500,1223404,468956,504140,373353,144,49,47,48,114,4688,244.024,2861,4483,3000,0
2026-07-24T05:23:11Z,78263,2196500,1223404,468956,504140,379497,144,49,47,48,114,4689,244.088,3039,4711,3000,0
2026-07-24T05:23:42Z,78294,2196500,1223404,468956,504140,363113,144,49,47,48,114,4691,244.208,2987,4799,3000,0
2026-07-24T05:24:14Z,78326,2196500,1223404,468956,504140,367209,144,49,47,48,114,4692,244.264,3025,4511,3000,0
2026-07-24T05:24:45Z,78357,2196500,1223404,468956,504140,385641,144,49,47,48,114,4693,244.322,2827,4395,3000,0
2026-07-24T05:25:16Z,78388,2196500,1223404,468956,504140,502377,144,49,47,48,114,4694,244.379,2875,4695,3000,0
2026-07-24T05:25:48Z,78420,2196500,1223404,468956,504140,363113,144,49,47,48,114,4695,244.438,2677,4223,3000,0
2026-07-24T05:26:19Z,78451,2196500,1223404,468956,504140,365161,144,49,47,48,114,4696,244.497,2767,4323,3000,0
2026-07-24T05:26:51Z,78483,2196500,1223404,468956,504140,426602,144,49,47,48,114,4697,244.551,2843,4859,3000,0
2026-07-24T05:27:22Z,78514,2196500,1223404,468956,504140,498282,144,49,47,48,114,4698,244.601,2669,4059,3000,0
2026-07-24T05:27:53Z,78545,2196500,1223404,468956,504140,369258,144,49,47,48,114,4699,244.655,2745,4511,3000,0
2026-07-24T05:28:25Z,78577,2196500,1223404,468956,504140,375402,144,49,47,48,114,4700,244.710,2755,4351,3000,0
2026-07-24T05:28:56Z,78608,2196500,1223404,468956,504140,354922,144,49,47,48,114,4702,244.841,2711,4879,3000,0
2026-07-24T05:29:27Z,78639,2196500,1223404,468956,504140,369258,144,49,47,48,114,4703,244.903,2865,4355,3000,0
2026-07-24T05:29:59Z,78671,2196500,1223404,468956,504140,371306,144,49,47,48,114,4704,244.964,2721,4495,3000,0
2026-07-24T05:30:30Z,78702,2196500,1223404,468956,504140,469610,144,49,47,48,114,4705,245.023,2695,4403,3000,0
2026-07-24T05:31:01Z,78733,2196500,1223404,468956,504140,363114,144,49,47,48,114,4706,245.079,2617,4127,3000,0
2026-07-24T05:31:33Z,78765,2196500,1223404,468956,504140,354922,144,49,47,48,114,4707,245.135,2721,4411,3000,0
2026-07-24T05:32:04Z,78796,2196500,1223404,468956,504140,377450,144,49,47,48,114,4708,245.190,2765,4475,3000,0
2026-07-24T05:32:36Z,78828,2196500,1223404,468956,504140,420458,144,49,47,48,114,4710,245.318,3121,4683,3000,0
2026-07-24T05:33:07Z,78859,2196500,1223404,468956,504140,354922,144,49,47,48,114,4711,245.375,2947,4939,3000,0
2026-07-24T05:33:38Z,78890,2196500,1223404,468956,504140,365162,144,49,47,48,114,4712,245.432,3099,4831,3000,0
2026-07-24T05:34:10Z,78922,2196500,1223404,468956,504140,504426,144,49,47,48,114,4713,245.489,2749,4715,3000,0
2026-07-24T05:34:41Z,78953,2196500,1223404,468956,504140,367210,144,49,47,48,114,4714,245.547,2901,4667,3000,0
2026-07-24T05:35:12Z,78984,2196500,1223404,468956,504140,377450,144,49,47,48,114,4715,245.600,2765,4411,3000,0
2026-07-24T05:35:44Z,79016,2196500,1223404,468956,504140,436842,144,49,47,48,114,4716,245.659,2777,4423,3000,0
2026-07-24T05:36:15Z,79047,2196500,1223404,468956,504140,361066,144,49,47,48,114,4717,245.727,2753,4467,3000,0
2026-07-24T05:36:47Z,79079,2196500,1223404,468956,504140,365162,144,49,47,48,114,4719,245.850,2949,4367,3000,0
2026-07-24T05:37:18Z,79110,2196500,1223404,468956,504140,442986,144,49,47,48,114,4720,245.915,3111,4879,3000,0
2026-07-24T05:37:49Z,79141,2196504,1223404,468960,504140,434796,144,49,47,48,114,4721,245.984,2943,4299,3000,0
2026-07-24T05:38:21Z,79173,2196524,1223404,468980,504140,371308,144,49,47,48,114,4722,246.040,2787,4703,3000,0
2026-07-24T05:38:52Z,79204,2196524,1223404,468980,504140,375404,144,49,47,48,114,4723,246.101,2761,4275,3000,0
2026-07-24T05:39:23Z,79235,2196544,1223404,469000,504140,578175,144,49,47,48,114,4724,246.184,2743,4443,3000,0
2026-07-24T05:39:55Z,79267,2196544,1223404,469000,504140,361087,144,49,47,48,114,4725,246.251,2725,4383,3000,0
2026-07-24T05:40:26Z,79298,2196544,1223404,469000,504140,365183,144,49,47,48,114,4726,246.308,2819,4539,3000,0
2026-07-24T05:40:58Z,79329,2196544,1223404,469000,504140,430719,144,49,47,48,114,4728,246.417,2879,4723,3000,0
2026-07-24T05:41:29Z,79361,2196544,1223404,469000,504140,369279,144,49,47,48,114,4729,246.479,2955,4447,3000,0
2026-07-24T05:42:00Z,79392,2196544,1223404,469000,504140,379519,144,49,47,48,114,4730,246.542,3089,4803,3000,0
2026-07-24T05:42:32Z,79424,2196544,1223404,469000,504140,379519,144,49,47,48,114,4731,246.610,2935,4811,3000,0
2026-07-24T05:43:03Z,79455,2196544,1223404,469000,504140,371327,144,49,47,48,114,4732,246.673,2723,4439,3000,0
2026-07-24T05:43:34Z,79486,2196544,1223404,469000,504140,377471,144,49,47,48,114,4733,246.736,2741,4619,3000,0
2026-07-24T05:44:06Z,79518,2196544,1223404,469000,504140,377471,144,49,47,48,114,4734,246.799,2871,4579,3000,0
2026-07-24T05:44:37Z,79549,2196544,1223404,469000,504140,496255,144,49,47,48,114,4735,246.866,2683,4543,3000,0
2026-07-24T05:45:08Z,79580,2196544,1223404,469000,504140,379519,144,49,47,48,114,4736,246.922,2721,4431,3000,0
2026-07-24T05:45:40Z,79612,2196544,1223404,469000,504140,365183,144,49,47,48,114,4737,246.980,2807,4283,3000,0
2026-07-24T05:46:11Z,79643,2196544,1223404,469000,504140,414335,144,49,47,48,114,4739,247.092,2747,4783,3000,0
2026-07-24T05:46:43Z,79675,2196544,1223404,469000,504140,369279,144,49,47,48,114,4740,247.155,2831,4431,3000,0
2026-07-24T05:47:14Z,79706,2196544,1223404,469000,504140,365183,144,49,47,48,114,4741,247.216,2765,4507,3000,0
2026-07-24T05:47:45Z,79737,2196544,1223404,469000,504140,440959,144,49,47,48,114,4742,247.274,2819,4539,3000,0
2026-07-24T05:48:17Z,79769,2196544,1223404,469000,504140,440959,144,49,47,48,114,4743,247.328,2705,4127,3000,0
2026-07-24T05:48:48Z,79800,2196544,1223404,469000,504140,369279,144,49,47,48,114,4744,247.391,2687,4235,3000,0
2026-07-24T05:49:19Z,79831,2196544,1223404,469000,504140,375423,144,49,47,48,114,4745,247.450,2825,4611,3000,0
2026-07-24T05:49:51Z,79863,2196544,1223404,469000,504140,432767,144,49,47,48,114,4747,247.562,2705,4251,3000,0
2026-07-24T05:50:22Z,79894,2196544,1223404,469000,504140,365183,144,49,47,48,114,4748,247.620,2761,4187,3000,0
2026-07-24T05:50:54Z,79925,2196544,1223404,469000,504140,369279,144,49,47,48,114,4749,247.677,2799,4559,3000,0
2026-07-24T05:51:25Z,79957,2196544,1223404,469000,504140,500351,144,49,47,48,114,4750,247.741,2705,4835,3000,0
2026-07-24T05:51:56Z,79988,2196544,1223404,469000,504140,361087,144,49,47,48,114,4751,247.797,2807,4259,3000,0
2026-07-24T05:52:28Z,80020,2196544,1223404,469000,504140,363135,144,49,47,48,114,4752,247.854,2901,4743,3000,0
2026-07-24T05:52:59Z,80051,2196544,1223404,469000,504140,402047,144,49,47,48,114,4753,247.909,2805,4479,3000,0
2026-07-24T05:53:30Z,80082,2196544,1223404,469000,504140,395903,144,49,47,48,114,4754,247.960,2737,4583,3000,0
2026-07-24T05:54:02Z,80114,2196544,1223404,469000,504140,367231,144,49,47,48,114,4755,248.024,2823,4467,3000,0
2026-07-24T05:54:33Z,80145,2196544,1223404,469000,504140,373375,144,49,47,48,114,4756,248.085,3203,4711,3000,0
2026-07-24T05:55:04Z,80176,2196544,1223404,469000,504140,506495,144,49,47,48,114,4758,248.226,3109,5107,3000,0
2026-07-24T05:55:36Z,80208,2196544,1223404,469000,504140,369279,144,49,47,48,114,4759,248.291,2831,4195,3000,0
2026-07-24T05:56:07Z,80239,2196544,1223404,469000,504140,377471,144,49,47,48,114,4760,248.356,2763,4507,3000,0
2026-07-24T05:56:39Z,80271,2196544,1223404,469000,504140,506495,144,49,47,48,114,4761,248.414,2743,4363,3000,0
2026-07-24T05:57:10Z,80302,2196544,1223404,469000,504140,365183,144,49,47,48,114,4762,248.476,2763,4379,3000,0
2026-07-24T05:57:41Z,80333,2196544,1223404,469000,504140,367231,144,49,47,48,114,4763,248.536,2767,4379,3000,0
2026-07-24T05:58:13Z,80365,2196544,1223404,469000,504140,500351,144,49,47,48,114,4765,248.672,3095,5895,3000,0
2026-07-24T05:58:44Z,80396,2196544,1223404,469000,504140,430719,144,49,47,48,114,4766,248.728,3035,5151,3000,0
2026-07-24T05:59:15Z,80427,2196544,1223404,469000,504140,369279,144,49,47,48,114,4767,248.783,3055,4867,3000,0
2026-07-24T05:59:47Z,80459,2196544,1223404,469000,504140,379519,144,49,47,48,114,4768,248.837,2983,4483,3000,0
2026-07-24T06:00:18Z,80490,2196544,1223404,469000,504140,410239,144,49,47,48,114,4769,248.890,2801,4475,3000,0
2026-07-24T06:00:50Z,80522,2196544,1223404,469000,504140,371327,144,49,47,48,114,4770,248.948,3033,4839,3000,0
2026-07-24T06:01:21Z,80553,2196544,1223404,469000,504140,369279,144,49,47,48,114,4771,249.007,3027,4731,3000,0
2026-07-24T06:01:52Z,80584,2196544,1223404,469000,504140,514687,144,49,47,48,114,4772,249.078,3043,4579,3000,0
2026-07-24T06:02:24Z,80616,2196544,1223404,469000,504140,371327,144,49,47,48,114,4773,249.151,3353,5067,3000,0
2026-07-24T06:02:55Z,80647,2196544,1223404,469000,504140,371327,144,49,47,48,114,4774,249.221,3251,4971,3000,0
2026-07-24T06:03:27Z,80679,2196544,1223404,469000,504140,514687,144,49,47,48,114,4776,249.350,3249,5179,3000,0
2026-07-24T06:03:58Z,80710,2196544,1223404,469000,504140,510591,144,49,47,48,114,4777,249.411,3159,4775,3000,0
2026-07-24T06:04:29Z,80741,2196544,1223404,469000,504140,371327,144,49,47,48,114,4778,249.476,2957,4751,3000,0
2026-07-24T06:05:01Z,80773,2196544,1223404,469000,504140,385663,144,49,47,48,114,4779,249.541,3117,4907,3000,0
2026-07-24T06:05:32Z,80804,2196544,1223404,469000,504140,500351,144,49,47,48,114,4780,249.611,2951,4851,3000,0
2026-07-24T06:06:04Z,80836,2196544,1223404,469000,504140,359039,144,49,47,48,114,4781,249.672,3015,5011,3000,0
2026-07-24T06:06:35Z,80867,2196544,1223404,469000,504140,363135,144,49,47,48,114,4782,249.730,3013,5123,3000,0
2026-07-24T06:07:06Z,80898,2196544,1223404,469000,504140,426623,144,49,47,48,114,4784,249.834,2957,4847,3000,0
2026-07-24T06:07:38Z,80930,2196544,1223404,469000,504140,371327,144,49,47,48,114,4785,249.891,2911,4351,3000,0
2026-07-24T06:08:09Z,80961,2196544,1223404,469000,504140,371327,144,49,47,48,114,4786,249.947,3277,4847,3000,0
2026-07-24T06:08:41Z,80993,2196544,1223404,469000,504140,504447,144,49,47,48,114,4787,250.011,2951,4943,3000,0
2026-07-24T06:09:12Z,81024,2196544,1223404,469000,504140,502399,144,49,47,48,114,4788,250.070,2965,4771,3000,0
2026-07-24T06:09:43Z,81055,2196544,1223404,469000,504140,363135,144,49,47,48,114,4789,250.129,2909,4927,3000,0
2026-07-24T06:10:15Z,81087,2196544,1223404,469000,504140,379522,144,49,47,48,114,4790,250.208,2901,4731,3000,0
2026-07-24T06:10:46Z,81118,2196544,1223404,469000,504140,440962,144,49,47,48,114,4792,250.323,2809,4447,3000,0
2026-07-24T06:11:17Z,81149,2196544,1223404,469000,504140,371330,144,49,47,48,114,4793,250.388,2613,4223,3000,0
2026-07-24T06:11:49Z,81181,2196544,1223404,469000,504140,363138,144,49,47,48,114,4794,250.445,2679,4267,3000,0
2026-07-24T06:12:20Z,81212,2196544,1223404,469000,504140,572034,144,49,47,48,114,4795,250.528,2745,4339,3000,0
2026-07-24T06:12:52Z,81244,2196544,1223404,469000,504140,354946,144,49,47,48,114,4796,250.580,2823,4323,3000,0
2026-07-24T06:13:23Z,81275,2196544,1223404,469000,504140,356994,144,49,47,48,114,4797,250.639,2739,4211,3000,0
2026-07-24T06:13:54Z,81306,2196544,1223404,469000,504140,436866,144,49,47,48,114,4798,250.689,2763,4159,3000,0
2026-07-24T06:14:26Z,81338,2196544,1223404,469000,504140,436866,144,49,47,48,114,4799,250.739,2699,4351,3000,0
2026-07-24T06:14:57Z,81369,2196544,1223404,469000,504140,375426,144,49,47,48,114,4800,250.792,2739,4203,3000,0
2026-07-24T06:15:28Z,81400,2196544,1223404,469000,504140,379522,144,49,47,48,114,4801,250.854,2845,4447,3000,0
2026-07-24T06:16:00Z,81432,2196544,1223404,469000,504140,502402,144,49,47,48,114,4803,250.973,2887,4503,3000,0
2026-07-24T06:16:31Z,81463,2196544,1223404,469000,504140,367234,144,49,47,48,114,4804,251.036,3001,4555,3000,0
2026-07-24T06:17:03Z,81495,2196544,1223404,469000,504140,377474,144,49,47,48,114,4805,251.105,2879,4599,3000,0
2026-07-24T06:17:34Z,81526,2196544,1223404,469000,504140,440962,144,49,47,48,114,4806,251.181,3151,6587,3000,0
2026-07-24T06:18:06Z,81558,2196544,1223404,469000,504140,359042,144,49,47,48,114,4807,251.250,3293,6723,3000,0
2026-07-24T06:18:37Z,81589,2196544,1223404,469000,504140,367234,144,49,47,48,114,4808,251.310,2669,4559,3000,0
2026-07-24T06:19:08Z,81620,2196544,1223404,469000,504140,502402,144,49,47,48,114,4810,251.448,2733,4483,3000,0
2026-07-24T06:19:40Z,81652,2196544,1223404,469000,504140,422530,144,49,47,48,114,4811,251.503,2635,4311,3000,0
2026-07-24T06:20:11Z,81683,2196544,1223404,469000,504140,359042,144,49,47,48,114,4812,251.562,2829,4263,3000,0
2026-07-24T06:20:43Z,81715,2196544,1223404,469000,504140,377474,144,49,47,48,114,4813,251.618,2691,4251,3000,0
2026-07-24T06:21:14Z,81746,2196544,1223404,469000,504140,428674,144,49,47,48,114,4814,251.671,2757,4675,3000,0
2026-07-24T06:21:45Z,81777,2196544,1223404,469000,504140,375426,144,49,47,48,114,4815,251.723,2779,4783,3000,0
2026-07-24T06:22:17Z,81809,2196544,1223404,469000,504140,377474,144,49,47,48,114,4816,251.799,2859,4463,3000,0
2026-07-24T06:22:48Z,81840,2196544,1223404,469000,504140,512642,144,49,47,48,114,4817,251.865,2777,4451,3000,0
2026-07-24T06:23:19Z,81871,2196544,1223404,469000,504140,369282,144,49,47,48,114,4818,251.924,2703,4303,3000,0
2026-07-24T06:23:51Z,81903,2196544,1223404,469000,504140,371330,144,49,47,48,114,4820,252.053,2771,4819,3000,0
2026-07-24T06:24:22Z,81934,2196544,1223404,469000,504140,363138,144,49,47,48,114,4821,252.113,2795,4439,3000,0
2026-07-24T06:24:53Z,81965,2196544,1223404,469000,504140,361090,144,49,47,48,114,4822,252.167,2673,4251,3000,0
2026-07-24T06:25:25Z,81997,2196544,1223404,469000,504140,375426,144,49,47,48,114,4823,252.230,2817,4507,3000,0
2026-07-24T06:25:56Z,82028,2196544,1223404,469000,504140,383618,144,49,47,48,114,4824,252.285,2781,4615,3000,0
2026-07-24T06:26:28Z,82060,2196544,1223404,469000,504140,502402,144,49,47,48,114,4825,252.362,2729,4427,3000,0
2026-07-24T06:26:59Z,82091,2196544,1223404,469000,504140,367234,144,49,47,48,114,4826,252.416,2697,4447,3000,0
2026-07-24T06:27:30Z,82122,2196544,1223404,469000,504140,365186,144,49,47,48,114,4827,252.469,2791,4479,3000,0
2026-07-24T06:28:02Z,82154,2196544,1223404,469000,504140,496258,144,49,47,48,114,4829,252.579,2921,4439,3000,0
2026-07-24T06:28:33Z,82185,2197652,1223404,469000,505248,361090,144,49,47,48,114,4830,252.638,2811,4219,3000,0
2026-07-24T06:29:04Z,82216,2197652,1223404,469000,505248,373378,144,49,47,48,114,4831,252.695,2769,4239,3000,0
2026-07-24T06:29:36Z,82248,2197652,1223404,469000,505248,430722,144,49,47,48,114,4832,252.752,3027,4823,3000,0
2026-07-24T06:30:07Z,82279,2197652,1223404,469000,505248,426626,144,49,47,48,114,4833,252.804,2733,4499,3000,0
2026-07-24T06:30:39Z,82311,2197652,1223404,469000,505248,375426,144,49,47,48,114,4834,252.867,2787,4623,3000,0
2026-07-24T06:31:10Z,82342,2197652,1223404,469000,505248,371330,144,49,47,48,114,4835,252.925,2803,4823,3000,0
2026-07-24T06:31:41Z,82373,2197652,1223404,469000,505248,352898,144,49,47,48,114,4837,253.050,2745,4555,3000,0
2026-07-24T06:32:13Z,82405,2197652,1223404,469000,505248,371330,144,49,47,48,114,4838,253.111,2863,4415,3000,0
2026-07-24T06:32:44Z,82436,2197652,1223404,469000,505248,375426,144,49,47,48,114,4839,253.169,2795,4539,3000,0
2026-07-24T06:33:15Z,82467,2197652,1223404,469000,505248,506498,144,49,47,48,114,4840,253.235,2801,4451,3000,0
2026-07-24T06:33:47Z,82499,2197652,1223404,469000,505248,356994,144,49,47,48,114,4841,253.290,2731,4371,3000,0
2026-07-24T06:34:18Z,82530,2197652,1223404,469000,505248,369282,144,49,47,48,114,4842,253.344,2731,4543,3000,0
2026-07-24T06:34:49Z,82561,2197652,1223404,469000,505248,361090,144,49,47,48,114,4843,253.402,2829,4703,3000,0
2026-07-24T06:35:21Z,82593,2197652,1223404,469000,505248,356994,144,49,47,48,114,4844,253.451,2671,4223,3000,0
2026-07-24T06:35:52Z,82624,2197652,1223404,469000,505248,356994,144,49,47,48,114,4845,253.509,2959,4647,3000,0
2026-07-24T06:36:24Z,82656,2197652,1223404,469000,505248,371330,144,49,47,48,114,4846,253.569,2793,4467,3000,0
2026-07-24T06:36:55Z,82687,2197652,1223404,469000,505248,430722,144,49,47,48,114,4848,253.700,2715,4911,3000,0
2026-07-24T06:37:26Z,82718,2197652,1223404,469000,505248,367234,144,49,47,48,114,4849,253.766,2737,4319,3000,0
2026-07-24T06:37:58Z,82750,2197652,1223404,469000,505248,383618,144,49,47,48,114,4850,253.830,2843,4255,3000,0
2026-07-24T06:38:29Z,82781,2197652,1223404,469000,505248,447106,144,49,47,48,114,4851,253.890,2923,4631,3000,0
2026-07-24T06:39:00Z,82812,2197652,1223404,469000,505248,369282,144,49,47,48,114,4852,253.948,2691,4303,3000,0
2026-07-24T06:39:32Z,82844,2197652,1223404,469000,505248,371330,144,49,47,48,114,4853,254.015,2779,4095,3000,0
2026-07-24T06:40:03Z,82875,2197652,1223404,469000,505248,500354,144,49,47,48,114,4855,254.141,2797,4623,3000,0
2026-07-24T06:40:35Z,82907,2197652,1223404,469000,505248,430722,144,49,47,48,114,4856,254.198,2765,4179,3000,0
2026-07-24T06:41:06Z,82938,2197652,1223404,469000,505248,361090,144,49,47,48,114,4857,254.253,2851,4555,3000,0
2026-07-24T06:41:37Z,82969,2197652,1223404,469000,505248,361090,144,49,47,48,114,4858,254.308,2797,4491,3000,0
2026-07-24T06:42:09Z,83001,2197652,1223404,469000,505248,434818,144,49,47,48,114,4859,254.357,2747,4379,3000,0
2026-07-24T06:42:40Z,83032,2197652,1223404,469000,505248,373378,144,49,47,48,114,4860,254.416,2781,4527,3000,0
2026-07-24T06:43:11Z,83063,2197652,1223404,469000,505248,369282,144,49,47,48,114,4861,254.469,2941,5075,3000,0
2026-07-24T06:43:43Z,83095,2197652,1223404,469000,505248,361090,144,49,47,48,114,4862,254.532,3183,5171,3000,0
2026-07-24T06:44:14Z,83126,2197652,1223404,469000,505248,367234,144,49,47,48,114,4864,254.653,2863,5047,3000,0
2026-07-24T06:44:46Z,83158,2197652,1223404,469000,505248,369282,144,49,47,48,114,4865,254.709,2805,4315,3000,0
2026-07-24T06:45:17Z,83189,2197652,1223404,469000,505248,522882,144,49,47,48,114,4866,254.777,2819,4643,3000,0
2026-07-24T06:45:48Z,83220,2197652,1223404,469000,505248,518786,144,49,47,48,114,4867,254.837,2753,4043,3000,0
2026-07-24T06:46:20Z,83252,2197652,1223404,469000,505248,375426,144,49,47,48,114,4868,254.903,2931,4655,3000,0
2026-07-24T06:46:51Z,83283,2197652,1223404,469000,505248,389762,144,49,47,48,114,4869,254.962,2865,4755,3000,0
2026-07-24T06:47:22Z,83314,2197652,1223404,469000,505248,424578,144,49,47,48,114,4870,255.028,2929,5003,3000,0
2026-07-24T06:47:54Z,83346,2197652,1223404,469000,505248,356994,144,49,47,48,114,4871,255.090,2953,4867,3000,0
2026-07-24T06:48:25Z,83377,2197652,1223404,469000,505248,361090,144,49,47,48,114,4872,255.153,3065,4595,3000,0
2026-07-24T06:48:56Z,83408,2197656,1223408,469000,505248,502402,144,49,47,48,114,4874,255.256,2961,4571,3000,0
2026-07-24T06:49:28Z,83440,2197656,1223408,469000,505248,369282,144,49,47,48,114,4875,255.309,2749,4303,3000,0
2026-07-24T06:49:59Z,83471,2197656,1223408,469000,505248,375426,144,49,47,48,114,4876,255.367,2837,4407,3000,0
2026-07-24T06:50:31Z,83503,2197656,1223408,469000,505248,520834,144,49,47,48,114,4877,255.430,2867,4575,3000,0
2026-07-24T06:51:02Z,83534,2197656,1223408,469000,505248,510594,144,49,47,48,114,4878,255.490,2807,4327,3000,0
2026-07-24T06:51:33Z,83565,2197656,1223408,469000,505248,373378,144,49,47,48,114,4879,255.551,2741,4511,3000,0
2026-07-24T06:52:05Z,83597,2197656,1223408,469000,505248,375426,144,49,47,48,114,4880,255.610,2739,4723,3000,0
2026-07-24T06:52:36Z,83628,2197656,1223408,469000,505248,436866,144,49,47,48,114,4882,255.734,2681,4823,3000,0
2026-07-24T06:53:07Z,83659,2197656,1223408,469000,505248,371330,144,49,47,48,114,4883,255.795,2849,4379,3000,0
2026-07-24T06:53:39Z,83691,2197656,1223408,469000,505248,375426,144,49,47,48,114,4884,255.855,3075,4919,3000,0
2026-07-24T06:54:10Z,83722,2197656,1223408,469000,505248,496258,144,49,47,48,114,4885,255.924,2819,4975,3000,0
2026-07-24T06:54:42Z,83754,2197656,1223408,469000,505248,369282,144,49,47,48,114,4886,255.981,2835,4611,3000,0
2026-07-24T06:55:13Z,83785,2197656,1223408,469000,505248,369282,144,49,47,48,114,4887,256.040,3121,4435,3000,0
2026-07-24T06:55:44Z,83816,2197656,1223408,469000,505248,443010,144,49,47,48,114,4888,256.105,3079,6871,3000,0
2026-07-24T06:56:16Z,83848,2197656,1223408,469000,505248,428674,144,49,47,48,114,4889,256.157,2855,4651,3000,0
2026-07-24T06:56:47Z,83879,2197656,1223408,469000,505248,373378,144,49,47,48,114,4890,256.213,2727,4707,3000,0
2026-07-24T06:57:19Z,83911,2197656,1223408,469000,505248,371330,144,49,47,48,114,4891,256.280,2875,4427,3000,0
2026-07-24T06:57:50Z,83942,2197656,1223408,469000,505248,434818,144,49,47,48,114,4893,256.405,2965,4959,3000,0
2026-07-24T06:58:21Z,83973,2197656,1223408,469000,505248,379522,144,49,47,48,114,4894,256.468,2749,4531,3000,0
2026-07-24T06:58:53Z,84005,2197656,1223408,469000,505248,373378,144,49,47,48,114,4895,256.526,2921,4327,3000,0
2026-07-24T06:59:24Z,84036,2197656,1223408,469000,505248,363138,144,49,47,48,114,4896,256.589,2771,4391,3000,0
2026-07-24T06:59:55Z,84067,2197656,1223408,469000,505248,367234,144,49,47,48,114,4897,256.646,2781,4343,3000,0
2026-07-24T07:00:27Z,84099,2197656,1223408,469000,505248,365186,144,49,47,48,114,4898,256.703,2789,4431,3000,0
2026-07-24T07:00:58Z,84130,2197656,1223408,469000,505248,512642,144,49,47,48,114,4900,256.826,2715,4335,3000,0
2026-07-24T07:01:30Z,84162,2197656,1223408,469000,505248,445058,144,49,47,48,114,4901,256.880,2669,4583,3000,0
2026-07-24T07:02:01Z,84193,2197656,1223408,469000,505248,352898,144,49,47,48,114,4902,256.930,2739,4239,3000,0
2026-07-24T07:02:32Z,84224,2197656,1223408,469000,505248,363138,144,49,47,48,114,4903,256.988,2687,4275,3000,0
2026-07-24T07:03:04Z,84256,2197656,1223408,469000,505248,354946,144,49,47,48,114,4904,257.040,2689,4507,3000,0
2026-07-24T07:03:35Z,84287,2197656,1223408,469000,505248,375426,144,49,47,48,114,4905,257.092,2683,4427,3000,0
2026-07-24T07:04:06Z,84318,2197656,1223408,469000,505248,369282,144,49,47,48,114,4906,257.152,2897,4743,3000,0
2026-07-24T07:04:38Z,84350,2197656,1223408,469000,505248,440962,144,49,47,48,114,4907,257.213,2777,4183,3000,0
2026-07-24T07:05:09Z,84381,2197656,1223408,469000,505248,363138,144,49,47,48,114,4908,257.269,2883,4691,3000,0
2026-07-24T07:05:40Z,84412,2197656,1223408,469000,505248,377474,144,49,47,48,114,4910,257.395,2901,4659,3000,0
2026-07-24T07:06:12Z,84444,2197656,1223408,469000,505248,445058,144,49,47,48,114,4911,257.457,2773,4359,3000,0
2026-07-24T07:06:43Z,84475,2197656,1223408,469000,505248,432770,144,49,47,48,114,4912,257.512,2881,4479,3000,0
2026-07-24T07:07:15Z,84507,2197656,1223408,469000,505248,375426,144,49,47,48,114,4913,257.577,2895,4431,3000,0
2026-07-24T07:07:46Z,84538,2197656,1223408,469000,505248,375426,144,49,47,48,114,4914,257.632,3149,5087,3000,0
2026-07-24T07:08:17Z,84569,2197656,1223408,469000,505248,510594,144,49,47,48,114,4915,257.703,2871,5095,3000,0
2026-07-24T07:08:49Z,84601,2197656,1223408,469000,505248,363138,144,49,47,48,114,4916,257.760,2947,4599,3000,0
2026-07-24T07:09:20Z,84632,2197656,1223408,469000,505248,369282,144,49,47,48,114,4917,257.816,3005,4707,3000,0
2026-07-24T07:09:52Z,84664,2197656,1223408,469000,505248,432770,144,49,47,48,114,4919,257.935,2927,4723,3000,0
2026-07-24T07:10:23Z,84695,2197656,1223408,469000,505248,371330,144,49,47,48,114,4920,257.998,2795,4427,3000,0
2026-07-24T07:10:54Z,84726,2197656,1223408,469000,505248,365186,144,49,47,48,114,4921,258.058,2881,4711,3000,0
2026-07-24T07:11:26Z,84758,2197660,1223412,469000,505248,440962,144,49,47,48,114,4922,258.151,2897,4675,3000,0
2026-07-24T07:11:57Z,84789,2197660,1223412,469000,505248,438914,144,49,47,48,114,4923,258.212,2685,4175,3000,0
2026-07-24T07:12:28Z,84820,2197660,1223412,469000,505248,367234,144,49,47,48,114,4924,258.274,2743,4311,3000,0
2026-07-24T07:13:00Z,84852,2197660,1223412,469000,505248,373378,144,49,47,48,114,4925,258.335,2903,4883,3000,0
2026-07-24T07:13:31Z,84883,2197660,1223412,469000,505248,430722,144,49,47,48,114,4927,258.447,2679,4327,3000,0
2026-07-24T07:14:03Z,84915,2197660,1223412,469000,505248,365186,144,49,47,48,114,4928,258.504,2785,4235,3000,0
2026-07-24T07:14:34Z,84946,2197660,1223412,469000,505248,373378,144,49,47,48,114,4929,258.567,2851,5095,3000,0
2026-07-24T07:15:05Z,84977,2197660,1223412,469000,505248,498306,144,49,47,48,114,4930,258.640,2707,4435,3000,0
2026-07-24T07:15:37Z,85009,2197660,1223412,469000,505248,354946,144,49,47,48,114,4931,258.698,2669,4215,3000,0
2026-07-24T07:16:08Z,85040,2197660,1223412,469000,505248,363138,144,49,47,48,114,4932,258.752,2707,4013,3000,0
2026-07-24T07:16:39Z,85071,2197660,1223412,469000,505248,434818,144,49,47,48,114,4933,258.802,2839,4767,3000,0
2026-07-24T07:17:11Z,85103,2197660,1223412,469000,505248,430722,144,49,47,48,114,4934,258.853,2823,4039,3000,0
2026-07-24T07:17:42Z,85134,2197660,1223412,469000,505248,367234,144,49,47,48,114,4935,258.909,2669,4307,3000,0
2026-07-24T07:18:13Z,85165,2197688,1223412,469028,505248,375426,144,49,47,48,114,4936,258.965,2951,4471,3000,0
2026-07-24T07:18:45Z,85197,2197688,1223412,469028,505248,440962,144,49,47,48,114,4938,259.083,3055,4931,3000,0
2026-07-24T07:19:16Z,85228,2197688,1223412,469028,505248,367234,144,49,47,48,114,4939,259.148,2935,4523,3000,0
2026-07-24T07:19:48Z,85260,2197688,1223412,469028,505248,389762,144,49,47,48,114,4940,259.212,3075,4683,3000,0
2026-07-24T07:20:19Z,85291,2197688,1223412,469028,505248,447106,144,49,47,48,114,4941,259.272,3205,4619,3000,0
2026-07-24T07:20:50Z,85322,2197688,1223412,469028,505248,367234,144,49,47,48,114,4942,259.335,2993,4595,3000,0
2026-07-24T07:21:22Z,85354,2197688,1223412,469028,505248,377474,144,49,47,48,114,4943,259.399,3109,5059,3000,0
2026-07-24T07:21:53Z,85385,2197688,1223412,469028,505248,512642,144,49,47,48,114,4945,259.529,3147,4995,3000,0
2026-07-24T07:22:25Z,85417,2197688,1223412,469028,505248,436866,144,49,47,48,114,4946,259.590,2901,4587,3000,0
2026-07-24T07:22:56Z,85448,2197688,1223412,469028,505248,375426,144,49,47,48,114,4947,259.651,3025,4539,3000,0
2026-07-24T07:23:27Z,85479,2197688,1223412,469028,505248,379522,144,49,47,48,114,4948,259.709,3165,4699,3000,0
2026-07-24T07:23:59Z,85511,2197688,1223412,469028,505248,443010,144,49,47,48,114,4949,259.766,2957,4727,3000,0
2026-07-24T07:24:30Z,85542,2197688,1223412,469028,505248,371330,144,49,47,48,114,4950,259.825,3141,4799,3000,0
2026-07-24T07:25:02Z,85574,2197688,1223412,469028,505248,377474,144,49,47,48,114,4951,259.888,2973,5071,3000,0
2026-07-24T07:25:33Z,85605,2197688,1223412,469028,505248,440962,144,49,47,48,114,4952,259.963,3157,4779,3000,0
2026-07-24T07:26:04Z,85636,2197688,1223412,469028,505248,369282,144,49,47,48,114,4953,260.033,2921,4527,3000,0
2026-07-24T07:26:36Z,85668,2197688,1223412,469028,505248,361090,144,49,47,48,114,4955,260.163,2937,4591,3000,0
2026-07-24T07:27:07Z,85699,2197688,1223412,469028,505248,443010,144,49,47,48,114,4956,260.224,3035,4779,3000,0
2026-07-24T07:27:39Z,85731,2197688,1223412,469028,505248,438914,144,49,47,48,114,4957,260.281,2883,4531,3000,0
2026-07-24T07:28:10Z,85762,2197772,1223496,469028,505248,369282,144,49,47,48,114,4958,260.345,2925,4447,3000,0
2026-07-24T07:28:41Z,85793,2197772,1223496,469028,505248,369282,144,49,47,48,114,4959,260.408,2959,4723,3000,0
2026-07-24T07:29:13Z,85825,2197772,1223496,469028,505248,496258,144,49,47,48,114,4960,260.478,2785,4651,3000,0
2026-07-24T07:29:44Z,85856,2197772,1223496,469028,505248,365186,144,49,47,48,114,4961,260.535,2669,4183,3000,0
2026-07-24T07:30:16Z,85888,2197772,1223496,469028,505248,363138,144,49,47,48,114,4962,260.589,2765,4687,3000,0
2026-07-24T07:30:47Z,85919,2197772,1223496,469028,505248,436867,144,49,47,48,114,4964,260.708,2945,4515,3000,0
2026-07-24T07:31:18Z,85950,2197772,1223496,469028,505248,375427,144,49,47,48,114,4965,260.765,2697,4135,3000,0
2026-07-24T07:31:50Z,85982,2197772,1223496,469028,505248,369283,144,49,47,48,114,4966,260.821,2941,4267,3000,0
2026-07-24T07:32:21Z,86013,2197772,1223496,469028,505248,449155,144,49,47,48,114,4967,260.885,2941,4695,3000,0
2026-07-24T07:32:52Z,86044,2197772,1223496,469028,505248,432771,144,49,47,48,114,4968,260.939,2635,4025,3000,0
2026-07-24T07:33:24Z,86076,2197772,1223496,469028,505248,379523,144,49,47,48,114,4969,261.002,2681,4243,3000,0
2026-07-24T07:33:55Z,86107,2197772,1223496,469028,505248,379523,144,49,47,48,114,4970,261.063,2793,4279,3000,0
2026-07-24T07:34:27Z,86139,2197772,1223496,469028,505248,502403,144,49,47,48,114,4971,261.135,2687,4375,3000,0
2026-07-24T07:34:58Z,86170,2197772,1223496,469028,505248,367235,144,49,47,48,114,4972,261.189,2873,4359,3000,0
2026-07-24T07:35:29Z,86201,2197772,1223496,469028,505248,361091,144,49,47,48,114,4973,261.244,2795,4415,3000,0
2026-07-24T07:36:01Z,86233,2197772,1223496,469028,505248,432771,144,49,47,48,114,4975,261.352,2907,4723,3000,0
2026-07-24T07:36:32Z,86264,2197772,1223496,469028,505248,369283,144,49,47,48,114,4976,261.412,2677,4371,3000,0
2026-07-24T07:37:03Z,86295,2197772,1223496,469028,505248,371331,144,49,47,48,114,4977,261.470,2765,4363,3000,0
2026-07-24T07:37:35Z,86327,2197772,1223496,469028,505248,445059,144,49,47,48,114,4978,261.536,2827,4471,3000,0
2026-07-24T07:38:06Z,86358,2197772,1223496,469028,505248,430723,144,49,47,48,114,4979,261.595,2721,4103,3000,0
2026-07-24T07:38:38Z,86390,2197772,1223496,469028,505248,369283,144,49,47,48,114,4980,261.656,2699,4527,3000,0
2026-07-24T07:39:09Z,86421,2197772,1223496,469028,505248,365187,144,49,47,48,114,4981,261.714,2837,4599,3000,0
2026-07-24T07:39:40Z,86452,2197772,1223496,469028,505248,418435,144,49,47,48,114,4983,261.837,3021,5051,3000,0
2026-07-24T07:40:12Z,86484,2197772,1223496,469028,505248,375427,144,49,47,48,114,4984,261.899,2809,4351,3000,0
2026-07-24T07:40:43Z,86515,2197772,1223496,469028,505248,375427,144,49,47,48,114,4985,261.958,3129,5047,3000,0
2026-07-24T07:41:15Z,86547,2197772,1223496,469028,505248,500355,144,49,47,48,114,4986,262.028,2869,4519,3000,0
2026-07-24T07:41:46Z,86578,2197772,1223496,469028,505248,363139,144,49,47,48,114,4987,262.086,2925,4671,3000,0
2026-07-24T07:42:17Z,86609,2197772,1223496,469028,505248,359043,144,49,47,48,114,4988,262.138,2825,4355,3000,0
2026-07-24T07:42:49Z,86641,2197772,1223496,469028,505248,516739,144,49,47,48,114,4989,262.190,2793,4527,3000,0
2026-07-24T07:43:20Z,86672,2197772,1223496,469028,505248,512643,144,49,47,48,114,4990,262.244,2673,4259,3000,0
2026-07-24T07:43:51Z,86703,2197772,1223496,469028,505248,365187,144,49,47,48,114,4991,262.299,2795,4535,3000,0
2026-07-24T07:44:23Z,86735,2197772,1223496,469028,505248,371331,144,49,47,48,114,4992,262.354,2839,4739,3000,0
2026-07-24T07:44:54Z,86766,2197772,1223496,469028,505248,434819,144,49,47,48,114,4994,262.471,2735,4475,3000,0
2026-07-24T07:45:26Z,86798,2197772,1223496,469028,505248,367235,144,49,47,48,114,4995,262.527,2761,4363,3000,0
2026-07-24T07:45:57Z,86829,2197772,1223496,469028,505248,381571,144,49,47,48,114,4996,262.587,2755,4327,3000,0
2026-07-24T07:46:28Z,86860,2197772,1223496,469028,505248,440963,144,49,47,48,114,4997,262.647,2769,4387,3000,0
2026-07-24T07:47:00Z,86892,2197772,1223496,469028,505248,361091,144,49,47,48,114,4998,262.701,2777,4299,3000,0
2026-07-24T07:47:31Z,86923,2197772,1223496,469028,505248,361091,144,49,47,48,114,4999,262.761,2837,4327,3000,0
2026-07-24T07:48:02Z,86954,2197772,1223496,469028,505248,436867,144,49,47,48,114,5001,262.906,2751,4619,3000,0
2026-07-24T07:48:34Z,86986,2197772,1223496,469028,505248,356995,144,49,47,48,114,5002,262.960,2819,4239,3000,0
2026-07-24T07:49:05Z,87017,2197772,1223496,469028,505248,365187,144,49,47,48,114,5003,263.018,2775,4619,3000,0
2026-07-24T07:49:37Z,87049,2197772,1223496,469028,505248,373379,144,49,47,48,114,5004,263.071,2777,4431,3000,0
2026-07-24T07:50:08Z,87080,2197772,1223496,469028,505248,422531,144,49,47,48,114,5005,263.122,2733,4723,3000,0
2026-07-24T07:50:39Z,87111,2197772,1223496,469028,505248,373379,144,49,47,48,114,5006,263.178,2721,4247,3000,0
2026-07-24T07:51:11Z,87143,2197776,1223496,469032,505248,383619,144,49,47,48,114,5007,263.235,2733,4567,3000,0
2026-07-24T07:51:42Z,87174,2197776,1223496,469032,505248,434819,144,49,47,48,114,5008,263.297,2701,4667,3000,0
2026-07-24T07:52:14Z,87206,2197776,1223496,469032,505248,365187,144,49,47,48,114,5010,263.417,2679,4327,3000,0
2026-07-24T07:52:45Z,87237,2197788,1223496,469044,505248,377475,144,49,47,48,114,5011,263.485,2851,4403,3000,0
2026-07-24T07:53:16Z,87268,2197788,1223496,469044,505248,449155,144,49,47,48,114,5012,263.547,2829,4491,3000,0
2026-07-24T07:53:48Z,87300,2197788,1223496,469044,505248,434819,144,49,47,48,114,5013,263.606,2803,4327,3000,0
2026-07-24T07:54:19Z,87331,2197788,1223496,469044,505248,373379,144,49,47,48,114,5014,263.665,2825,4435,3000,0
2026-07-24T07:54:50Z,87362,2197788,1223496,469044,505248,375427,144,49,47,48,114,5015,263.727,2971,4755,3000,0
2026-07-24T07:55:22Z,87394,974356,0,469076,505280,301486,91,0,45,46,73,5016,263.810,2915,5255,2342,0
2026-07-24T07:55:53Z,87425,976416,0,469372,507044,259354,91,0,45,46,77,5016,263.810,2871,5195,3000,0
2026-07-24T07:56:25Z,87457,1333616,351356,469624,512636,323897,142,47,47,48,115,5016,263.810,3263,8115,3000,0
2026-07-24T07:56:56Z,87488,1396480,414136,469556,512788,389435,142,47,47,48,114,5016,263.810,2793,5239,3000,0
2026-07-24T07:57:27Z,87519,1437616,455268,469556,512792,440845,142,47,47,48,114,5016,263.810,2805,4587,3000,0
2026-07-24T07:57:59Z,87551,1450808,468456,469556,512796,373270,142,47,47,48,114,5016,263.810,2665,4555,3000,0
2026-07-24T07:58:30Z,87582,1454484,470608,469556,514320,373281,142,47,47,48,114,5016,263.810,2759,4247,3000,0
2026-07-24T07:59:02Z,87614,1455552,470632,469556,515364,348708,142,47,47,48,114,5016,263.810,2871,4687,3000,0
2026-07-24T07:59:33Z,87645,1455844,470744,469604,515496,371244,142,47,47,48,114,5016,263.810,3161,4687,3000,0
2026-07-24T08:00:04Z,87676,1455896,470760,469636,515500,365105,142,47,47,48,114,5016,263.810,2963,5067,3000,0
2026-07-24T08:00:36Z,87708,1457712,472576,469636,515500,492100,142,47,47,48,114,5016,263.810,3139,4675,3000,0
2026-07-24T08:01:07Z,87739,1457728,472592,469636,515500,361028,142,47,47,48,114,5016,263.810,2707,4327,3000,0
2026-07-24T08:01:38Z,87770,1457764,472628,469636,515500,369224,142,47,47,48,114,5016,263.810,2701,4323,3000,0
2026-07-24T08:02:10Z,87802,1457788,472648,469636,515504,434763,142,47,47,48,114,5016,263.810,2795,4559,3000,0
2026-07-24T08:02:41Z,87833,1457844,472704,469636,515504,434764,142,47,47,48,114,5016,263.810,2771,4235,3000,0
2026-07-24T08:03:13Z,87865,1457856,472716,469636,515504,369235,142,47,47,48,114,5016,263.810,2979,4723,3000,0
2026-07-24T08:03:44Z,87896,1457872,472732,469636,515504,373332,142,47,47,48,114,5016,263.810,3045,4799,3000,0
2026-07-24T08:04:15Z,87927,1457920,472760,469636,515524,428649,142,47,47,48,114,5016,263.810,3013,5119,3000,0
2026-07-24T08:04:47Z,87959,1457944,472784,469636,515524,375410,142,47,47,48,114,5016,263.810,2827,4431,3000,0
2026-07-24T08:05:18Z,87990,1457968,472796,469636,515536,385661,142,47,47,48,114,5016,263.810,3003,5231,3000,0
2026-07-24T08:05:49Z,88021,1458040,472828,469676,515536,449152,142,47,47,48,114,5016,263.810,2805,4887,3000,0
2026-07-24T08:06:21Z,88053,1458044,472828,469676,515540,373379,142,47,47,48,114,5016,263.810,2655,4199,3000,0
2026-07-24T08:06:52Z,88084,1458092,472876,469676,515540,367240,142,47,47,48,114,5016,263.810,2693,4307,3000,0
2026-07-24T08:07:24Z,88116,1458164,472932,469692,515540,449161,142,47,47,48,114,5016,263.810,2763,4335,3000,0
2026-07-24T08:07:55Z,88147,1458164,472932,469692,515540,379531,142,47,47,48,114,5016,263.810,2681,4223,3000,0
2026-07-24T08:08:26Z,88178,1458208,472976,469692,515540,373389,142,47,47,48,114,5016,263.810,2941,4759,3000,0
2026-07-24T08:08:58Z,88210,1458268,473036,469692,515540,377486,142,47,47,48,114,5016,263.810,2925,4695,3000,0
2026-07-24T08:09:29Z,88241,1458284,473052,469692,515540,432785,142,47,47,48,114,5016,263.810,2911,4579,3000,0
2026-07-24T08:10:01Z,88273,1458296,473064,469692,515540,352913,142,47,47,48,114,5016,263.810,3027,4815,3000,0
2026-07-24T08:10:32Z,88304,1458304,473072,469692,515540,375442,142,47,47,48,114,5016,263.810,2849,4479,3000,0
2026-07-24T08:11:03Z,88335,1458308,473072,469692,515544,438932,142,47,47,48,114,5016,263.810,2969,4715,3000,0
2026-07-24T08:11:35Z,88367,1458308,473072,469692,515544,369300,142,47,47,48,114,5016,263.810,2893,4631,3000,0
2026-07-24T08:12:06Z,88398,1458308,473072,469692,515544,369301,142,47,47,48,114,5016,263.810,2759,4855,3000,0
2026-07-24T08:12:37Z,88429,1458388,473152,469692,515544,506460,142,47,47,48,114,5016,263.810,2733,4443,3000,0
2026-07-24T08:13:09Z,88461,1458404,473168,469692,515544,422503,142,47,47,48,114,5016,263.810,2771,4667,3000,0
2026-07-24T08:13:40Z,88492,1458408,473172,469692,515544,363111,142,47,47,48,114,5016,263.810,2779,4867,3000,0
2026-07-24T08:14:12Z,88524,1458412,473176,469692,515544,369255,142,47,47,48,114,5016,263.810,2827,4715,3000,0
2026-07-24T08:14:43Z,88555,1458432,473196,469692,515544,440949,142,47,47,48,114,5016,263.810,2703,4451,3000,0
2026-07-24T08:15:14Z,88586,1458436,473200,469692,515544,363126,142,47,47,48,114,5016,263.810,2723,4379,3000,0
2026-07-24T08:15:46Z,88618,1458436,473200,469692,515544,359045,142,47,47,48,114,5016,263.810,2769,4303,3000,0
2026-07-24T08:16:17Z,88649,1458452,473216,469692,515544,352901,142,47,47,48,114,5016,263.810,2733,4491,3000,0
2026-07-24T08:16:48Z,88680,1458592,473356,469692,515544,357014,142,47,47,48,114,5016,263.810,2697,4271,3000,0
2026-07-24T08:17:20Z,88712,1458592,473356,469692,515544,363158,142,47,47,48,114,5016,263.810,2739,4455,3000,0
2026-07-24T08:17:51Z,88743,1458600,473364,469692,515544,430744,142,47,47,48,114,5016,263.810,2795,4655,3000,0
2026-07-24T08:18:23Z,88775,1458608,473372,469692,515544,416412,142,47,47,48,114,5016,263.810,2647,4171,3000,0
2026-07-24T08:18:54Z,88806,1458616,473376,469692,515548,367262,142,47,47,48,114,5016,263.810,2681,4199,3000,0
2026-07-24T08:19:25Z,88837,1458616,473376,469692,515548,373406,142,47,47,48,114,5016,263.810,2825,4499,3000,0
2026-07-24T08:19:57Z,88869,1458616,473376,469692,515548,496288,142,47,47,48,114,5016,263.810,2657,4611,3000,0
2026-07-24T08:20:28Z,88900,1458616,473376,469692,515548,357026,142,47,47,48,114,5016,263.810,2709,4295,3000,0
2026-07-24T08:20:59Z,88931,1458624,473384,469692,515548,363173,142,47,47,48,114,5016,263.810,2771,4255,3000,0
2026-07-24T08:21:31Z,88963,1460256,475016,469692,515548,506534,142,47,47,48,114,5016,263.810,2837,4663,3000,0
2026-07-24T08:22:02Z,88994,1460260,475020,469692,515548,371370,142,47,47,48,114,5016,263.810,2731,4435,3000,0
2026-07-24T08:22:34Z,89026,1460264,475020,469692,515552,373420,142,47,47,48,114,5016,263.810,2727,4095,3000,0
2026-07-24T08:23:05Z,89057,1460264,475020,469692,515552,371373,142,47,47,48,114,5016,263.810,2941,4359,3000,0
2026-07-24T08:23:36Z,89088,1460268,475024,469692,515552,357037,142,47,47,48,114,5016,263.810,2661,4061,3000,0
2026-07-24T08:24:08Z,89120,1460268,475024,469692,515552,361134,142,47,47,48,114,5016,263.810,2659,4407,3000,0
2026-07-24T08:24:39Z,89151,1460268,475024,469692,515552,373422,142,47,47,48,114,5016,263.810,2747,4371,3000,0
2026-07-24T08:25:11Z,89183,1460272,475028,469692,515552,434863,142,47,47,48,114,5016,263.810,2765,4563,3000,0
2026-07-24T08:25:42Z,89214,1460272,475028,469692,515552,363186,142,47,47,48,114,5016,263.810,2833,4495,3000,0
2026-07-24T08:26:13Z,89245,1460276,475032,469692,515552,367288,142,47,47,48,114,5016,263.810,2979,5143,3000,0
2026-07-24T08:26:45Z,89277,1460288,475044,469692,515552,420541,142,47,47,48,114,5016,263.810,2805,5087,3000,0
2026-07-24T08:27:16Z,89308,1460312,475068,469692,515552,367293,142,47,47,48,114,5016,263.810,2831,4395,3000,0
2026-07-24T08:27:48Z,89340,1460312,475068,469692,515552,369341,142,47,47,48,114,5016,263.810,2951,4671,3000,0
2026-07-24T08:28:19Z,89371,1460324,475076,469692,515556,436940,142,47,47,48,114,5016,263.810,2899,4639,3000,0
2026-07-24T08:28:50Z,89402,1460324,475076,469692,515556,436940,142,47,47,48,114,5016,263.810,2633,4053,3000,0
2026-07-24T08:29:22Z,89434,1460324,475076,469692,515556,359118,142,47,47,48,114,5016,263.810,2653,4419,3000,0
2026-07-24T08:29:53Z,89465,1460332,475084,469692,515556,365268,142,47,47,48,114,5016,263.810,2895,4487,3000,0
2026-07-24T08:30:24Z,89496,1461152,475904,469692,515556,422621,142,47,47,48,114,5016,263.810,2717,4375,3000,0
2026-07-24T08:30:56Z,89528,1461152,475904,469692,515556,357088,142,47,47,48,114,5016,263.810,3145,5047,3000,0
2026-07-24T08:31:27Z,89559,1461156,475904,469692,515560,346854,142,47,47,48,114,5016,263.810,2859,4475,3000,0
2026-07-24T08:31:59Z,89591,1461164,475912,469692,515560,434923,142,47,47,48,114,5016,263.810,2971,4567,3000,0
2026-07-24T08:32:30Z,89622,1461176,475924,469692,515560,363243,142,47,47,48,114,5016,263.810,2663,4187,3000,0
2026-07-24T08:33:01Z,89653,1461180,475924,469692,515564,367339,142,47,47,48,114,5016,263.810,2703,4207,3000,0
2026-07-24T08:33:33Z,89685,1461184,475928,469692,515564,502518,142,47,47,48,114,5016,263.810,2755,4631,3000,0
2026-07-24T08:34:04Z,89716,1461184,475928,469692,515564,428790,142,47,47,48,114,5016,263.810,2687,4467,3000,0
2026-07-24T08:34:35Z,89747,1461184,475928,469692,515564,367350,142,47,47,48,114,5016,263.810,2953,4303,3000,0
2026-07-24T08:35:07Z,89779,1461184,475928,469692,515564,367350,142,47,47,48,114,5016,263.810,2831,4435,3000,0
2026-07-24T08:35:38Z,89810,1461184,475928,469692,515564,420600,142,47,47,48,114,5016,263.810,2753,4431,3000,0
2026-07-24T08:36:10Z,89842,1461184,475928,469692,515564,355066,142,47,47,48,114,5016,263.810,2679,4471,3000,0
2026-07-24T08:36:41Z,89873,1461184,475928,469692,515564,363258,142,47,47,48,114,5016,263.810,2747,4419,3000,0
2026-07-24T08:37:12Z,89904,1461188,475928,469692,515568,432892,142,47,47,48,114,5016,263.810,2659,4391,3000,0
2026-07-24T08:37:44Z,89936,1461188,475928,469692,515568,371456,142,47,47,48,114,5016,263.810,2971,4411,3000,0
2026-07-24T08:38:15Z,89967,1461192,475932,469692,515568,365314,142,47,47,48,114,5016,263.810,2993,4727,3000,0
2026-07-24T08:38:47Z,89999,1461212,475940,469692,515580,434947,142,47,47,48,114,5016,263.810,3057,5031,3000,0
2026-07-24T08:39:18Z,90030,1461212,475940,469692,515580,434949,142,47,47,48,114,5016,263.810,2965,4519,3000,0
2026-07-24T08:39:49Z,90061,1461212,475940,469692,515580,348933,142,47,47,48,114,5016,263.810,3007,4707,3000,0
2026-07-24T08:40:21Z,90093,1461212,475940,469692,515580,359174,142,47,47,48,114,5016,263.810,2915,4711,3000,0
2026-07-24T08:40:52Z,90124,1461220,475944,469692,515584,490248,142,47,47,48,114,5016,263.810,2671,4379,3000,0
2026-07-24T08:41:24Z,90156,1461220,475944,469692,515584,367370,142,47,47,48,114,5016,263.810,2693,4283,3000,0
2026-07-24T08:41:55Z,90187,1461220,475944,469692,515584,365322,142,47,47,48,114,5016,263.810,2773,4215,3000,0
2026-07-24T08:42:26Z,90218,1461220,475944,469692,515584,430859,142,47,47,48,114,5016,263.810,2813,4647,3000,0
2026-07-24T08:42:58Z,90250,1461220,475944,469692,515584,363276,142,47,47,48,114,5016,263.810,2785,4383,3000,0
2026-07-24T08:43:29Z,90281,1461220,475944,469692,515584,367372,142,47,47,48,114,5016,263.810,2921,4375,3000,0
2026-07-24T08:44:01Z,90313,1461220,475944,469692,515584,432909,142,47,47,48,114,5016,263.810,3085,5071,3000,0
2026-07-24T08:44:32Z,90344,1461224,475948,469692,515584,432910,142,47,47,48,114,5016,263.810,3025,4795,3000,0
2026-07-24T08:45:03Z,90375,1461252,475976,469692,515584,365326,142,47,47,48,114,5016,263.810,3005,4727,3000,0
2026-07-24T08:45:35Z,90407,1461256,475976,469692,515588,359182,142,47,47,48,114,5016,263.810,2979,4647,3000,0
2026-07-24T08:46:06Z,90438,1461256,475976,469692,515588,416528,142,47,47,48,114,5016,263.810,3113,4723,3000,0
2026-07-24T08:46:38Z,90470,1461260,475980,469692,515588,365329,142,47,47,48,114,5016,263.810,3263,5043,3000,0
2026-07-24T08:47:09Z,90501,1461264,475984,469692,515588,355089,142,47,47,48,114,5016,263.810,3379,5199,3000,0
2026-07-24T08:47:40Z,90532,1461264,475984,469692,515588,490257,142,47,47,48,114,5016,263.810,3101,5311,3000,0
2026-07-24T08:48:12Z,90564,1461264,475984,469692,515588,355089,142,47,47,48,114,5016,263.810,3203,4935,3000,0
2026-07-24T08:48:43Z,90595,1461264,475984,469692,515588,375571,142,47,47,48,114,5016,263.810,3285,5071,3000,0
2026-07-24T08:49:15Z,90627,1461264,475984,469692,515588,441107,142,47,47,48,114,5016,263.810,3199,5359,3000,0
2026-07-24T08:49:46Z,90658,1461268,475988,469692,515588,422677,142,47,47,48,114,5016,263.810,2967,4491,3000,0
2026-07-24T08:50:17Z,90689,1461272,475992,469692,515588,363287,142,47,47,48,114,5016,263.810,2703,4411,3000,0
2026-07-24T08:50:49Z,90721,1461276,475996,469692,515588,375577,142,47,47,48,114,5016,263.810,2943,4403,3000,0
2026-07-24T08:51:20Z,90752,1461300,476020,469692,515588,430896,142,47,47,48,114,5016,263.810,3045,4979,3000,0
2026-07-24T08:51:51Z,90783,1461312,476032,469692,515588,365365,142,47,47,48,114,5016,263.810,2951,4947,3000,0
2026-07-24T08:52:23Z,90815,1461316,476036,469692,515588,377653,142,47,47,48,114,5016,263.810,2843,4591,3000,0
2026-07-24T08:52:54Z,90846,1461316,476036,469692,515588,367421,142,47,47,48,114,5016,263.810,2937,5155,3000,0
2026-07-24T08:53:26Z,90878,1461324,476044,469692,515588,348989,142,47,47,48,114,5016,263.810,3027,4631,3000,0
2026-07-24T08:53:57Z,90909,1461332,476052,469692,515588,351041,142,47,47,48,114,5016,263.810,2859,4415,3000,0
2026-07-24T08:54:28Z,90940,1461340,476060,469692,515588,435014,142,47,47,48,114,5016,263.810,2783,4499,3000,0
2026-07-24T08:55:00Z,90972,1461376,476096,469692,515588,371533,142,47,47,48,114,5016,263.810,2711,4303,3000,0
2026-07-24T08:55:31Z,91003,1461376,476096,469692,515588,383822,142,47,47,48,114,5016,263.810,2897,4499,3000,0
2026-07-24T08:56:03Z,91035,1461376,476096,469692,515588,387919,142,47,47,48,114,5016,263.810,2997,4763,3000,0
2026-07-24T08:56:34Z,91066,1461380,476100,469692,515588,432975,142,47,47,48,114,5016,263.810,2857,4875,3000,0
2026-07-24T08:57:05Z,91097,1461380,476100,469692,515588,361295,142,47,47,48,114,5016,263.810,2859,4327,3000,0
2026-07-24T08:57:37Z,91129,1461380,476100,469692,515588,371535,142,47,47,48,114,5016,263.810,2921,4487,3000,0
2026-07-24T08:58:08Z,91160,1461380,476100,469692,515588,422736,142,47,47,48,114,5016,263.810,3003,4955,3000,0
2026-07-24T08:58:39Z,91191,1461380,476100,469692,515588,361296,142,47,47,48,114,5016,263.810,2795,4411,3000,0
2026-07-24T08:59:11Z,91223,1461400,476120,469692,515588,363363,142,47,47,48,114,5016,263.810,2957,4535,3000,0
2026-07-24T08:59:42Z,91254,1461408,476128,469692,515588,494435,142,47,47,48,114,5016,263.810,2989,4835,3000,0
2026-07-24T09:00:14Z,91286,1461420,476140,469692,515588,424804,142,47,47,48,114,5016,263.810,2815,4451,3000,0
2026-07-24T09:00:45Z,91317,1461436,476156,469692,515588,359285,142,47,47,48,114,5016,263.810,2843,4427,3000,0
2026-07-24T09:01:16Z,91348,1461436,476156,469692,515588,353141,142,47,47,48,114,5016,263.810,3123,4795,3000,0
2026-07-24T09:01:48Z,91380,1461440,476160,469692,515588,422773,142,47,47,48,114,5016,263.810,2801,4763,3000,0
2026-07-24T09:02:19Z,91411,1461440,476160,469692,515588,359290,142,47,47,48,114,5016,263.810,2955,4663,3000,0
2026-07-24T09:02:51Z,91443,1461440,476160,469692,515588,351098,142,47,47,48,114,5016,263.810,2845,4531,3000,0
2026-07-24T09:03:22Z,91474,1461452,476172,469692,515588,430975,142,47,47,48,114,5016,263.810,2871,4839,3000,0
2026-07-24T09:03:53Z,91505,1461456,476176,469692,515588,347007,142,47,47,48,114,5016,263.810,2853,4751,3000,0
2026-07-24T09:04:25Z,91537,1461456,476176,469692,515588,359296,142,47,47,48,114,5016,263.810,2879,4463,3000,0
2026-07-24T09:04:56Z,91568,1461460,476180,469692,515588,498561,142,47,47,48,114,5016,263.810,2919,4695,3000,0
2026-07-24T09:05:28Z,91600,1461460,476180,469692,515588,422785,142,47,47,48,114,5016,263.810,2881,4535,3000,0
2026-07-24T09:05:59Z,91631,1461460,476180,469692,515588,359297,142,47,47,48,114,5016,263.810,2811,4455,3000,0
2026-07-24T09:06:30Z,91662,1461464,476184,469692,515588,367489,142,47,47,48,114,5016,263.810,2923,4655,3000,0
2026-07-24T09:07:02Z,91694,1461480,476184,469692,515604,424838,142,47,47,48,114,5016,263.810,2759,4655,3000,0
2026-07-24T09:07:33Z,91725,1461480,476184,469692,515604,357254,142,47,47,48,114,5016,263.810,2775,4723,3000,0
2026-07-24T09:08:04Z,91756,1461484,476184,469692,515608,357254,142,47,47,48,114,5016,263.810,2903,4507,3000,0
2026-07-24T09:08:36Z,91788,1461484,476184,469692,515608,435078,142,47,47,48,114,5016,263.810,3057,4831,3000,0
2026-07-24T09:09:07Z,91819,1461492,476192,469692,515608,367494,142,47,47,48,114,5016,263.810,2725,4515,3000,0
2026-07-24T09:09:39Z,91851,1461492,476192,469692,515608,365446,142,47,47,48,114,5016,263.810,2821,4807,3000,0
2026-07-24T09:10:10Z,91882,1461496,476196,469692,515608,439174,142,47,47,48,114,5016,263.810,2877,4687,3000,0
2026-07-24T09:10:41Z,91913,1461496,476196,469692,515608,422791,142,47,47,48,114,5016,263.810,2761,4427,3000,0
2026-07-24T09:11:13Z,91945,1461496,476196,469692,515608,357256,142,47,47,48,114,5016,263.810,2813,4343,3000,0
2026-07-24T09:11:44Z,91976,1461496,476196,469692,515608,369544,142,47,47,48,114,5016,263.810,2959,4583,3000,0
2026-07-24T09:12:16Z,92008,1461496,476196,469692,515608,496520,142,47,47,48,114,5016,263.810,2743,4475,3000,0
2026-07-24T09:12:47Z,92039,1461504,476200,469692,515612,357256,142,47,47,48,114,5016,263.810,2771,4447,3000,0
2026-07-24T09:13:18Z,92070,1461504,476200,469692,515612,369546,142,47,47,48,114,5016,263.810,2821,4463,3000,0
2026-07-24T09:13:50Z,92102,1461508,476204,469692,515612,428938,142,47,47,48,114,5016,263.810,2991,4731,3000,0
2026-07-24T09:14:21Z,92133,1461512,476204,469692,515616,359311,142,47,47,48,114,5016,263.810,2997,4655,3000,0
2026-07-24T09:14:52Z,92164,1461512,476204,469692,515616,361359,142,47,47,48,114,5016,263.810,2825,4731,3000,0
2026-07-24T09:15:24Z,92196,1461512,476204,469692,515616,371599,142,47,47,48,114,5016,263.810,2845,4675,3000,0
2026-07-24T09:15:55Z,92227,1461512,476204,469692,515616,359311,142,47,47,48,114,5016,263.810,2683,4231,3000,0
2026-07-24T09:16:27Z,92259,1461512,476204,469692,515616,351119,142,47,47,48,114,5016,263.810,2929,4947,3000,0
2026-07-24T09:16:58Z,92290,1461516,476208,469692,515616,373648,142,47,47,48,114,5016,263.810,2881,4667,3000,0
2026-07-24T09:17:29Z,92321,1461520,476212,469692,515616,422808,142,47,47,48,114,5016,263.810,2749,4847,3000,0
2026-07-24T09:18:01Z,92353,1461520,476212,469692,515616,351128,142,47,47,48,114,5016,263.810,2859,4539,3000,0
2026-07-24T09:18:32Z,92384,1461520,476212,469692,515616,369561,142,47,47,48,114,5016,263.810,2945,4623,3000,0
2026-07-24T09:19:04Z,92416,1461568,476260,469692,515616,506779,142,47,47,48,114,5016,263.810,2759,4407,3000,0
2026-07-24T09:19:35Z,92447,1461568,476260,469692,515616,349089,142,47,47,48,114,5016,263.810,2669,4239,3000,0
2026-07-24T09:20:06Z,92478,1461576,476264,469692,515620,369569,142,47,47,48,114,5016,263.810,2771,4343,3000,0
2026-07-24T09:20:38Z,92510,1461592,476264,469708,515620,428977,142,47,47,48,114,5016,263.810,2861,4935,3000,0
2026-07-24T09:21:09Z,92541,1461592,476264,469708,515620,426929,142,47,47,48,114,5016,263.810,2821,4455,3000,0
2026-07-24T09:21:40Z,92572,1461592,476264,469708,515620,357297,142,47,47,48,114,5016,263.810,2813,4851,3000,0
2026-07-24T09:22:12Z,92604,1461592,476264,469708,515620,363441,142,47,47,48,114,5016,263.810,2929,4595,3000,0
2026-07-24T09:22:43Z,92635,1461604,476276,469708,515620,424881,142,47,47,48,114,5016,263.810,2749,4551,3000,0
2026-07-24T09:23:15Z,92667,1461604,476276,469708,515620,340913,142,47,47,48,114,5016,263.810,2957,4583,3000,0
2026-07-24T09:23:46Z,92698,1461608,476280,469708,515620,359345,142,47,47,48,114,5016,263.810,2759,4307,3000,0
2026-07-24T09:24:17Z,92729,1461608,476280,469708,515620,433073,142,47,47,48,114,5016,263.810,2729,4859,3000,0
2026-07-24T09:24:49Z,92761,1461620,476292,469708,515620,355249,142,47,47,48,114,5016,263.810,2665,4323,3000,0
2026-07-24T09:25:20Z,92792,1461624,476296,469708,515620,365491,142,47,47,48,114,5016,263.810,2745,4407,3000,0
2026-07-24T09:25:51Z,92823,1461628,476300,469708,515620,490419,142,47,47,48,114,5016,263.810,2737,4471,3000,0
2026-07-24T09:26:23Z,92855,1461628,476300,469708,515620,424883,142,47,47,48,114,5016,263.810,2681,4079,3000,0
2026-07-24T09:26:54Z,92886,1461628,476300,469708,515620,363444,142,47,47,48,114,5016,263.810,2747,4267,3000,0
2026-07-24T09:27:26Z,92918,1461632,476300,469708,515624,357301,142,47,47,48,114,5016,263.810,2733,4283,3000,0
2026-07-24T09:27:57Z,92949,1461640,476304,469708,515628,422843,142,47,47,48,114,5016,263.810,2713,4779,3000,0
2026-07-24T09:28:28Z,92980,1461668,476328,469708,515632,373708,142,47,47,48,114,5016,263.810,2677,4339,3000,0
2026-07-24T09:29:00Z,93012,1461668,476328,469708,515632,373719,142,47,47,48,114,5016,263.810,2725,4207,3000,0
2026-07-24T09:29:31Z,93043,1461668,476328,469708,515632,433111,142,47,47,48,114,5016,263.810,2893,4491,3000,0
2026-07-24T09:30:03Z,93075,1461672,476332,469708,515632,369623,142,47,47,48,114,5016,263.810,2739,4251,3000,0
2026-07-24T09:30:34Z,93106,1461676,476332,469708,515636,371671,142,47,47,48,114,5016,263.810,2919,4671,3000,0
2026-07-24T09:31:05Z,93137,1461676,476332,469708,515636,433112,142,47,47,48,114,5016,263.810,3049,4691,3000,0
2026-07-24T09:31:37Z,93169,1461676,476332,469708,515636,435162,142,47,47,48,114,5016,263.810,2817,4475,3000,0
2026-07-24T09:32:08Z,93200,1461676,476332,469708,515636,363483,142,47,47,48,114,5016,263.810,2971,4439,3000,0
2026-07-24T09:32:39Z,93231,1461680,476332,469708,515640,373723,142,47,47,48,114,5016,263.810,3189,5055,3000,0
2026-07-24T09:33:11Z,93263,1461680,476332,469708,515640,506844,142,47,47,48,114,5016,263.810,2955,4863,3000,0
2026-07-24T09:33:42Z,93294,1461684,476332,469708,515644,373726,142,47,47,48,114,5016,263.810,2761,4427,3000,0
2026-07-24T09:34:14Z,93326,1461692,476340,469708,515644,359400,142,47,47,48,114,5016,263.810,3097,4639,3000,0
2026-07-24T09:34:45Z,93357,1461692,476340,469708,515644,429033,142,47,47,48,114,5016,263.810,2975,4867,3000,0
2026-07-24T09:35:16Z,93388,1461692,476340,469708,515644,359401,142,47,47,48,114,5016,263.810,2947,4515,3000,0
2026-07-24T09:35:48Z,93420,1461692,476340,469708,515644,381931,142,47,47,48,114,5016,263.810,2819,4475,3000,0
2026-07-24T09:36:19Z,93451,1461696,476344,469708,515644,429035,142,47,47,48,114,5016,263.810,2855,4671,3000,0
2026-07-24T09:36:50Z,93482,1461696,476344,469708,515644,424939,142,47,47,48,114,5016,263.810,2903,4263,3000,0
2026-07-24T09:37:22Z,93514,1461696,476344,469708,515644,357357,142,47,47,48,114,5016,263.810,2887,4327,3000,0
2026-07-24T09:37:53Z,93545,1461696,476344,469708,515644,361453,142,47,47,48,114,5016,263.810,3047,4927,3000,0
2026-07-24T09:38:25Z,93577,1461696,476344,469708,515644,426989,142,47,47,48,114,5016,263.810,2903,5031,3000,0
2026-07-24T09:38:56Z,93608,1461696,476344,469708,515644,365549,142,47,47,48,114,5016,263.810,2965,4447,3000,0
2026-07-24T09:39:27Z,93639,1461696,476344,469708,515644,383981,142,47,47,48,114,5016,263.810,2845,4675,3000,0
2026-07-24T09:39:59Z,93671,1461696,476344,469708,515644,494573,142,47,47,48,114,5016,263.810,2839,4623,3000,0
2026-07-24T09:40:30Z,93702,1461732,476376,469708,515648,365552,142,47,47,48,114,5016,263.810,2733,4727,3000,0
2026-07-24T09:41:02Z,93734,1461732,476376,469708,515648,365552,142,47,47,48,114,5016,263.810,2871,5039,3000,0
2026-07-24T09:41:33Z,93765,1461740,476384,469708,515648,431092,142,47,47,48,114,5016,263.810,3045,4771,3000,0
2026-07-24T09:42:04Z,93796,1461740,476384,469708,515648,426996,142,47,47,48,114,5016,263.810,2727,4807,3000,0
2026-07-24T09:42:36Z,93828,1461740,476384,469708,515648,363509,142,47,47,48,114,5016,263.810,2783,4719,3000,0
2026-07-24T09:43:07Z,93859,1461748,476388,469708,515652,375797,142,47,47,48,114,5016,263.810,2839,4479,3000,0
2026-07-24T09:43:38Z,93890,1461748,476388,469708,515652,431093,142,47,47,48,114,5016,263.810,2887,4755,3000,0
2026-07-24T09:44:10Z,93922,1461748,476388,469708,515652,369653,142,47,47,48,114,5016,263.810,2977,4499,3000,0
2026-07-24T09:44:41Z,93953,1461756,476388,469708,515660,365568,142,47,47,48,114,5016,263.810,2893,4499,3000,0
2026-07-24T09:45:13Z,93985,1461756,476388,469708,515660,420864,142,47,47,48,114,5016,263.810,3175,5135,3000,0
2026-07-24T09:45:44Z,94016,1461760,476388,469708,515664,369665,142,47,47,48,114,5016,263.810,3067,4831,3000,0
2026-07-24T09:46:15Z,94047,1461760,476388,469708,515664,355329,142,47,47,48,114,5016,263.810,3219,4819,3000,0
2026-07-24T09:46:47Z,94079,1461760,476388,469708,515664,429059,142,47,47,48,114,5016,263.810,3105,4803,3000,0
2026-07-24T09:47:18Z,94110,1461764,476388,469708,515668,424968,142,47,47,48,114,5016,263.810,2981,4559,3000,0
2026-07-24T09:47:50Z,94142,1461768,476388,469708,515672,363530,142,47,47,48,114,5016,263.810,3049,4859,3000,0
2026-07-24T09:48:21Z,94173,1461768,476388,469708,515672,371723,142,47,47,48,114,5016,263.810,3117,4919,3000,0
2026-07-24T09:48:53Z,94205,1461768,476388,469708,515672,433166,142,47,47,48,114,5016,263.810,3167,4995,3000,0
2026-07-24T09:49:24Z,94236,1461768,476388,469708,515672,363535,142,47,47,48,114,5016,263.810,3053,4563,3000,0
2026-07-24T09:49:55Z,94267,1461772,476388,469708,515676,361487,142,47,47,48,114,5016,263.810,3347,5059,3000,0
2026-07-24T09:50:27Z,94299,1461772,476388,469708,515676,486417,142,47,47,48,114,5016,263.810,3189,5175,3000,0
2026-07-24T09:50:58Z,94330,1461772,476388,469708,515676,353297,142,47,47,48,114,5016,263.810,3277,4667,3000,0
2026-07-24T09:51:30Z,94362,1461772,476388,469708,515676,371730,142,47,47,48,114,5016,263.810,3137,4851,3000,0
2026-07-24T09:52:01Z,94393,1461776,476392,469708,515676,439316,142,47,47,48,114,5016,263.810,3073,4899,3000,0
2026-07-24T09:52:32Z,94424,1461776,476392,469708,515676,427029,142,47,47,48,114,5016,263.810,3001,4811,3000,0
2026-07-24T09:53:04Z,94456,1461776,476392,469708,515676,369685,142,47,47,48,114,5016,263.810,3121,4875,3000,0
2026-07-24T09:53:35Z,94487,1461788,476404,469708,515676,361497,142,47,47,48,114,5016,263.810,3035,4651,3000,0
2026-07-24T09:54:07Z,94519,1461788,476404,469708,515676,427033,142,47,47,48,114,5016,263.810,3025,4751,3000,0
2026-07-24T09:54:38Z,94550,1461788,476404,469708,515676,359449,142,47,47,48,114,5016,263.810,3029,4575,3000,0
2026-07-24T09:55:09Z,94581,1461788,476404,469708,515676,367641,142,47,47,48,114,5016,263.810,2925,4955,3000,0
2026-07-24T09:55:41Z,94613,1461788,476404,469708,515676,496665,142,47,47,48,114,5016,263.810,2793,4679,3000,0
2026-07-24T09:56:12Z,94644,1461788,476404,469708,515676,353305,142,47,47,48,114,5016,263.810,2755,4827,3000,0
2026-07-24T09:56:44Z,94676,1461788,476404,469708,515676,365594,142,47,47,48,114,5016,263.810,2743,4923,3000,0
2026-07-24T09:57:15Z,94707,1461788,476404,469708,515676,439322,142,47,47,48,114,5016,263.810,2763,4499,3000,0
2026-07-24T09:57:46Z,94738,1461788,476404,469708,515676,429083,142,47,47,48,114,5016,263.810,2821,4455,3000,0
2026-07-24T09:58:18Z,94770,1461792,476408,469708,515676,365598,142,47,47,48,114,5016,263.810,2733,4395,3000,0
2026-07-24T09:58:49Z,94801,1461800,476416,469708,515676,371752,142,47,47,48,114,5016,263.810,2821,4499,3000,0
2026-07-24T09:59:21Z,94833,1461808,476424,469708,515676,422955,142,47,47,48,114,5016,263.810,2751,4947,3000,0
2026-07-24T09:59:52Z,94864,1461812,476428,469708,515676,367663,142,47,47,48,114,5016,263.810,2753,4219,3000,0
2026-07-24T10:00:23Z,94895,1461812,476428,469708,515676,361519,142,47,47,48,114,5016,263.810,2879,4523,3000,0
2026-07-24T10:00:55Z,94927,1461824,476440,469708,515676,425020,142,47,47,48,114,5016,263.810,2933,4431,3000,0
2026-07-24T10:01:26Z,94958,1461828,476444,469708,515676,353340,142,47,47,48,114,5016,263.810,2921,5079,3000,0
2026-07-24T10:01:57Z,94989,1461860,476476,469708,515676,361556,142,47,47,48,114,5016,263.810,2961,4599,3000,0
2026-07-24T10:02:29Z,95021,1461868,476484,469708,515676,416863,142,47,47,48,114,5016,263.810,3193,5079,3000,0
2026-07-24T10:03:00Z,95052,1461868,476484,469708,515676,359528,142,47,47,48,114,5016,263.810,2853,4251,3000,0
2026-07-24T10:03:32Z,95084,1461872,476488,469708,515676,363625,142,47,47,48,114,5016,263.810,2919,4779,3000,0
2026-07-24T10:04:03Z,95115,1461872,476488,469708,515676,375914,142,47,47,48,114,5016,263.810,3047,4683,3000,0
2026-07-24T10:04:34Z,95146,1461872,476488,469708,515676,431211,142,47,47,48,114,5016,263.810,2905,4887,3000,0
2026-07-24T10:05:06Z,95178,1461872,476488,469708,515676,375916,142,47,47,48,114,5016,263.810,3105,4671,3000,0
2026-07-24T10:05:37Z,95209,1461872,476488,469708,515676,365676,142,47,47,48,114,5016,263.810,3177,4739,3000,0
2026-07-24T10:06:09Z,95241,1461884,476500,469708,515676,425080,142,47,47,48,114,5016,263.810,3277,5255,3000,0
2026-07-24T10:06:40Z,95272,1461884,476500,469708,515676,363640,142,47,47,48,114,5016,263.810,3095,4867,3000,0
2026-07-24T10:07:11Z,95303,1461884,476500,469708,515676,355451,142,47,47,48,114,5016,263.810,3129,4983,3000,0
2026-07-24T10:07:43Z,95335,1461884,476500,469708,515676,451707,142,47,47,48,114,5016,263.810,3043,4795,3000,0
2026-07-24T10:08:14Z,95366,1461900,476516,469708,515676,427137,142,47,47,48,114,5016,263.810,2809,4539,3000,0
2026-07-24T10:08:46Z,95398,1461924,476516,469708,515700,373898,142,47,47,48,114,5016,263.810,3101,4843,3000,0
2026-07-24T10:09:17Z,95429,1461928,476520,469708,515700,369807,142,47,47,48,114,5016,263.810,3099,4799,3000,0
2026-07-24T10:09:49Z,95461,1461928,476520,469708,515700,492687,142,47,47,48,114,5016,263.810,2819,4927,3000,0
2026-07-24T10:10:20Z,95492,1461968,476556,469708,515704,361638,142,47,47,48,114,5016,263.810,2787,4615,3000,0
2026-07-24T10:10:51Z,95523,1461976,476564,469708,515704,378022,142,47,47,48,114,5016,263.810,2797,4863,3000,0
2026-07-24T10:11:23Z,95555,1461988,476576,469708,515704,431276,142,47,47,48,114,5016,263.810,2835,4691,3000,0
2026-07-24T10:11:54Z,95586,1461992,476580,469708,515704,349356,142,47,47,48,114,5016,263.810,2691,4283,3000,0
2026-07-24T10:12:25Z,95617,1461992,476580,469708,515704,353453,142,47,47,48,114,5016,263.810,2719,4519,3000,0
2026-07-24T10:12:57Z,95649,1461992,476580,469708,515704,433327,142,47,47,48,114,5016,263.810,2731,4315,3000,0
2026-07-24T10:13:28Z,95680,1461992,476580,469708,515704,414895,142,47,47,48,114,5016,263.810,2821,4431,3000,0
2026-07-24T10:13:59Z,95711,1461992,476580,469708,515704,359599,142,47,47,48,114,5016,263.810,2855,4323,3000,0
2026-07-24T10:14:31Z,95743,1462000,476588,469708,515704,365747,142,47,47,48,114,5016,263.810,2903,4443,3000,0
2026-07-24T10:15:02Z,95774,1462004,476592,469708,515704,429235,142,47,47,48,114,5016,263.810,2789,4491,3000,0
2026-07-24T10:15:34Z,95806,1462004,476592,469708,515704,367795,142,47,47,48,114,5016,263.810,2687,4175,3000,0
2026-07-24T10:16:05Z,95837,1462004,476592,469708,515704,378035,142,47,47,48,114,5016,263.810,2741,4319,3000,0
2026-07-24T10:16:36Z,95868,1462004,476592,469708,515704,494771,142,47,47,48,114,5016,263.810,2679,4439,3000,0
2026-07-24T10:17:08Z,95900,1462004,476592,469708,515704,355507,142,47,47,48,114,5016,263.810,2665,4351,3000,0
2026-07-24T10:17:39Z,95931,1462008,476596,469708,515704,361651,142,47,47,48,114,5016,263.810,2759,4619,3000,0
2026-07-24T10:18:10Z,95962,1462008,476596,469708,515704,439475,142,47,47,48,114,5016,263.810,3109,5011,3000,0
2026-07-24T10:18:42Z,95994,1462008,476596,469708,515704,421043,142,47,47,48,114,5016,263.810,3211,5007,3000,0
2026-07-24T10:19:13Z,96025,1462008,476596,469708,515704,355507,142,47,47,48,114,5016,263.810,3025,4763,3000,0
2026-07-24T10:19:45Z,96057,1462008,476596,469708,515704,375987,142,47,47,48,114,5016,263.810,3351,5215,3000,0
2026-07-24T10:20:16Z,96088,1462008,476596,469708,515704,431283,142,47,47,48,114,5016,263.810,3169,5331,3000,0
2026-07-24T10:20:47Z,96119,1462008,476596,469708,515704,361651,142,47,47,48,114,5016,263.810,2969,4679,3000,0
2026-07-24T10:21:19Z,96151,1462008,476596,469708,515704,369843,142,47,47,48,114,5016,263.810,3033,4723,3000,0
2026-07-24T10:21:50Z,96182,1462008,476596,469708,515704,513203,142,47,47,48,114,5016,263.810,3283,5119,3000,0
2026-07-24T10:22:22Z,96214,1462008,476596,469708,515704,363699,142,47,47,48,114,5016,263.810,3189,5079,3000,0
2026-07-24T10:22:53Z,96245,1462008,476596,469708,515704,357555,142,47,47,48,114,5016,263.810,2845,4751,3000,0
2026-07-24T10:23:24Z,96276,1462008,476596,469708,515704,437428,142,47,47,48,114,5016,263.810,2843,4435,3000,0
2026-07-24T10:23:56Z,96308,1462008,476596,469708,515704,435380,142,47,47,48,114,5016,263.810,2771,5323,3000,0
2026-07-24T10:24:27Z,96339,1462008,476596,469708,515704,371892,142,47,47,48,114,5016,263.810,2817,4451,3000,0
2026-07-24T10:24:59Z,96371,1462008,476596,469708,515704,373940,142,47,47,48,114,5016,263.810,2755,4543,3000,0
2026-07-24T10:25:30Z,96402,1462008,476596,469708,515704,427188,142,47,47,48,114,5016,263.810,2667,4807,3000,0
2026-07-24T10:26:01Z,96433,1462008,476596,469708,515704,345268,142,47,47,48,114,5016,263.810,2867,4371,3000,0
2026-07-24T10:26:33Z,96465,1462008,476596,469708,515704,357556,142,47,47,48,114,5016,263.810,2693,4487,3000,0
2026-07-24T10:27:04Z,96496,1462008,476596,469708,515704,431284,142,47,47,48,114,5016,263.810,2723,4651,3000,0
2026-07-24T10:27:35Z,96527,1462008,476596,469708,515704,355509,142,47,47,48,114,5016,263.810,2697,4363,3000,0
2026-07-24T10:28:07Z,96559,1462008,476596,469708,515704,355509,142,47,47,48,114,5016,263.810,2891,4275,3000,0
2026-07-24T10:28:38Z,96590,1462008,476596,469708,515704,496821,142,47,47,48,114,5016,263.810,2751,4415,3000,0
2026-07-24T10:29:10Z,96622,1462008,476596,469708,515704,418997,142,47,47,48,114,5016,263.810,2751,4239,3000,0
2026-07-24T10:29:41Z,96653,1462008,476596,469708,515704,373941,142,47,47,48,114,5016,263.810,3031,4587,3000,0
2026-07-24T10:30:12Z,96684,1462008,476596,469708,515704,373941,142,47,47,48,114,5016,263.810,3015,4763,3000,0
2026-07-24T10:30:44Z,96716,1462012,476600,469708,515704,427189,142,47,47,48,114,5016,263.810,2857,4579,3000,0
2026-07-24T10:31:15Z,96747,1462020,476600,469708,515712,361657,142,47,47,48,114,5016,263.810,2805,4499,3000,0
2026-07-24T10:31:47Z,96779,1462020,476600,469708,515712,361657,142,47,47,48,114,5016,263.810,3007,5099,3000,0
2026-07-24T10:32:18Z,96810,1462020,476600,469708,515712,439484,142,47,47,48,114,5016,263.810,2755,4367,3000,0
2026-07-24T10:32:49Z,96841,1462024,476604,469708,515712,365756,142,47,47,48,114,5016,263.810,2885,4379,3000,0
2026-07-24T10:33:21Z,96873,1462024,476604,469708,515712,371900,142,47,47,48,114,5016,263.810,2785,4983,3000,0
2026-07-24T10:33:52Z,96904,1462024,476604,469708,515712,494780,142,47,47,48,114,5016,263.810,3193,5015,3000,0
2026-07-24T10:34:23Z,96935,1462024,476604,469708,515712,433340,142,47,47,48,114,5016,263.810,2821,4407,3000,0
2026-07-24T10:34:55Z,96967,1462024,476604,469708,515712,365756,142,47,47,48,114,5016,263.810,2967,4475,3000,0
2026-07-24T10:35:26Z,96998,1462036,476616,469708,515712,375996,142,47,47,48,114,5016,263.810,3099,5163,3000,0
2026-07-24T10:35:58Z,97030,1462036,476616,469708,515712,427199,142,47,47,48,114,5016,263.810,2801,4587,3000,0
2026-07-24T10:36:29Z,97061,1462036,476616,469708,515712,363711,142,47,47,48,114,5016,263.810,2967,4615,3000,0
2026-07-24T10:37:00Z,97092,1462040,476620,469708,515712,376000,142,47,47,48,114,5016,263.810,2843,4479,3000,0
2026-07-24T10:37:32Z,97124,1462040,476620,469708,515712,431296,142,47,47,48,114,5016,263.810,3183,5467,3000,0
2026-07-24T10:38:03Z,97155,1462040,476620,469708,515712,363712,142,47,47,48,114,5016,263.810,2881,4567,3000,0
2026-07-24T10:38:35Z,97187,1462040,476620,469708,515712,369856,142,47,47,48,114,5016,263.810,2817,4363,3000,0
2026-07-24T10:39:06Z,97218,1462040,476620,469708,515712,429248,142,47,47,48,114,5016,263.810,2803,4595,3000,0
2026-07-24T10:39:37Z,97249,1462040,476620,469708,515712,423104,142,47,47,48,114,5016,263.810,2651,4375,3000,0
2026-07-24T10:40:09Z,97281,1462040,476620,469708,515712,361664,142,47,47,48,114,5016,263.810,2895,4455,3000,0
2026-07-24T10:40:40Z,97312,1462040,476620,469708,515712,376000,142,47,47,48,114,5016,263.810,2989,4623,3000,0
2026-07-24T10:41:12Z,97344,1462040,476620,469708,515712,513216,142,47,47,48,114,5016,263.810,2719,4963,3000,0
2026-07-24T10:41:43Z,97375,1462040,476620,469708,515712,361664,142,47,47,48,114,5016,263.810,2865,4451,3000,0
2026-07-24T10:42:14Z,97406,1462060,476624,469708,515728,373952,142,47,47,48,114,5016,263.810,2977,4695,3000,0
2026-07-24T10:42:46Z,97438,1462060,476624,469708,515728,437440,142,47,47,48,114,5016,263.810,2747,4627,3000,0
2026-07-24T10:43:17Z,97469,1462060,476624,469708,515728,359616,142,47,47,48,114,5016,263.810,2715,4163,3000,0
2026-07-24T10:43:48Z,97500,1462068,476632,469708,515728,359619,142,47,47,48,114,5016,263.810,2831,4407,3000,0
2026-07-24T10:44:20Z,97532,1462068,476632,469708,515728,447683,142,47,47,48,114,5016,263.810,2991,4535,3000,0
2026-07-24T10:44:51Z,97563,1462068,476632,469708,515728,435395,142,47,47,48,114,5016,263.810,2683,4651,3000,0
2026-07-24T10:45:23Z,97595,1462068,476632,469708,515728,359619,142,47,47,48,114,5016,263.810,2783,4343,3000,0
2026-07-24T10:45:54Z,97626,1462068,476632,469708,515728,349379,142,47,47,48,114,5016,263.810,2797,4479,3000,0
2026-07-24T10:46:25Z,97657,1462072,476632,469708,515732,498885,142,47,47,48,114,5016,263.810,2697,4399,3000,0
2026-07-24T10:46:57Z,97689,1462072,476632,469708,515732,353478,142,47,47,48,114,5016,263.810,2719,4567,3000,0
2026-07-24T10:47:28Z,97720,1462072,476632,469708,515732,365766,142,47,47,48,114,5016,263.810,2913,4327,3000,0
2026-07-24T10:47:59Z,97751,1462076,476636,469708,515732,490696,142,47,47,48,114,5016,263.810,2717,4471,3000,0
2026-07-24T10:48:31Z,97783,1462080,476640,469708,515732,369864,142,47,47,48,114,5016,263.810,2695,4319,3000,0
2026-07-24T10:49:02Z,97814,1462088,476648,469708,515732,365768,142,47,47,48,114,5016,263.810,2841,4543,3000,0
2026-07-24T10:49:34Z,97846,1462096,476648,469708,515740,439504,142,47,47,48,114,5016,263.810,2787,4447,3000,0
2026-07-24T10:50:05Z,97877,1462096,476648,469708,515740,429264,142,47,47,48,114,5016,263.810,2965,4379,3000,0
2026-07-24T10:50:36Z,97908,1462096,476648,469708,515740,359632,142,47,47,48,114,5016,263.810,2813,5015,3000,0
2026-07-24T10:51:08Z,97940,1462096,476648,469708,515740,373969,142,47,47,48,114,5016,263.810,2967,4643,3000,0
2026-07-24T10:51:39Z,97971,1462096,476648,469708,515740,419025,142,47,47,48,114,5016,263.810,2833,4427,3000,0
2026-07-24T10:52:11Z,98003,1462100,476652,469708,515740,363729,142,47,47,48,114,5016,263.810,3135,4603,3000,0
2026-07-24T10:52:42Z,98034,1462100,476652,469708,515740,365777,142,47,47,48,114,5016,263.810,3341,5219,3000,0
2026-07-24T10:53:13Z,98065,1462108,476660,469708,515740,431314,142,47,47,48,114,5016,263.810,3563,5715,3000,0
2026-07-24T10:53:45Z,98097,1462108,476660,469708,515740,361682,142,47,47,48,114,5016,263.810,3209,4851,3000,0
2026-07-24T10:54:16Z,98128,1462108,476660,469708,515740,371922,142,47,47,48,114,5016,263.810,3249,5011,3000,0
2026-07-24T10:54:48Z,98160,1462108,476660,469708,515740,496850,142,47,47,48,114,5016,263.810,3439,5459,3000,0
2026-07-24T10:55:19Z,98191,1462108,476660,469708,515740,435410,142,47,47,48,114,5016,263.810,3071,4775,3000,0
2026-07-24T10:55:51Z,98223,1462108,476660,469708,515740,369874,142,47,47,48,114,5016,263.810,3185,5087,3000,0
2026-07-24T10:56:22Z,98254,1462108,476660,469708,515740,357586,142,47,47,48,114,5016,263.810,3193,5143,3000,0
2026-07-24T10:56:53Z,98285,1462108,476660,469708,515740,421075,142,47,47,48,114,5016,263.810,2759,4995,3000,0
2026-07-24T10:57:25Z,98317,1462108,476660,469708,515740,371923,142,47,47,48,114,5016,263.810,2753,4303,3000,0
2026-07-24T10:57:56Z,98348,1462112,476664,469708,515740,369875,142,47,47,48,114,5016,263.810,2847,4467,3000,0
2026-07-24T10:58:27Z,98379,1462128,476680,469708,515740,347347,142,47,47,48,114,5016,263.810,2873,4431,3000,0
2026-07-24T10:58:59Z,98411,1462136,476688,469708,515740,359635,142,47,47,48,114,5016,263.810,2665,4719,3000,0
2026-07-24T10:59:30Z,98442,1462136,476688,469708,515740,365779,142,47,47,48,114,5016,263.810,2677,4523,3000,0
2026-07-24T11:00:02Z,98474,1462136,476688,469708,515740,443603,142,47,47,48,114,5016,263.810,2757,4427,3000,0
2026-07-24T11:00:33Z,98505,1462136,476688,469708,515740,431315,142,47,47,48,114,5016,263.810,2697,4231,3000,0
2026-07-24T11:01:04Z,98536,1462136,476688,469708,515740,359635,142,47,47,48,114,5016,263.810,2923,4375,3000,0
2026-07-24T11:01:36Z,98568,1462136,476688,469708,515740,365779,142,47,47,48,114,5016,263.810,2973,4883,3000,0
2026-07-24T11:02:07Z,98599,1462136,476688,469708,515740,484563,142,47,47,48,114,5016,263.810,2939,4623,3000,0
2026-07-24T11:02:38Z,98630,1462136,476688,469708,515740,353491,142,47,47,48,114,5016,263.810,2877,4879,3000,0
2026-07-24T11:03:10Z,98662,1462136,476688,469708,515740,369875,142,47,47,48,114,5016,263.810,2875,4559,3000,0
2026-07-24T11:03:41Z,98693,1462244,476688,469816,515740,423123,142,47,47,48,114,5016,263.810,3015,4771,3000,0
2026-07-24T11:04:13Z,98725,1462244,476688,469816,515740,345300,142,47,47,48,114,5016,263.810,2717,4275,3000,0
2026-07-24T11:04:44Z,98756,1462244,476688,469816,515740,357588,142,47,47,48,114,5016,263.810,2779,4407,3000,0
2026-07-24T11:05:15Z,98787,1462264,476708,469816,515740,353497,142,47,47,48,114,5016,263.810,2763,4623,3000,0
2026-07-24T11:05:47Z,98819,1462280,476724,469816,515740,339165,142,47,47,48,114,5016,263.810,2825,4655,3000,0
2026-07-24T11:06:18Z,98850,1462280,476724,469816,515740,369885,142,47,47,48,114,5016,263.810,2853,4787,3000,0
2026-07-24T11:06:50Z,98882,1462292,476736,469816,515740,355552,142,47,47,48,114,5016,263.810,2829,4791,3000,0
2026-07-24T11:07:21Z,98913,1462312,476756,469816,515740,419041,142,47,47,48,114,5016,263.810,2707,4591,3000,0
2026-07-24T11:07:52Z,98944,1462364,476808,469816,515740,373998,142,47,47,48,114,5016,263.810,2685,4167,3000,0
2026-07-24T11:08:24Z,98976,1462376,476820,469816,515740,361713,142,47,47,48,114,5016,263.810,3149,4919,3000,0
2026-07-24T11:08:55Z,99007,1462512,476956,469816,515740,501006,142,47,47,48,114,5016,263.810,3093,5191,3000,0
2026-07-24T11:09:26Z,99038,1462516,476960,469816,515740,349454,142,47,47,48,114,5016,263.810,3101,5055,3000,0
2026-07-24T11:09:58Z,99070,1462516,476960,469816,515740,359699,142,47,47,48,114,5016,263.810,2991,5123,3000,0
2026-07-24T11:10:29Z,99101,1462524,476968,469816,515740,441619,142,47,47,48,114,5016,263.810,3141,5019,3000,0
2026-07-24T11:11:01Z,99133,1462540,476984,469816,515740,429334,142,47,47,48,114,5016,263.810,2913,5187,3000,0
2026-07-24T11:11:32Z,99164,1462540,476984,469816,515740,361750,142,47,47,48,114,5016,263.810,2791,4343,3000,0
2026-07-24T11:12:03Z,99195,1462540,476984,469816,515740,363798,142,47,47,48,114,5016,263.810,2779,4471,3000,0
2026-07-24T11:12:35Z,99227,1462544,476988,469816,515740,441623,142,47,47,48,114,5016,263.810,2703,4523,3000,0
2026-07-24T11:13:06Z,99258,1462580,477024,469816,515740,367898,142,47,47,48,114,5016,263.810,2897,4455,3000,0
2026-07-24T11:13:37Z,99289,1462580,477024,469816,515740,367898,142,47,47,48,114,5016,263.810,2905,4303,3000,0
2026-07-24T11:14:09Z,99321,1462580,477024,469816,515740,431386,142,47,47,48,114,5016,263.810,2813,4727,3000,0
2026-07-24T11:14:40Z,99352,1462580,477024,469816,515740,361754,142,47,47,48,114,5016,263.810,2687,4175,3000,0
2026-07-24T11:15:12Z,99384,1462584,477028,469816,515740,365852,142,47,47,48,114,5016,263.810,2753,4987,3000,0
2026-07-24T11:15:43Z,99415,1462584,477028,469816,515740,501020,142,47,47,48,114,5016,263.810,2741,4475,3000,0
2026-07-24T11:16:14Z,99446,1462584,477028,469816,515740,429340,142,47,47,48,114,5016,263.810,2659,4335,3000,0
2026-07-24T11:16:46Z,99478,1462584,477028,469816,515740,357660,142,47,47,48,114,5016,263.810,2851,4355,3000,0
2026-07-24T11:17:17Z,99509,1462620,477064,469816,515740,361763,142,47,47,48,114,5016,263.810,2763,4387,3000,0
2026-07-24T11:17:48Z,99540,1462620,477064,469816,515740,421155,142,47,47,48,114,5016,263.810,2757,4719,3000,0
2026-07-24T11:18:20Z,99572,1462648,477092,469816,515740,353571,142,47,47,48,114,5016,263.810,2667,4907,3000,0
2026-07-24T11:18:51Z,99603,1462648,477092,469816,515740,369955,142,47,47,48,114,5016,263.810,2881,4339,3000,0
2026-07-24T11:19:23Z,99635,1462648,477092,469816,515740,417059,142,47,47,48,114,5016,263.810,2819,4691,3000,0
2026-07-24T11:19:54Z,99666,1462652,477096,469816,515740,351523,142,47,47,48,114,5016,263.810,2935,4479,3000,0
2026-07-24T11:20:25Z,99697,1462652,477096,469816,515740,363812,142,47,47,48,114,5016,263.810,2981,4435,3000,0
2026-07-24T11:20:57Z,99729,1462656,477100,469816,515740,431396,142,47,47,48,114,5016,263.810,2985,4679,3000,0
2026-07-24T11:21:28Z,99760,1462656,477100,469816,515740,433444,142,47,47,48,114,5016,263.810,2943,4515,3000,0
2026-07-24T11:22:00Z,99792,1462656,477100,469816,515740,372004,142,47,47,48,114,5016,263.810,2747,4603,3000,0
2026-07-24T11:22:31Z,99823,1462656,477100,469816,515740,374052,142,47,47,48,114,5016,263.810,3337,5179,3000,0
2026-07-24T11:23:02Z,99854,1462668,477112,469816,515740,498984,142,47,47,48,114,5016,263.810,3067,4983,3000,0
2026-07-24T11:23:34Z,99886,1462668,477112,469816,515740,363816,142,47,47,48,114,5016,263.810,3109,4871,3000,0
2026-07-24T11:24:05Z,99917,1462668,477112,469816,515740,359720,142,47,47,48,114,5016,263.810,3037,5243,3000,0
2026-07-24T11:24:37Z,99949,1462668,477112,469816,515740,437544,142,47,47,48,114,5016,263.810,2903,5047,3000,0
2026-07-24T11:25:08Z,99980,1462668,477112,469816,515740,361768,142,47,47,48,114,5016,263.810,2987,4495,3000,0
2026-07-24T11:25:39Z,100011,1462668,477112,469816,515740,365864,142,47,47,48,114,5016,263.810,2755,4343,3000,0
2026-07-24T11:26:11Z,100043,1462668,477112,469816,515740,435496,142,47,47,48,114,5016,263.810,2769,4375,3000,0
2026-07-24T11:26:42Z,100074,1462668,477112,469816,515740,425256,142,47,47,48,114,5016,263.810,2785,4279,3000,0
2026-07-24T11:27:13Z,100105,1462668,477112,469816,515740,359720,142,47,47,48,114,5016,263.810,3029,4547,3000,0
2026-07-24T11:27:45Z,100137,1462668,477112,469816,515740,361768,142,47,47,48,114,5016,263.810,2943,4947,3000,0
2026-07-24T11:28:16Z,100168,1462668,477112,469816,515740,425256,142,47,47,48,114,5016,263.810,2723,4539,3000,0
2026-07-24T11:28:48Z,100200,1462668,477112,469816,515740,349480,142,47,47,48,114,5016,263.810,2941,4767,3000,0
2026-07-24T11:29:19Z,100231,1462672,477116,469816,515740,367912,142,47,47,48,114,5016,263.810,2913,4607,3000,0
2026-07-24T11:29:50Z,100262,1462672,477116,469816,515740,498985,142,47,47,48,114,5016,263.810,3125,4967,3000,0
2026-07-24T11:30:22Z,100294,1462696,477120,469816,515760,365882,142,47,47,48,114,5016,263.810,2755,4499,3000,0
2026-07-24T11:30:53Z,100325,1462696,477120,469816,515760,359738,142,47,47,48,114,5016,263.810,2927,4655,3000,0
2026-07-24T11:31:25Z,100357,1462696,477120,469816,515760,437562,142,47,47,48,114,5016,263.810,2779,4467,3000,0
2026-07-24T11:31:56Z,100388,1462696,477120,469816,515760,439610,142,47,47,48,114,5016,263.810,2785,4163,3000,0
2026-07-24T11:32:27Z,100419,1462696,477120,469816,515760,367930,142,47,47,48,114,5016,263.810,2747,4715,3000,0
2026-07-24T11:32:59Z,100451,1462696,477120,469816,515760,367930,142,47,47,48,114,5016,263.810,3079,4731,3000,0
2026-07-24T11:33:30Z,100482,1462716,477124,469832,515760,431418,142,47,47,48,114,5016,263.810,2891,4839,3000,0
2026-07-24T11:34:01Z,100513,1462716,477124,469832,515760,351546,142,47,47,48,114,5016,263.810,3237,4863,3000,0
2026-07-24T11:34:33Z,100545,1462716,477124,469832,515760,361786,142,47,47,48,114,5016,263.810,3229,5407,3000,0
2026-07-24T11:35:04Z,100576,1462716,477124,469832,515760,435514,142,47,47,48,114,5016,263.810,3129,4935,3000,0
2026-07-24T11:35:36Z,100608,1462716,477124,469832,515760,357690,142,47,47,48,114,5016,263.810,2793,4463,3000,0
2026-07-24T11:36:07Z,100639,1462716,477124,469832,515760,341306,142,47,47,48,114,5016,263.810,3069,4747,3000,0
2026-07-24T11:36:38Z,100670,1462716,477124,469832,515760,494906,142,47,47,48,114,5016,263.810,3387,5439,3000,0
2026-07-24T11:37:10Z,100702,1462716,477124,469832,515760,437562,142,47,47,48,114,5016,263.810,3359,5103,3000,0
2026-07-24T11:37:41Z,100733,1462716,477124,469832,515760,361786,142,47,47,48,114,5016,263.810,3339,5111,3000,0
2026-07-24T11:38:13Z,100765,1462716,477124,469832,515760,376122,142,47,47,48,114,5016,263.810,3401,5695,3000,0
2026-07-24T11:38:44Z,100796,1462724,477132,469832,515760,421179,142,47,47,48,114,5016,263.810,3315,5611,3000,0
2026-07-24T11:39:16Z,100828,1462724,477132,469832,515760,361787,142,47,47,48,114,5016,263.810,3243,4975,3000,0
2026-07-24T11:39:47Z,100859,1462724,477132,469832,515760,365883,142,47,47,48,114,5016,263.810,3497,5175,3000,0
2026-07-24T11:40:18Z,100890,1462724,477132,469832,515760,429371,142,47,47,48,114,5016,263.810,3303,5375,3000,0
2026-07-24T11:40:50Z,100922,1462724,477132,469832,515760,359739,142,47,47,48,114,5016,263.810,3315,4959,3000,0
2026-07-24T11:41:21Z,100953,1462724,477132,469832,515760,372027,142,47,47,48,114,5016,263.810,3483,5295,3000,0
2026-07-24T11:41:53Z,100985,1462724,477132,469832,515760,445755,142,47,47,48,114,5016,263.810,3309,5259,3000,0
2026-07-24T11:42:24Z,101016,1462732,477140,469832,515760,429372,142,47,47,48,114,5016,263.810,3247,4955,3000,0
2026-07-24T11:42:56Z,101048,1462764,477140,469832,515792,353597,142,47,47,48,114,5016,263.810,3349,4943,3000,0
2026-07-24T11:43:27Z,101079,1462764,477140,469832,515792,363837,142,47,47,48,114,5016,263.810,3285,5015,3000,0
2026-07-24T11:43:58Z,101110,1462776,477152,469832,515792,507201,142,47,47,48,114,5016,263.810,2741,4827,3000,0
2026-07-24T11:44:30Z,101142,1462776,477152,469832,515792,355649,142,47,47,48,114,5016,263.810,2795,4099,3000,0
2026-07-24T11:45:01Z,101173,1462776,477152,469832,515792,372033,142,47,47,48,114,5016,263.810,2843,4479,3000,0
2026-07-24T11:45:33Z,101205,1462776,477152,469832,515792,435521,142,47,47,48,114,5016,263.810,2725,4679,3000,0
2026-07-24T11:46:04Z,101236,1462776,477152,469832,515792,355649,142,47,47,48,114,5016,263.810,2899,4443,3000,0
2026-07-24T11:46:35Z,101267,1462776,477152,469832,515792,361793,142,47,47,48,114,5016,263.810,3065,4803,3000,0
2026-07-24T11:47:07Z,101299,1462780,477156,469832,515792,433475,142,47,47,48,114,5016,263.810,3047,4743,3000,0
2026-07-24T11:47:38Z,101330,1462780,477156,469832,515792,427331,142,47,47,48,114,5016,263.810,2887,4411,3000,0
2026-07-24T11:48:09Z,101361,1462780,477156,469832,515792,365891,142,47,47,48,114,5016,263.810,2997,4623,3000,0
2026-07-24T11:48:41Z,101393,1462780,477156,469832,515792,367939,142,47,47,48,114,5016,263.810,2733,5103,3000,0
2026-07-24T11:49:12Z,101424,1462788,477156,469832,515800,423235,142,47,47,48,114,5016,263.810,2687,4615,3000,0
2026-07-24T11:49:44Z,101456,1462788,477156,469832,515800,355651,142,47,47,48,114,5016,263.810,2781,4607,3000,0
2026-07-24T11:50:15Z,101487,1462800,477160,469832,515808,363850,142,47,47,48,114,5016,263.810,2835,4419,3000,0
2026-07-24T11:50:46Z,101518,1462800,477160,469832,515808,486730,142,47,47,48,114,5016,263.810,2951,4771,3000,0
2026-07-24T11:51:18Z,101550,1462800,477160,469832,515808,357706,142,47,47,48,114,5016,263.810,2697,4559,3000,0
2026-07-24T11:51:49Z,101581,1462800,477160,469832,515808,361802,142,47,47,48,114,5016,263.810,2739,4795,3000,0
2026-07-24T11:52:21Z,101613,1462800,477160,469832,515808,496970,142,47,47,48,114,5016,263.810,2709,4435,3000,0
2026-07-24T11:52:52Z,101644,1462800,477160,469832,515808,482634,142,47,47,48,114,5016,263.810,2897,4371,3000,0
2026-07-24T11:53:23Z,101675,1462804,477164,469832,515808,357706,142,47,47,48,114,5016,263.810,2991,4851,3000,0
2026-07-24T11:53:55Z,101707,1462808,477168,469832,515808,359754,142,47,47,48,114,5016,263.810,2925,4903,3000,0
2026-07-24T11:54:26Z,101738,1462808,477168,469832,515808,413002,142,47,47,48,114,5016,263.810,2843,4639,3000,0
2026-07-24T11:54:58Z,101770,1462808,477168,469832,515808,365898,142,47,47,48,114,5016,263.810,2975,4451,3000,0
2026-07-24T11:55:29Z,101801,1462808,477168,469832,515808,378186,142,47,47,48,114,5016,263.810,3047,5151,3000,0
2026-07-24T11:56:00Z,101832,1462808,477168,469832,515808,435530,142,47,47,48,114,5016,263.810,2725,4639,3000,0
2026-07-24T11:56:32Z,101864,1462808,477168,469832,515808,369994,142,47,47,48,114,5016,263.810,2657,4175,3000,0
2026-07-24T11:57:03Z,101895,1462808,477168,469832,515808,369994,142,47,47,48,114,5016,263.810,2843,4503,3000,0
2026-07-24T11:57:34Z,101926,1462808,477168,469832,515808,410954,142,47,47,48,114,5016,263.810,3105,4895,3000,0
2026-07-24T11:58:06Z,101958,1462808,477168,469832,515808,339274,142,47,47,48,114,5016,263.810,3059,4635,3000,0
2026-07-24T11:58:37Z,101989,1462808,477168,469832,515808,355658,142,47,47,48,114,5016,263.810,2789,4415,3000,0
2026-07-24T11:59:09Z,102021,1462812,477172,469832,515808,361802,142,47,47,48,114,5016,263.810,2863,4463,3000,0
2026-07-24T11:59:40Z,102052,1462816,477176,469832,515808,415051,142,47,47,48,114,5016,263.810,2685,4907,3000,0
2026-07-24T12:00:11Z,102083,1462816,477176,469832,515808,369995,142,47,47,48,114,5016,263.810,2731,4355,3000,0
2026-07-24T12:00:43Z,102115,1462836,477176,469832,515828,374091,142,47,47,48,114,5016,263.810,2939,4655,3000,0
2026-07-24T12:01:14Z,102146,1462836,477176,469832,515828,413003,142,47,47,48,114,5016,263.810,2751,5023,3000,0
2026-07-24T12:01:45Z,102177,1462836,477176,469832,515828,355659,142,47,47,48,114,5016,263.810,2727,4199,3000,0
2026-07-24T12:02:17Z,102209,1462836,477176,469832,515828,363851,142,47,47,48,114,5016,263.810,2895,4347,3000,0
2026-07-24T12:02:48Z,102240,1462836,477176,469832,515828,431435,142,47,47,48,114,5016,263.810,2765,4423,3000,0
2026-07-24T12:03:20Z,102272,1462836,477176,469832,515828,421195,142,47,47,48,114,5016,263.810,2731,4363,3000,0
2026-07-24T12:03:51Z,102303,1462836,477176,469832,515828,353611,142,47,47,48,114,5016,263.810,2725,4367,3000,0
2026-07-24T12:04:22Z,102334,1462836,477176,469832,515828,369995,142,47,47,48,114,5016,263.810,2769,4439,3000,0
2026-07-24T12:04:54Z,102366,1462836,477176,469832,515828,492875,142,47,47,48,114,5016,263.810,2821,4403,3000,0
2026-07-24T12:05:25Z,102397,1462840,477180,469832,515828,353611,142,47,47,48,114,5016,263.810,2697,4243,3000,0
2026-07-24T12:05:57Z,102429,1462840,477180,469832,515828,359755,142,47,47,48,114,5016,263.810,2761,4391,3000,0
2026-07-24T12:06:28Z,102460,1462840,477180,469832,515828,427340,142,47,47,48,114,5016,263.810,3015,4755,3000,0
2026-07-24T12:06:59Z,102491,1462840,477180,469832,515828,353612,142,47,47,48,114,5016,263.810,3059,4699,3000,0
2026-07-24T12:07:31Z,102523,1462840,477180,469832,515828,349516,142,47,47,48,114,5016,263.810,2893,4711,3000,0
2026-07-24T12:08:02Z,102554,1462840,477180,469832,515828,437580,142,47,47,48,114,5016,263.810,2871,4579,3000,0
2026-07-24T12:08:33Z,102585,1462840,477180,469832,515828,427340,142,47,47,48,114,5016,263.810,2857,4583,3000,0
2026-07-24T12:09:05Z,102617,1462840,477180,469832,515828,353612,142,47,47,48,114,5016,263.810,2765,4287,3000,0
2026-07-24T12:09:36Z,102648,1462840,477180,469832,515828,372044,142,47,47,48,114,5016,263.810,2777,4519,3000,0
2026-07-24T12:10:08Z,102680,1462840,477180,469832,515828,421196,142,47,47,48,114,5016,263.810,2741,4747,3000,0
2026-07-24T12:10:39Z,102711,1462840,477180,469832,515828,365900,142,47,47,48,114,5016,263.810,3123,4827,3000,0
2026-07-24T12:11:10Z,102742,1462840,477180,469832,515828,365903,142,47,47,48,114,5016,263.810,3301,4887,3000,0
2026-07-24T12:11:42Z,102774,1462840,477180,469832,515828,490831,142,47,47,48,114,5016,263.810,3361,5347,3000,0
2026-07-24T12:12:13Z,102805,1462840,477180,469832,515828,353615,142,47,47,48,114,5016,263.810,3265,4735,3000,0
2026-07-24T12:12:45Z,102837,1462884,477224,469832,515828,361831,142,47,47,48,114,5016,263.810,3499,5299,3000,0
2026-07-24T12:13:16Z,102868,1462884,477224,469832,515828,439655,142,47,47,48,114,5016,263.810,3519,5399,3000,0
2026-07-24T12:13:48Z,102900,1462892,477232,469832,515828,427368,142,47,47,48,114,5016,263.810,3461,5383,3000,0
2026-07-24T12:14:19Z,102931,1462892,477232,469832,515828,361832,142,47,47,48,114,5016,263.810,3407,5691,3000,0
2026-07-24T12:14:50Z,102962,1462916,477256,469832,515828,361834,142,47,47,48,114,5016,263.810,3495,5607,3000,0
2026-07-24T12:15:22Z,102994,1462932,477272,469832,515828,345450,142,47,47,48,114,5016,263.810,3397,5575,3000,0
2026-07-24T12:15:53Z,103025,1463076,477416,469832,515828,370074,142,47,47,48,114,5016,263.810,3333,5291,3000,0
2026-07-24T12:16:25Z,103057,1463076,477416,469832,515828,376218,142,47,47,48,114,5016,263.810,3459,5251,3000,0
2026-07-24T12:16:56Z,103088,1463076,477416,469832,515828,423334,142,47,47,48,114,5016,263.810,3665,5715,3000,0
2026-07-24T12:17:28Z,103120,1463080,477420,469832,515828,355750,142,47,47,48,114,5016,263.810,3087,5175,3000,0
2026-07-24T12:17:59Z,103151,1463080,477420,469832,515828,370086,142,47,47,48,114,5016,263.810,2833,4967,3000,0
2026-07-24T12:18:30Z,103182,1463080,477420,469832,515828,495014,142,47,47,48,114,5016,263.810,3001,4651,3000,0
2026-07-24T12:19:02Z,103214,1463080,477420,469832,515828,427430,142,47,47,48,114,5016,263.810,2881,4395,3000,0
2026-07-24T12:19:33Z,103245,1463080,477420,469832,515828,355750,142,47,47,48,114,5016,263.810,2779,4339,3000,0
2026-07-24T12:20:04Z,103276,1463084,477424,469832,515828,368038,142,47,47,48,114,5016,263.810,2815,4739,3000,0
2026-07-24T12:20:36Z,103308,1463084,477424,469832,515828,415142,142,47,47,48,114,5016,263.810,2761,4519,3000,0
2026-07-24T12:21:07Z,103339,1463084,477424,469832,515828,359846,142,47,47,48,114,5016,263.810,2783,4303,3000,0
2026-07-24T12:21:39Z,103371,1463084,477424,469832,515828,365990,142,47,47,48,114,5016,263.810,2841,4415,3000,0
2026-07-24T12:22:10Z,103402,1463084,477424,469832,515828,427430,142,47,47,48,114,5016,263.810,2909,4487,3000,0
2026-07-24T12:22:41Z,103433,1463084,477424,469832,515828,363942,142,47,47,48,114,5016,263.810,2709,4095,3000,0
2026-07-24T12:23:13Z,103465,1463084,477424,469832,515828,374182,142,47,47,48,114,5016,263.810,2823,4647,3000,0
2026-07-24T12:23:44Z,103496,1463088,477428,469832,515828,435622,142,47,47,48,114,5016,263.810,2915,4523,3000,0
2026-07-24T12:24:15Z,103527,1463176,477516,469832,515828,429517,142,47,47,48,114,5016,263.810,2633,4251,3000,0
2026-07-24T12:24:47Z,103559,1463176,477516,469832,515828,366029,142,47,47,48,114,5016,263.810,2671,4155,3000,0
2026-07-24T12:25:18Z,103590,1463176,477516,469832,515828,363981,142,47,47,48,114,5016,263.810,2791,4311,3000,0
2026-07-24T12:25:50Z,103622,1463176,477516,469832,515828,495053,142,47,47,48,114,5016,263.810,2643,4355,3000,0
2026-07-24T12:26:21Z,103653,1463176,477516,469832,515828,370125,142,47,47,48,114,5016,263.810,2685,4061,3000,0
2026-07-24T12:26:52Z,103684,1463176,477516,469832,515828,355789,142,47,47,48,114,5016,263.810,2853,4735,3000,0
2026-07-24T12:27:24Z,103716,1463176,477516,469832,515828,429517,142,47,47,48,114,5016,263.810,2743,4703,3000,0
2026-07-24T12:27:55Z,103747,1463176,477516,469832,515828,361933,142,47,47,48,114,5016,263.810,2877,4531,3000,0
2026-07-24T12:28:27Z,103779,1463176,477516,469832,515828,368077,142,47,47,48,114,5016,263.810,3123,4711,3000,0
2026-07-24T12:28:58Z,103810,1463176,477516,469832,515828,433613,142,47,47,48,114,5016,263.810,3041,4891,3000,0
2026-07-24T12:29:29Z,103841,1463176,477516,469832,515828,429517,142,47,47,48,114,5016,263.810,3025,4779,3000,0
2026-07-24T12:30:01Z,103873,1463176,477516,469832,515828,355789,142,47,47,48,114,5016,263.810,3031,5083,3000,0
2026-07-24T12:30:32Z,103904,1463176,477516,469832,515828,363981,142,47,47,48,114,5016,263.810,2829,4559,3000,0
2026-07-24T12:31:03Z,103935,1463176,477516,469832,515828,413133,142,47,47,48,114,5016,263.810,2953,4827,3000,0
2026-07-24T12:31:35Z,103967,1463176,477516,469832,515828,351693,142,47,47,48,114,5016,263.810,2951,4587,3000,0
2026-07-24T12:32:06Z,103998,1463176,477516,469832,515828,355789,142,47,47,48,114,5016,263.810,2751,4275,3000,0
2026-07-24T12:32:38Z,104030,1463180,477520,469832,515828,503245,142,47,47,48,114,5016,263.810,3117,4835,3000,0
2026-07-24T12:33:09Z,104061,1463196,477536,469832,515828,355789,142,47,47,48,114,5016,263.810,3349,5203,3000,0
2026-07-24T12:33:40Z,104092,1463196,477536,469832,515828,359885,142,47,47,48,114,5016,263.810,3377,5391,3000,0
2026-07-24T12:34:12Z,104124,1463196,477536,469832,515828,435661,142,47,47,48,114,5016,263.810,3305,5611,3000,0
2026-07-24T12:34:43Z,104155,1463196,477536,469832,515828,427469,142,47,47,48,114,5016,263.810,3351,4975,3000,0
2026-07-24T12:35:15Z,104187,1463196,477536,469832,515828,359885,142,47,47,48,114,5016,263.810,3077,4827,3000,0
2026-07-24T12:35:46Z,104218,1463196,477536,469832,515828,374221,142,47,47,48,114,5016,263.810,3279,5039,3000,0
2026-07-24T12:36:17Z,104249,1463196,477536,469832,515828,433613,142,47,47,48,114,5016,263.810,3067,5187,3000,0
2026-07-24T12:36:49Z,104281,1463196,477536,469832,515828,363981,142,47,47,48,114,5016,263.810,2695,4283,3000,0
2026-07-24T12:37:20Z,104312,1463196,477536,469832,515828,361933,142,47,47,48,114,5016,263.810,2867,4607,3000,0
2026-07-24T12:37:51Z,104343,1463196,477536,469832,515828,503245,142,47,47,48,114,5016,263.810,2681,4259,3000,0
2026-07-24T12:38:23Z,104375,1463196,477536,469832,515828,366029,142,47,47,48,114,5016,263.810,2853,4335,3000,0
2026-07-24T12:38:54Z,104406,1463196,477536,469832,515828,361933,142,47,47,48,114,5016,263.810,2799,4411,3000,0
2026-07-24T12:39:26Z,104438,1463196,477536,469832,515828,366029,142,47,47,48,114,5016,263.810,2731,4443,3000,0
2026-07-24T12:39:57Z,104469,1463196,477536,469832,515828,345549,142,47,47,48,114,5016,263.810,2673,4423,3000,0
2026-07-24T12:40:28Z,104500,1463204,477544,469832,515828,351693,142,47,47,48,114,5016,263.810,2787,4451,3000,0
2026-07-24T12:41:00Z,104532,1463480,477588,469832,516060,359885,142,47,47,48,115,5016,263.810,3013,4723,3000,0
2026-07-24T12:41:31Z,104563,1463480,477588,469832,516060,433613,142,47,47,48,114,5016,263.810,2995,4751,3000,0
2026-07-24T12:42:03Z,104595,1463480,477588,469832,516060,361933,142,47,47,48,114,5016,263.810,2761,4807,3000,0
2026-07-24T12:42:34Z,104626,1463480,477588,469832,516060,368077,142,47,47,48,114,5016,263.810,2729,4903,3000,0
2026-07-24T12:43:05Z,104657,1463480,477588,469832,516060,437709,142,47,47,48,114,5016,263.810,2813,4687,3000,0
2026-07-24T12:43:37Z,104689,1463480,477588,469832,516060,355789,142,47,47,48,114,5016,263.810,2711,4191,3000,0
2026-07-24T12:44:08Z,104720,1463480,477588,469832,516060,357837,142,47,47,48,114,5016,263.810,2949,4615,3000,0
2026-07-24T12:44:39Z,104751,1463480,477588,469832,516060,505293,142,47,47,48,114,5016,263.810,2963,4507,3000,0
2026-07-24T12:45:11Z,104783,1463480,477588,469832,516060,431565,142,47,47,48,114,5016,263.810,2835,4347,3000,0
2026-07-24T12:45:42Z,104814,1463480,477588,469832,516060,361933,142,47,47,48,114,5016,263.810,2737,4395,3000,0
2026-07-24T12:46:14Z,104846,1463480,477588,469832,516060,361933,142,47,47,48,114,5016,263.810,2765,4967,3000,0
2026-07-24T12:46:45Z,104877,1463480,477588,469832,516060,413133,142,47,47,48,114,5016,263.810,2777,4319,3000,0
2026-07-24T12:47:16Z,104908,1463480,477588,469832,516060,351693,142,47,47,48,114,5016,263.810,2645,4643,3000,0
2026-07-24T12:47:48Z,104940,1463480,477588,469832,516060,363981,142,47,47,48,114,5016,263.810,2949,4731,3000,0
2026-07-24T12:48:19Z,104971,1463480,477588,469832,516060,423373,142,47,47,48,114,5016,263.810,2717,4467,3000,0
2026-07-24T12:48:50Z,105002,1463480,477588,469832,516060,353741,142,47,47,48,114,5016,263.810,2669,4179,3000,0
2026-07-24T12:49:22Z,105034,1463480,477588,469832,516060,372173,142,47,47,48,114,5016,263.810,2745,4223,3000,0
2026-07-24T12:49:53Z,105065,1463480,477588,469832,516060,443853,142,47,47,48,114,5016,263.810,2903,4571,3000,0
2026-07-24T12:50:25Z,105097,1463480,477588,469832,516060,431565,142,47,47,48,114,5016,263.810,2665,4375,3000,0
2026-07-24T12:50:56Z,105128,1463480,477588,469832,516060,355789,142,47,47,48,114,5016,263.810,2767,4991,3000,0
2026-07-24T12:51:27Z,105159,1463480,477588,469832,516060,366029,142,47,47,48,114,5016,263.810,2863,4411,3000,0
2026-07-24T12:51:59Z,105191,1463480,477588,469832,516060,501197,142,47,47,48,114,5016,263.810,2759,4871,3000,0
2026-07-24T12:52:30Z,105222,1463480,477588,469832,516060,357837,142,47,47,48,114,5016,263.810,2647,4203,3000,0
2026-07-24T12:53:02Z,105254,1463480,477588,469832,516060,372173,142,47,47,48,114,5016,263.810,2869,4423,3000,0
2026-07-24T12:53:33Z,105285,1463544,477652,469832,516060,421325,142,47,47,48,114,5016,263.810,2749,5099,3000,0
2026-07-24T12:54:04Z,105316,1463544,477652,469832,516060,366029,142,47,47,48,114,5016,263.810,2789,4235,3000,0
2026-07-24T12:54:36Z,105348,1463544,477652,469832,516060,357837,142,47,47,48,114,5016,263.810,2815,4275,3000,0
2026-07-24T12:55:07Z,105379,1463544,477652,469832,516060,435661,142,47,47,48,114,5016,263.810,2703,4183,3000,0
2026-07-24T12:55:38Z,105410,1463544,477652,469832,516060,419277,142,47,47,48,114,5016,263.810,2655,4219,3000,0
2026-07-24T12:56:10Z,105442,1463544,477652,469832,516060,355789,142,47,47,48,114,5016,263.810,2723,4631,3000,0
2026-07-24T12:56:41Z,105473,1463544,477652,469832,516060,353741,142,47,47,48,114,5016,263.810,2759,4759,3000,0
2026-07-24T12:57:13Z,105505,1463544,477652,469832,516060,423373,142,47,47,48,114,5016,263.810,2697,4635,3000,0
2026-07-24T12:57:44Z,105536,1463544,477652,469832,516060,368077,142,47,47,48,114,5016,263.810,2627,4291,3000,0
2026-07-24T12:58:15Z,105567,1463544,477652,469832,516060,372173,142,47,47,48,114,5016,263.810,2715,4447,3000,0
2026-07-24T12:58:47Z,105599,1463544,477652,469832,516060,550349,142,47,47,48,114,5016,263.810,2687,4411,3000,0
2026-07-24T12:59:18Z,105630,1463544,477652,469832,516060,351693,142,47,47,48,114,5016,263.810,2825,4387,3000,0
2026-07-24T12:59:49Z,105661,1463544,477652,469832,516060,366029,142,47,47,48,114,5016,263.810,2679,4263,3000,0
2026-07-24T13:00:21Z,105693,1463544,477652,469832,516060,433613,142,47,47,48,114,5016,263.810,2789,4903,3000,0
2026-07-24T13:00:52Z,105724,1463544,477652,469832,516060,433613,142,47,47,48,114,5016,263.810,2679,4163,3000,0
2026-07-24T13:01:24Z,105756,1463544,477652,469832,516060,363981,142,47,47,48,114,5016,263.810,2981,4627,3000,0
2026-07-24T13:01:55Z,105787,1463544,477652,469832,516060,366029,142,47,47,48,114,5016,263.810,3101,4695,3000,0
2026-07-24T13:02:26Z,105818,1463552,477660,469832,516060,413134,142,47,47,48,114,5016,263.810,2725,4655,3000,0
2026-07-24T13:02:58Z,105850,1463552,477660,469832,516060,359886,142,47,47,48,114,5016,263.810,2771,4403,3000,0
2026-07-24T13:03:29Z,105881,1463552,477660,469832,516060,370126,142,47,47,48,114,5016,263.810,2893,5191,3000,0
2026-07-24T13:04:01Z,105913,1463552,477660,469832,516060,431566,142,47,47,48,114,5016,263.810,3027,4943,3000,0
2026-07-24T13:04:32Z,105944,1463552,477660,469832,516060,359886,142,47,47,48,114,5016,263.810,2715,4455,3000,0
2026-07-24T13:05:03Z,105975,1463552,477660,469832,516060,357838,142,47,47,48,114,5016,263.810,2783,4211,3000,0
2026-07-24T13:05:35Z,106007,1463552,477660,469832,516060,493006,142,47,47,48,114,5016,263.810,2927,4467,3000,0
2026-07-24T13:06:06Z,106038,1463552,477660,469832,516060,419278,142,47,47,48,114,5016,263.810,2745,4123,3000,0
2026-07-24T13:06:38Z,106070,1463552,477660,469832,516060,359886,142,47,47,48,114,5016,263.810,2727,4563,3000,0
2026-07-24T13:07:09Z,106101,1463552,477660,469832,516060,351694,142,47,47,48,114,5016,263.810,2743,4579,3000,0
2026-07-24T13:07:40Z,106132,1463552,477660,469832,516060,423374,142,47,47,48,114,5016,263.810,2675,4611,3000,0
2026-07-24T13:08:12Z,106164,1463552,477660,469832,516060,359886,142,47,47,48,114,5016,263.810,2919,4367,3000,0
2026-07-24T13:08:43Z,106195,1463552,477660,469832,516060,368078,142,47,47,48,114,5016,263.810,3015,4747,3000,0
2026-07-24T13:09:14Z,106226,1463552,477660,469832,516060,431566,142,47,47,48,114,5016,263.810,3021,4991,3000,0
2026-07-24T13:09:46Z,106258,1463552,477660,469832,516060,363982,142,47,47,48,114,5016,263.810,2993,4559,3000,0
2026-07-24T13:10:17Z,106289,1463552,477660,469832,516060,368078,142,47,47,48,114,5016,263.810,2911,4391,3000,0
2026-07-24T13:10:49Z,106321,1463552,477660,469832,516060,435662,142,47,47,48,114,5016,263.810,2735,4287,3000,0
2026-07-24T13:11:20Z,106352,1463552,477660,469832,516060,419278,142,47,47,48,114,5016,263.810,2693,4395,3000,0
2026-07-24T13:11:51Z,106383,1463552,477660,469832,516060,368078,142,47,47,48,114,5016,263.810,2925,4531,3000,0
2026-07-24T13:12:23Z,106415,1463552,477660,469832,516060,372174,142,47,47,48,114,5016,263.810,3035,4603,3000,0
2026-07-24T13:12:54Z,106446,1463552,477660,469832,516060,490958,142,47,47,48,114,5016,263.810,2967,5147,3000,0
2026-07-24T13:13:25Z,106477,1463552,477660,469832,516060,349646,142,47,47,48,114,5016,263.810,2685,4363,3000,0
2026-07-24T13:13:57Z,106509,1463552,477660,469832,516060,359886,142,47,47,48,114,5016,263.810,2913,4551,3000,0
2026-07-24T13:14:28Z,106540,1463552,477660,469832,516060,415182,142,47,47,48,114,5016,263.810,2723,4627,3000,0
2026-07-24T13:15:00Z,106572,1463552,477660,469832,516060,355790,142,47,47,48,114,5016,263.810,2743,4367,3000,0
2026-07-24T13:15:31Z,106603,1463552,477660,469832,516060,359886,142,47,47,48,114,5016,263.810,2835,4643,3000,0
2026-07-24T13:16:02Z,106634,1463552,477660,469832,516060,429518,142,47,47,48,114,5016,263.810,3155,4811,3000,0
2026-07-24T13:16:34Z,106666,1463552,477660,469832,516060,425422,142,47,47,48,114,5016,263.810,2887,4395,3000,0
2026-07-24T13:17:05Z,106697,1463552,477660,469832,516060,357838,142,47,47,48,114,5016,263.810,2691,4443,3000,0
2026-07-24T13:17:36Z,106728,1463552,477660,469832,516060,355790,142,47,47,48,114,5016,263.810,2849,4979,3000,0
2026-07-24T13:18:08Z,106760,1463552,477660,469832,516060,435662,142,47,47,48,114,5016,263.810,2749,4755,3000,0
2026-07-24T13:18:39Z,106791,1463552,477660,469832,516060,361934,142,47,47,48,114,5016,263.810,2901,4427,3000,0
2026-07-24T13:19:11Z,106823,1463552,477660,469832,516060,368078,142,47,47,48,114,5016,263.810,2961,4415,3000,0
2026-07-24T13:19:42Z,106854,1463552,477660,469832,516060,499150,142,47,47,48,114,5016,263.810,2711,4499,3000,0
2026-07-24T13:20:13Z,106885,1463552,477660,469832,516060,347598,142,47,47,48,114,5016,263.810,2683,4299,3000,0
2026-07-24T13:20:45Z,106917,1463552,477660,469832,516060,347598,142,47,47,48,114,5016,263.810,2885,4515,3000,0
2026-07-24T13:21:16Z,106948,1463552,477660,469832,516060,419278,142,47,47,48,114,5016,263.810,2921,4675,3000,0
2026-07-24T13:21:48Z,106980,1463572,477680,469832,516060,425422,142,47,47,48,114,5016,263.810,2795,4199,3000,0
2026-07-24T13:22:19Z,107011,1463572,477680,469832,516060,359886,142,47,47,48,114,5016,263.810,2757,4711,3000,0
2026-07-24T13:22:50Z,107042,1463592,477700,469832,516060,363985,142,47,47,48,114,5016,263.810,2771,4547,3000,0
2026-07-24T13:23:22Z,107074,1463592,477700,469832,516060,421329,142,47,47,48,114,5016,263.810,2711,4707,3000,0
2026-07-24T13:23:53Z,107105,1463592,477700,469832,516060,359889,142,47,47,48,114,5016,263.810,2737,4491,3000,0
2026-07-24T13:24:24Z,107136,1463592,477700,469832,516060,363985,142,47,47,48,114,5016,263.810,2953,4495,3000,0
2026-07-24T13:24:56Z,107168,1463592,477700,469832,516060,433617,142,47,47,48,114,5016,263.810,2725,4403,3000,0
2026-07-24T13:25:27Z,107199,1463592,477700,469832,516060,359889,142,47,47,48,114,5016,263.810,2689,4343,3000,0
2026-07-24T13:25:59Z,107231,1463592,477700,469832,516060,357841,142,47,47,48,114,5016,263.810,2871,4403,3000,0
2026-07-24T13:26:30Z,107262,1463592,477700,469832,516060,499153,142,47,47,48,114,5016,263.810,2777,4411,3000,0
2026-07-24T13:27:01Z,107293,1463596,477700,469832,516064,427473,142,47,47,48,114,5016,263.810,2645,4291,3000,0
2026-07-24T13:27:33Z,107325,1463596,477700,469832,516064,359889,142,47,47,48,114,5016,263.810,2685,4559,3000,0
2026-07-24T13:28:04Z,107356,1463596,477700,469832,516064,357841,142,47,47,48,114,5016,263.810,2759,4291,3000,0
2026-07-24T13:28:35Z,107387,1463596,477700,469832,516064,415185,142,47,47,48,114,5016,263.810,2739,4491,3000,0
2026-07-24T13:29:07Z,107419,1463596,477700,469832,516064,343505,142,47,47,48,114,5016,263.810,2879,4359,3000,0
2026-07-24T13:29:38Z,107450,1463596,477700,469832,516064,349649,142,47,47,48,114,5016,263.810,2849,4631,3000,0
2026-07-24T13:30:09Z,107481,1463600,477704,469832,516064,413139,142,47,47,48,114,5016,263.810,2721,4939,3000,0
2026-07-24T13:30:41Z,107513,1463600,477704,469832,516064,349651,142,47,47,48,114,5016,263.810,2709,4851,3000,0
2026-07-24T13:31:12Z,107544,1463640,477744,469832,516064,351699,142,47,47,48,114,5016,263.810,2687,4395,3000,0
2026-07-24T13:31:44Z,107576,1463640,477744,469832,516064,351699,142,47,47,48,114,5016,263.810,2765,4803,3000,0
2026-07-24T13:32:15Z,107607,1463640,477744,469832,516064,357843,142,47,47,48,114,5016,263.810,2671,4383,3000,0
2026-07-24T13:32:46Z,107638,1463660,477744,469832,516084,359891,142,47,47,48,115,5016,263.810,2691,4339,3000,0
2026-07-24T13:33:18Z,107670,1463660,477744,469832,516084,359891,142,47,47,48,114,5016,263.810,2993,4643,3000,0
2026-07-24T13:33:49Z,107701,1463660,477744,469832,516084,482771,142,47,47,48,114,5016,263.810,2651,4435,3000,0
2026-07-24T13:34:20Z,107732,1463660,477744,469832,516084,351699,142,47,47,48,114,5016,263.810,2787,4339,3000,0
2026-07-24T13:34:52Z,107764,1463660,477744,469832,516084,361939,142,47,47,48,114,5016,263.810,2735,4335,3000,0
2026-07-24T13:35:23Z,107795,1463660,477744,469832,516084,427475,142,47,47,48,114,5016,263.810,2743,4243,3000,0
2026-07-24T13:35:55Z,107827,1463660,477744,469832,516084,361939,142,47,47,48,114,5016,263.810,2725,4879,3000,0
2026-07-24T13:36:26Z,107858,1463660,477744,469832,516084,376275,142,47,47,48,114,5016,263.810,2697,4967,3000,0
2026-07-24T13:36:57Z,107889,1463660,477744,469832,516084,370131,142,47,47,48,114,5016,263.810,2787,4459,3000,0
2026-07-24T13:37:29Z,107921,1463660,477744,469832,516084,355795,142,47,47,48,114,5016,263.810,2799,4783,3000,0
2026-07-24T13:38:00Z,107952,1463660,477744,469832,516084,357843,142,47,47,48,114,5016,263.810,2713,4431,3000,0
2026-07-24T13:38:31Z,107983,1463660,477744,469832,516084,368083,142,47,47,48,114,5016,263.810,2827,4515,3000,0
2026-07-24T13:39:03Z,108015,1463660,477744,469832,516084,429523,142,47,47,48,114,5016,263.810,2809,4511,3000,0
2026-07-24T13:39:34Z,108046,1463664,477748,469832,516084,353747,142,47,47,48,114,5016,263.810,2713,4351,3000,0
2026-07-24T13:40:05Z,108077,1463664,477748,469832,516084,359891,142,47,47,48,114,5016,263.810,2787,4375,3000,0
2026-07-24T13:40:37Z,108109,1463664,477748,469832,516084,501203,142,47,47,48,114,5016,263.810,2975,4723,3000,0
2026-07-24T13:41:08Z,108140,1463664,477748,469832,516084,349651,142,47,47,48,114,5016,263.810,2633,4247,3000,0
2026-07-24T13:41:39Z,108171,1463664,477748,469832,516084,351699,142,47,47,48,114,5016,263.810,2751,4155,3000,0
2026-07-24T13:42:11Z,108203,1463700,477784,469832,516084,433619,142,47,47,48,114,5016,263.810,2849,4355,3000,0
2026-07-24T13:42:42Z,108234,1463700,477784,469832,516084,443874,142,47,47,48,114,5016,263.810,2779,4479,3000,0
2026-07-24T13:43:14Z,108266,1463700,477784,469832,516084,357858,142,47,47,48,114,5016,263.810,2741,4539,3000,0
2026-07-24T13:43:45Z,108297,1463700,477784,469832,516084,366050,142,47,47,48,114,5016,263.810,2859,4655,3000,0
2026-07-24T13:44:16Z,108328,1463700,477784,469832,516084,429538,142,47,47,48,114,5016,263.810,2817,4411,3000,0
2026-07-24T13:44:48Z,108360,1463704,477788,469832,516084,364002,142,47,47,48,114,5016,263.810,2747,4211,3000,0
2026-07-24T13:45:19Z,108391,1463704,477788,469832,516084,374242,142,47,47,48,114,5016,263.810,2733,4311,3000,0
2026-07-24T13:45:50Z,108422,1463712,477796,469832,516084,433634,142,47,47,48,114,5016,263.810,2745,5055,3000,0
2026-07-24T13:46:22Z,108454,1463712,477796,469832,516084,347618,142,47,47,48,114,5016,263.810,2703,4387,3000,0
2026-07-24T13:46:53Z,108485,1463712,477796,469832,516084,364002,142,47,47,48,114,5016,263.810,2889,4383,3000,0
2026-07-24T13:47:25Z,108517,1463712,477796,469832,516084,505314,142,47,47,48,114,5016,263.810,2779,4711,3000,0
2026-07-24T13:47:56Z,108548,1463712,477796,469832,516084,419298,142,47,47,48,114,5016,263.810,2655,4135,3000,0
2026-07-24T13:48:27Z,108579,1463712,477796,469832,516084,355810,142,47,47,48,114,5016,263.810,2817,4335,3000,0
2026-07-24T13:48:59Z,108611,1463712,477796,469832,516084,366050,142,47,47,48,114,5016,263.810,2773,4451,3000,0
2026-07-24T13:49:30Z,108642,1463712,477796,469832,516084,423394,142,47,47,48,114,5016,263.810,2707,4307,3000,0
2026-07-24T13:50:02Z,108674,1463716,477800,469832,516084,347618,142,47,47,48,114,5016,263.810,2709,4223,3000,0
2026-07-24T13:50:33Z,108705,1463740,477824,469832,516084,353762,142,47,47,48,114,5016,263.810,2767,4323,3000,0
2026-07-24T13:51:04Z,108736,1463740,477824,469832,516084,425442,142,47,47,48,114,5016,263.810,2797,4875,3000,0
2026-07-24T13:51:36Z,108768,1463740,477824,469832,516084,359906,142,47,47,48,114,5016,263.810,2787,4211,3000,0
2026-07-24T13:52:07Z,108799,1463740,477824,469832,516084,372194,142,47,47,48,114,5016,263.810,2795,4515,3000,0
2026-07-24T13:52:38Z,108830,1463740,477824,469832,516084,433634,142,47,47,48,114,5016,263.810,2783,4443,3000,0
2026-07-24T13:53:10Z,108862,1463740,477824,469832,516084,427490,142,47,47,48,114,5016,263.810,2695,4331,3000,0
2026-07-24T13:53:41Z,108893,1463740,477824,469832,516084,353762,142,47,47,48,114,5016,263.810,2893,4455,3000,0
2026-07-24T13:54:12Z,108924,1463740,477824,469832,516084,359906,142,47,47,48,114,5016,263.810,2721,4483,3000,0
2026-07-24T13:54:44Z,108956,1463740,477824,469832,516084,429538,142,47,47,48,114,5016,263.810,2711,4835,3000,0
2026-07-24T13:55:15Z,108987,1463740,477824,469832,516084,355810,142,47,47,48,114,5016,263.810,2681,4271,3000,0
2026-07-24T13:55:47Z,109019,1463740,477824,469832,516084,355810,142,47,47,48,114,5016,263.810,2765,4407,3000,0
2026-07-24T13:56:18Z,109050,986028,0,469944,516084,304658,91,0,45,46,78,5016,263.810,2717,4519,3000,0
2026-07-24T13:56:49Z,109081,985980,0,469896,516084,251417,91,0,45,46,77,5016,263.810,2493,4019,3000,0
2026-07-24T13:57:21Z,109113,1331380,344852,469976,516552,334406,142,47,47,48,115,5016,263.810,2913,6567,3000,0
2026-07-24T13:57:52Z,109144,1384404,397820,470032,516552,406086,142,47,47,48,114,5016,263.810,2787,4551,3000,0
2026-07-24T13:58:23Z,109175,1438168,451584,470032,516552,434961,142,47,47,48,114,5016,263.810,2707,4415,3000,0
2026-07-24T13:58:55Z,109207,1445484,458900,470032,516552,387862,142,47,47,48,114,5016,263.810,2759,4331,3000,0
2026-07-24T13:59:26Z,109238,1447724,461140,470032,516552,361249,142,47,47,48,114,5016,263.810,2839,4747,3000,0
2026-07-24T13:59:58Z,109270,1449640,463056,470032,516552,453414,142,47,47,48,114,5016,263.810,2781,4647,3000,0
2026-07-24T14:00:29Z,109301,1449652,463068,470032,516552,367400,142,47,47,48,114,5016,263.810,2793,4251,3000,0
2026-07-24T14:01:00Z,109332,1449656,463072,470032,516552,373548,142,47,47,48,114,5016,263.810,2851,4411,3000,0
2026-07-24T14:01:32Z,109364,1452584,466000,470032,516552,490294,142,47,47,48,114,5016,263.810,2867,4643,3000,0
2026-07-24T14:02:03Z,109395,1452596,466012,470032,516552,355126,142,47,47,48,114,5016,263.810,2921,4599,3000,0
2026-07-24T14:02:35Z,109427,1452712,466128,470032,516552,367419,142,47,47,48,114,5016,263.810,2817,4251,3000,0
2026-07-24T14:03:06Z,109458,1452732,466148,470032,516552,428865,142,47,47,48,114,5016,263.810,2845,4459,3000,0
2026-07-24T14:03:37Z,109489,1452752,466168,470032,516552,435009,142,47,47,48,114,5016,263.810,2675,4231,3000,0
2026-07-24T14:04:09Z,109521,1452764,466180,470032,516552,365384,142,47,47,48,114,5016,263.810,2845,4571,3000,0
2026-07-24T14:04:40Z,109552,1452772,466188,470032,516552,373577,142,47,47,48,114,5016,263.810,2899,4427,3000,0
2026-07-24T14:05:11Z,109583,1452792,466208,470032,516552,422731,142,47,47,48,114,5016,263.810,2707,4731,3000,0
2026-07-24T14:05:43Z,109615,1452876,466292,470032,516552,357201,142,47,47,48,114,5016,263.810,2947,4475,3000,0
2026-07-24T14:06:14Z,109646,1452892,466308,470032,516552,361298,142,47,47,48,114,5016,263.810,2831,4419,3000,0
2026-07-24T14:06:46Z,109678,1452928,466344,470032,516552,500564,142,47,47,48,114,5016,263.810,2771,4539,3000,0
2026-07-24T14:07:17Z,109709,1452944,466360,470032,516552,377684,142,47,47,48,114,5016,263.810,2943,4411,3000,0
2026-07-24T14:07:48Z,109740,1452944,466360,470032,516552,369492,142,47,47,48,114,5016,263.810,2977,4595,3000,0
2026-07-24T14:08:20Z,109772,1452964,466380,470032,516552,447323,142,47,47,48,114,5016,263.810,2877,4987,3000,0
2026-07-24T14:08:51Z,109803,1452964,466380,470032,516552,435035,142,47,47,48,114,5016,263.810,2853,4203,3000,0
2026-07-24T14:09:23Z,109835,1452972,466388,470032,516552,371549,142,47,47,48,114,5016,263.810,2835,4523,3000,0
2026-07-24T14:09:54Z,109866,1453052,466468,470032,516552,369504,142,47,47,48,114,5016,263.810,2829,4483,3000,0
2026-07-24T14:10:25Z,109897,1453072,466488,470032,516552,394080,142,47,47,48,114,5016,263.810,2783,4659,3000,0
2026-07-24T14:10:57Z,109929,1453100,466516,470032,516552,363374,142,47,47,48,114,5016,263.810,2951,4391,3000,0
2026-07-24T14:11:28Z,109960,1453100,466516,470032,516552,381806,142,47,47,48,114,5016,263.810,2971,4495,3000,0
2026-07-24T14:11:59Z,109991,1453128,466544,470032,516552,443246,142,47,47,48,114,5016,263.810,2765,4583,3000,0
2026-07-24T14:12:31Z,110023,1453128,466544,470032,516552,359278,142,47,47,48,114,5016,263.810,2679,4471,3000,0
2026-07-24T14:13:02Z,110054,1453128,466544,470032,516552,359278,142,47,47,48,114,5016,263.810,2775,4423,3000,0
2026-07-24T14:13:34Z,110086,1453136,466552,470032,516552,561972,142,47,47,48,114,5016,263.810,2973,4535,3000,0
2026-07-24T14:14:05Z,110117,1453148,466564,470032,516552,486196,142,47,47,48,114,5016,263.810,2857,4147,3000,0
2026-07-24T14:14:36Z,110148,1453212,466628,470032,516552,357172,142,47,47,48,114,5016,263.810,2965,4423,3000,0
2026-07-24T14:15:08Z,110180,1453224,466640,470032,516552,367418,142,47,47,48,114,5016,263.810,3013,4683,3000,0
2026-07-24T14:15:39Z,110211,1453336,466752,470032,516552,500544,142,47,47,48,114,5016,263.810,3211,5275,3000,0
2026-07-24T14:16:11Z,110243,1453352,466768,470032,516552,355141,142,47,47,48,114,5016,263.810,3211,4923,3000,0
2026-07-24T14:16:42Z,110274,1453356,466772,470032,516552,357194,142,47,47,48,114,5016,263.810,3089,4675,3000,0
2026-07-24T14:17:13Z,110305,1453532,466948,470032,516552,463699,142,47,47,48,114,5016,263.810,3025,4843,3000,0
2026-07-24T14:17:45Z,110337,1453536,466952,470032,516552,365399,142,47,47,48,114,5016,263.810,3287,5403,3000,0
2026-07-24T14:18:16Z,110368,1453536,466952,470032,516552,367447,142,47,47,48,114,5016,263.810,3271,4999,3000,0
2026-07-24T14:18:48Z,110400,1453540,466956,470032,516552,496479,142,47,47,48,114,5016,263.810,3461,5611,3000,0
2026-07-24T14:19:19Z,110431,1453540,466956,470032,516552,490335,142,47,47,48,114,5016,263.810,3145,4855,3000,0
2026-07-24T14:19:51Z,110463,1453564,466980,470032,516552,357219,142,47,47,48,114,5016,263.810,3039,5119,3000,0
2026-07-24T14:20:22Z,110494,1453564,466980,470032,516552,373604,142,47,47,48,114,5016,263.810,3199,5123,3000,0
2026-07-24T14:20:53Z,110525,1453600,467016,470032,516552,562021,142,47,47,48,114,5016,263.810,3105,5535,3000,0
2026-07-24T14:21:25Z,110557,1453600,467016,470032,516552,353126,142,47,47,48,114,5016,263.810,3133,5019,3000,0
2026-07-24T14:21:56Z,110588,1453600,467016,470032,516552,369510,142,47,47,48,114,5016,263.810,3177,4851,3000,0
2026-07-24T14:22:28Z,110620,1453600,467016,470032,516552,514920,142,47,47,48,114,5016,263.810,3273,5671,3000,0
2026-07-24T14:22:59Z,110651,1453600,467016,470032,516552,369517,142,47,47,48,114,5016,263.810,3123,4743,3000,0
2026-07-24T14:23:31Z,110683,1453604,467020,470032,516552,369519,142,47,47,48,114,5016,263.810,3181,5063,3000,0
2026-07-24T14:24:02Z,110714,1453604,467020,470032,516552,488304,142,47,47,48,114,5016,263.810,3189,5023,3000,0
2026-07-24T14:24:33Z,110745,1453608,467024,470032,516552,484208,142,47,47,48,114,5016,263.810,3075,4775,3000,0
2026-07-24T14:25:05Z,110777,1453644,467060,470032,516552,361329,142,47,47,48,114,5016,263.810,3069,4971,3000,0
2026-07-24T14:25:36Z,110808,1453668,467084,470032,516552,367475,142,47,47,48,114,5016,263.810,3197,5071,3000,0
2026-07-24T14:26:08Z,110840,1453916,467332,470032,516552,416628,142,47,47,48,114,5016,263.810,2943,4823,3000,0
2026-07-24T14:26:39Z,110871,1453916,467332,470032,516552,351092,142,47,47,48,114,5016,263.810,3125,4939,3000,0
2026-07-24T14:27:10Z,110902,1453916,467332,470032,516552,346999,142,47,47,48,114,5016,263.810,3055,4491,3000,0
2026-07-24T14:27:42Z,110934,1453916,467332,470032,516552,557943,142,47,47,48,114,5016,263.810,3143,5091,3000,0
2026-07-24T14:28:13Z,110965,1453916,467332,470032,516552,357249,142,47,47,48,114,5016,263.810,3095,4747,3000,0
2026-07-24T14:28:45Z,110997,1453916,467332,470032,516552,349057,142,47,47,48,114,5016,263.810,2979,4843,3000,0
2026-07-24T14:29:16Z,111028,1453928,467344,470032,516552,500620,142,47,47,48,114,5016,263.810,3187,4779,3000,0
2026-07-24T14:29:47Z,111059,1453928,467344,470032,516552,492428,142,47,47,48,114,5016,263.810,2947,4863,3000,0
2026-07-24T14:30:19Z,111091,1453928,467344,470032,516552,365453,142,47,47,48,114,5016,263.810,2911,4571,3000,0
2026-07-24T14:30:50Z,111122,1453936,467352,470032,516552,359314,142,47,47,48,114,5016,263.810,3043,4731,3000,0
2026-07-24T14:31:22Z,111154,1453960,467376,470032,516552,496535,142,47,47,48,114,5016,263.810,2963,4859,3000,0
2026-07-24T14:31:53Z,111185,1453960,467376,470032,516552,367511,142,47,47,48,114,5016,263.810,3039,4655,3000,0
2026-07-24T14:32:24Z,111216,1453964,467380,470032,516552,357274,142,47,47,48,114,5016,263.810,3157,4743,3000,0
2026-07-24T14:32:56Z,111248,1453964,467380,470032,516552,492443,142,47,47,48,114,5016,263.810,3159,4851,3000,0
2026-07-24T14:33:27Z,111279,1453972,467388,470032,516552,369567,142,47,47,48,114,5016,263.810,3105,4619,3000,0
2026-07-24T14:33:59Z,111311,1453980,467396,470032,516552,359327,142,47,47,48,114,5016,263.810,3001,4563,3000,0
2026-07-24T14:34:30Z,111342,1454064,467480,470032,516552,574375,142,47,47,48,114,5016,263.810,2987,4635,3000,0
2026-07-24T14:35:01Z,111373,1454068,467484,470032,516552,512935,142,47,47,48,114,5016,263.810,2793,4383,3000,0
2026-07-24T14:35:33Z,111405,1454068,467484,470032,516552,371626,142,47,47,48,114,5016,263.810,2715,4355,3000,0
2026-07-24T14:36:04Z,111436,1454068,467484,470032,516552,381866,142,47,47,48,114,5016,263.810,2981,4615,3000,0
2026-07-24T14:36:35Z,111467,1454068,467484,470032,516552,426922,142,47,47,48,114,5016,263.810,2793,4487,3000,0
2026-07-24T14:37:07Z,111499,1454068,467484,470032,516552,371627,142,47,47,48,114,5016,263.810,2861,4615,3000,0
2026-07-24T14:37:38Z,111530,1454068,467484,470032,516552,373675,142,47,47,48,114,5016,263.810,2887,4311,3000,0
2026-07-24T14:38:10Z,111562,1454072,467488,470032,516552,502701,142,47,47,48,114,5016,263.810,2851,4623,3000,0
2026-07-24T14:38:41Z,111593,1454072,467488,470032,516552,355245,142,47,47,48,114,5016,263.810,3007,4499,3000,0
2026-07-24T14:39:12Z,111624,1454072,467488,470032,516552,363437,142,47,47,48,114,5016,263.810,2967,4683,3000,0
2026-07-24T14:39:44Z,111656,1454076,467492,470032,516552,566190,142,47,47,48,114,5016,263.810,3063,4771,3000,0
2026-07-24T14:40:15Z,111687,1454080,467496,470032,516552,504750,142,47,47,48,114,5016,263.810,2925,4519,3000,0
2026-07-24T14:40:47Z,111719,1454080,467496,470032,516552,363440,142,47,47,48,114,5016,263.810,3097,5035,3000,0
2026-07-24T14:41:18Z,111750,1454080,467496,470032,516552,363442,142,47,47,48,114,5016,263.810,2921,4819,3000,0
2026-07-24T14:41:49Z,111781,1454088,467504,470032,516552,506804,142,47,47,48,114,5016,263.810,2843,4495,3000,0
2026-07-24T14:42:21Z,111813,1454092,467508,470032,516552,347062,142,47,47,48,114,5016,263.810,2879,4815,3000,0
2026-07-24T14:42:52Z,111844,1454096,467512,470032,516552,363446,142,47,47,48,114,5016,263.810,3137,4747,3000,0
2026-07-24T14:43:24Z,111876,1454096,467512,470032,516552,494518,142,47,47,48,114,5016,263.810,3027,4571,3000,0
2026-07-24T14:43:55Z,111907,1454096,467512,470032,516552,353207,142,47,47,48,114,5016,263.810,3021,4575,3000,0
2026-07-24T14:44:26Z,111938,1454096,467512,470032,516552,355255,142,47,47,48,114,5016,263.810,3259,5263,3000,0
2026-07-24T14:44:58Z,111970,1454100,467516,470032,516552,568248,142,47,47,48,114,5016,263.810,3417,5091,3000,0
2026-07-24T14:45:29Z,112001,1454100,467516,470032,516552,502712,142,47,47,48,114,5016,263.810,3159,5115,3000,0
2026-07-24T14:46:01Z,112033,1454112,467528,470032,516552,359352,142,47,47,48,114,5016,263.810,3219,5203,3000,0
2026-07-24T14:46:32Z,112064,1454112,467528,470032,516552,363448,142,47,47,48,114,5016,263.810,3341,5147,3000,0
2026-07-24T14:47:03Z,112095,1454112,467528,470032,516552,492472,142,47,47,48,114,5016,263.810,3145,5135,3000,0
2026-07-24T14:47:35Z,112127,1454112,467528,470032,516552,353208,142,47,47,48,114,5016,263.810,3201,4915,3000,0
2026-07-24T14:48:06Z,112158,1454112,467528,470032,516552,365496,142,47,47,48,114,5016,263.810,3283,5287,3000,0
2026-07-24T14:48:38Z,112190,1454112,467528,470032,516552,502712,142,47,47,48,114,5016,263.810,3329,5095,3000,0
2026-07-24T14:49:09Z,112221,1454116,467532,470032,516552,353208,142,47,47,48,114,5016,263.810,3073,4811,3000,0
2026-07-24T14:49:40Z,112252,1454116,467532,470032,516552,355256,142,47,47,48,114,5016,263.810,3095,4879,3000,0
2026-07-24T14:50:12Z,112284,1454120,467536,470032,516552,437182,142,47,47,48,114,5016,263.810,3233,5095,3000,0
2026-07-24T14:50:43Z,112315,1454120,467536,470032,516552,424894,142,47,47,48,114,5016,263.810,2929,4351,3000,0
2026-07-24T14:51:15Z,112347,1454120,467536,470032,516552,361406,142,47,47,48,114,5016,263.810,2825,4515,3000,0
2026-07-24T14:51:46Z,112378,1454124,467540,470032,516552,369598,142,47,47,48,114,5016,263.810,2827,4587,3000,0
2026-07-24T14:52:17Z,112409,1454128,467544,470032,516552,498625,142,47,47,48,114,5016,263.810,2785,4335,3000,0
2026-07-24T14:52:49Z,112441,1454132,467548,470032,516552,355267,142,47,47,48,114,5016,263.810,2861,4339,3000,0
2026-07-24T14:53:20Z,112472,1454156,467572,470032,516552,365531,142,47,47,48,114,5016,263.810,3067,5211,3000,0
2026-07-24T14:53:52Z,112504,1454164,467580,470032,516552,492511,142,47,47,48,114,5016,263.810,3197,4811,3000,0
2026-07-24T14:54:23Z,112535,1454164,467580,470032,516552,363489,142,47,47,48,114,5016,263.810,2817,4439,3000,0
2026-07-24T14:54:54Z,112566,1454168,467584,470032,516552,361441,142,47,47,48,114,5016,263.810,2919,4263,3000,0
2026-07-24T14:55:26Z,112598,1454176,467592,470032,516552,494566,142,47,47,48,114,5016,263.810,2915,4759,3000,0
2026-07-24T14:55:57Z,112629,1454184,467596,470032,516556,490470,142,47,47,48,114,5016,263.810,2825,4331,3000,0
2026-07-24T14:56:29Z,112661,1454188,467600,470032,516556,363498,142,47,47,48,114,5016,263.810,2835,4443,3000,0
2026-07-24T14:57:00Z,112692,1454232,467644,470032,516556,363510,142,47,47,48,114,5016,263.810,2917,4475,3000,0
2026-07-24T14:57:31Z,112723,1454232,467644,470032,516556,459768,142,47,47,48,114,5016,263.810,2817,5051,3000,0
2026-07-24T14:58:03Z,112755,1454232,467644,470032,516556,351225,142,47,47,48,114,5016,263.810,2815,4727,3000,0
2026-07-24T14:58:34Z,112786,1454232,467644,470032,516556,359417,142,47,47,48,114,5016,263.810,2973,4587,3000,0
2026-07-24T14:59:06Z,112818,1454232,467644,470032,516556,566265,142,47,47,48,114,5016,263.810,2777,4459,3000,0
2026-07-24T14:59:37Z,112849,1454232,467644,470032,516556,355322,142,47,47,48,114,5016,263.810,2757,4259,3000,0
2026-07-24T15:00:08Z,112880,1454236,467648,470032,516556,351226,142,47,47,48,114,5016,263.810,2845,4471,3000,0
2026-07-24T15:00:40Z,112912,1454252,467664,470032,516556,467980,142,47,47,48,114,5016,263.810,2815,4563,3000,0
2026-07-24T15:01:11Z,112943,1454260,467672,470032,516556,463884,142,47,47,48,114,5016,263.810,2793,4279,3000,0
2026-07-24T15:01:42Z,112974,1454260,467672,470032,516556,363538,142,47,47,48,114,5016,263.810,2831,4243,3000,0
2026-07-24T15:02:14Z,113006,1454260,467672,470032,516556,369682,142,47,47,48,114,5016,263.810,2851,4627,3000,0
2026-07-24T15:02:45Z,113037,1454264,467676,470032,516556,482327,142,47,47,48,114,5016,263.810,2783,4675,3000,0
2026-07-24T15:03:17Z,113069,1454264,467676,470032,516556,359447,142,47,47,48,114,5016,263.810,2785,4239,3000,0
2026-07-24T15:03:48Z,113100,1454264,467676,470032,516556,369687,142,47,47,48,114,5016,263.810,3049,4435,3000,0
2026-07-24T15:04:19Z,113131,1454280,467692,470032,516556,500762,142,47,47,48,114,5016,263.810,2967,4587,3000,0
2026-07-24T15:04:51Z,113163,1454280,467692,470032,516556,359454,142,47,47,48,114,5016,263.810,2753,4259,3000,0
2026-07-24T15:05:22Z,113194,1454280,467692,470032,516556,363550,142,47,47,48,114,5016,263.810,3011,4487,3000,0
2026-07-24T15:05:53Z,113225,1454280,467692,470032,516556,572446,142,47,47,48,114,5016,263.810,2891,4623,3000,0
2026-07-24T15:06:25Z,113257,1454280,467692,470032,516556,498718,142,47,47,48,114,5016,263.810,3067,4707,3000,0
2026-07-24T15:06:56Z,113288,1454284,467696,470032,516556,359455,142,47,47,48,114,5016,263.810,3051,5147,3000,0
2026-07-24T15:07:28Z,113320,1454284,467696,470032,516556,367648,142,47,47,48,114,5016,263.810,3103,4707,3000,0
2026-07-24T15:07:59Z,113351,1454288,467700,470032,516556,496672,142,47,47,48,114,5016,263.810,3029,4847,3000,0
2026-07-24T15:08:30Z,113382,1454288,467700,470032,516556,363552,142,47,47,48,114,5016,263.810,2839,4803,3000,0
2026-07-24T15:09:02Z,113414,1454352,467700,470032,516620,363552,142,47,47,48,114,5016,263.810,2845,4539,3000,0
2026-07-24T15:09:33Z,113445,1454352,467700,470032,516620,502816,142,47,47,48,114,5016,263.810,3039,4691,3000,0
2026-07-24T15:10:04Z,113476,1454352,467700,470032,516620,359456,142,47,47,48,114,5016,263.810,2895,4587,3000,0
2026-07-24T15:10:36Z,113508,1454352,467700,470032,516620,367648,142,47,47,48,114,5016,263.810,3143,4875,3000,0
2026-07-24T15:11:07Z,113539,1454356,467704,470032,516620,504864,142,47,47,48,114,5016,263.810,3095,4911,3000,0
2026-07-24T15:11:39Z,113571,1454356,467704,470032,516620,506912,142,47,47,48,114,5016,263.810,3093,4807,3000,0
2026-07-24T15:12:10Z,113602,1454360,467708,470032,516620,365600,142,47,47,48,114,5016,263.810,3275,4899,3000,0
2026-07-24T15:12:42Z,113634,1454364,467712,470032,516620,363552,142,47,47,48,114,5016,263.810,3141,5203,3000,0
2026-07-24T15:13:13Z,113665,1454364,467712,470032,516620,498720,142,47,47,48,114,5016,263.810,3327,5311,3000,0
2026-07-24T15:13:44Z,113696,1454364,467712,470032,516620,361504,142,47,47,48,114,5016,263.810,3175,5063,3000,0
2026-07-24T15:14:16Z,113728,1454368,467716,470032,516620,369696,142,47,47,48,114,5016,263.810,2863,4463,3000,0
2026-07-24T15:14:47Z,113759,1454372,467720,470032,516620,496673,142,47,47,48,114,5016,263.810,2765,4715,3000,0
2026-07-24T15:15:18Z,113790,1454372,467720,470032,516620,353313,142,47,47,48,114,5016,263.810,2905,4607,3000,0
2026-07-24T15:15:50Z,113822,1454372,467720,470032,516620,357409,142,47,47,48,114,5016,263.810,2839,4215,3000,0
2026-07-24T15:16:21Z,113853,1454372,467720,470032,516620,351266,142,47,47,48,114,5016,263.810,2779,4531,3000,0
2026-07-24T15:16:53Z,113885,1454372,467720,470032,516620,351266,142,47,47,48,114,5016,263.810,2813,4179,3000,0
2026-07-24T15:17:24Z,113916,1454372,467720,470032,516620,357410,142,47,47,48,114,5016,263.810,3173,4947,3000,0
2026-07-24T15:17:55Z,113947,1454372,467720,470032,516620,367650,142,47,47,48,114,5016,263.810,2931,4803,3000,0
2026-07-24T15:18:27Z,113979,1454376,467724,470032,516620,506919,142,47,47,48,114,5016,263.810,3029,5123,3000,0
2026-07-24T15:18:58Z,114010,1454376,467724,470032,516620,369703,142,47,47,48,114,5016,263.810,2829,4995,3000,0
2026-07-24T15:19:30Z,114042,1454376,467724,470032,516620,367655,142,47,47,48,114,5016,263.810,2835,4567,3000,0
2026-07-24T15:20:01Z,114073,1454384,467732,470032,516620,570413,142,47,47,48,114,5016,263.810,2973,4587,3000,0
2026-07-24T15:20:32Z,114104,1454396,467744,470032,516620,367661,142,47,47,48,114,5016,263.810,2839,4235,3000,0
2026-07-24T15:21:04Z,114136,1454396,467744,470032,516620,355373,142,47,47,48,114,5016,263.810,2823,4275,3000,0
2026-07-24T15:21:35Z,114167,1454396,467744,470032,516620,492589,142,47,47,48,114,5016,263.810,2817,4891,3000,0
2026-07-24T15:22:06Z,114198,1454396,467744,470032,516620,492589,142,47,47,48,114,5016,263.810,2739,4211,3000,0
2026-07-24T15:22:38Z,114230,1454460,467808,470032,516620,343085,142,47,47,48,114,5016,263.810,2941,4691,3000,0
2026-07-24T15:23:09Z,114261,1454460,467808,470032,516620,363565,142,47,47,48,114,5016,263.810,2779,4391,3000,0
2026-07-24T15:23:40Z,114292,1454460,467808,470032,516620,496685,142,47,47,48,114,5016,263.810,2735,4707,3000,0
2026-07-24T15:24:12Z,114324,1454460,467808,470032,516620,353325,142,47,47,48,114,5016,263.810,2725,4123,3000,0
2026-07-24T15:24:43Z,114355,1454464,467812,470032,516620,351277,142,47,47,48,114,5016,263.810,2809,4127,3000,0
2026-07-24T15:25:15Z,114387,1454464,467812,470032,516620,431150,142,47,47,48,114,5016,263.810,2775,4371,3000,0
2026-07-24T15:25:46Z,114418,1454464,467812,470032,516620,361518,142,47,47,48,114,5016,263.810,2707,4363,3000,0
2026-07-24T15:26:17Z,114449,1454464,467812,470032,516620,371758,142,47,47,48,114,5016,263.810,2785,4415,3000,0
2026-07-24T15:26:49Z,114481,1454464,467812,470032,516620,484399,142,47,47,48,114,5016,263.810,2749,4531,3000,0
2026-07-24T15:27:20Z,114512,1454464,467812,470032,516620,422959,142,47,47,48,114,5016,263.810,2701,3989,3000,0
2026-07-24T15:27:52Z,114543,1454464,467812,470032,516620,361521,142,47,47,48,114,5016,263.810,2747,4455,3000,0
2026-07-24T15:28:23Z,114575,1454464,467812,470032,516620,375857,142,47,47,48,114,5016,263.810,2783,4355,3000,0
2026-07-24T15:28:54Z,114606,1454468,467816,470032,516620,420913,142,47,47,48,114,5016,263.810,2843,4667,3000,0
2026-07-24T15:29:26Z,114638,1454468,467816,470032,516620,369713,142,47,47,48,114,5016,263.810,2713,4235,3000,0
2026-07-24T15:29:57Z,114669,1454468,467816,470032,516620,369713,142,47,47,48,114,5016,263.810,2859,4351,3000,0
2026-07-24T15:30:28Z,114700,1454492,467840,470032,516620,496706,142,47,47,48,114,5016,263.810,2741,4475,3000,0
2026-07-24T15:31:00Z,114732,1454496,467844,470032,516620,357450,142,47,47,48,114,5016,263.810,2669,4291,3000,0
2026-07-24T15:31:31Z,114763,1454496,467844,470032,516620,353354,142,47,47,48,114,5016,263.810,2729,4391,3000,0
2026-07-24T15:32:03Z,114795,1454496,467844,470032,516620,558154,142,47,47,48,114,5016,263.810,2821,4395,3000,0
2026-07-24T15:32:34Z,114826,1454496,467844,470032,516620,498762,142,47,47,48,114,5016,263.810,2713,4207,3000,0
2026-07-24T15:33:05Z,114857,1454496,467844,470032,516620,365644,142,47,47,48,114,5016,263.810,2837,4591,3000,0
2026-07-24T15:33:37Z,114889,1454500,467848,470032,516620,361549,142,47,47,48,114,5016,263.810,3149,4727,3000,0
2026-07-24T15:34:08Z,114920,1454504,467852,470032,516620,425037,142,47,47,48,114,5016,263.810,2915,4739,3000,0
2026-07-24T15:34:40Z,114952,1454504,467852,470032,516620,361549,142,47,47,48,114,5016,263.810,2837,4571,3000,0
2026-07-24T15:35:11Z,114983,1454504,467852,470032,516620,349263,142,47,47,48,114,5016,263.810,2765,4567,3000,0
2026-07-24T15:35:42Z,115014,1454504,467852,470032,516620,496719,142,47,47,48,114,5016,263.810,2941,4459,3000,0
2026-07-24T15:36:14Z,115046,1454524,467872,470032,516620,359523,142,47,47,48,114,5016,263.810,2717,4183,3000,0
2026-07-24T15:36:45Z,115077,1454528,467876,470032,516620,365667,142,47,47,48,114,5016,263.810,2789,4299,3000,0
2026-07-24T15:37:16Z,115108,1454528,467876,470032,516620,498788,142,47,47,48,114,5016,263.810,2941,4671,3000,0
2026-07-24T15:37:48Z,115140,1454528,467876,470032,516620,498788,142,47,47,48,114,5016,263.810,2759,4303,3000,0
2026-07-24T15:38:19Z,115171,1454528,467876,470032,516620,361574,142,47,47,48,114,5016,263.810,2787,4379,3000,0
2026-07-24T15:38:51Z,115203,1454528,467876,470032,516620,367718,142,47,47,48,114,5016,263.810,2769,4511,3000,0
2026-07-24T15:39:22Z,115234,1454528,467876,470032,516620,490598,142,47,47,48,114,5016,263.810,2785,4335,3000,0
2026-07-24T15:39:53Z,115265,1454528,467876,470032,516620,359526,142,47,47,48,114,5016,263.810,2947,5151,3000,0
2026-07-24T15:40:25Z,115297,1454528,467876,470032,516620,367719,142,47,47,48,114,5016,263.810,2941,4759,3000,0
2026-07-24T15:40:56Z,115328,1454532,467876,470032,516624,490599,142,47,47,48,114,5016,263.810,2801,4383,3000,0
2026-07-24T15:41:27Z,115359,1454532,467876,470032,516624,353383,142,47,47,48,114,5016,263.810,2769,4995,3000,0
2026-07-24T15:41:59Z,115391,1454532,467876,470032,516624,353383,142,47,47,48,114,5016,263.810,2825,4531,3000,0
2026-07-24T15:42:30Z,115422,1454536,467880,470032,516624,490599,142,47,47,48,114,5016,263.810,2849,4671,3000,0
2026-07-24T15:43:02Z,115454,1454536,467880,470032,516624,488551,142,47,47,48,114,5016,263.810,2865,4283,3000,0
2026-07-24T15:43:33Z,115485,1454536,467880,470032,516624,363623,142,47,47,48,114,5016,263.810,3127,4615,3000,0
2026-07-24T15:44:04Z,115516,1454536,467880,470032,516624,365672,142,47,47,48,114,5016,263.810,3207,5407,3000,0
2026-07-24T15:44:36Z,115548,1454536,467880,470032,516624,494696,142,47,47,48,114,5016,263.810,2831,5423,3000,0
2026-07-24T15:45:07Z,115579,1454536,467880,470032,516624,351336,142,47,47,48,114,5016,263.810,2737,4283,3000,0
2026-07-24T15:45:39Z,115611,1454536,467880,470032,516624,351336,142,47,47,48,114,5016,263.810,2837,4795,3000,0
2026-07-24T15:46:10Z,115642,1454540,467884,470032,516624,558184,142,47,47,48,114,5016,263.810,2839,4443,3000,0
2026-07-24T15:46:41Z,115673,1454540,467884,470032,516624,363627,142,47,47,48,114,5016,263.810,2737,4499,3000,0
2026-07-24T15:47:13Z,115705,1454540,467884,470032,516624,371819,142,47,47,48,114,5016,263.810,2981,4387,3000,0
2026-07-24T15:47:44Z,115736,1454540,467884,470032,516624,423019,142,47,47,48,114,5016,263.810,2979,4495,3000,0
2026-07-24T15:48:15Z,115767,1454540,467884,470032,516624,414827,142,47,47,48,114,5016,263.810,2707,4151,3000,0
2026-07-24T15:48:47Z,115799,1454544,467888,470032,516624,359532,142,47,47,48,114,5016,263.810,2779,4519,3000,0
2026-07-24T15:49:18Z,115830,1454544,467888,470032,516624,373868,142,47,47,48,114,5016,263.810,2815,4691,3000,0
2026-07-24T15:49:50Z,115861,1454544,467888,470032,516624,500844,142,47,47,48,114,5016,263.810,2823,4803,3000,0
2026-07-24T15:50:21Z,115893,1454544,467888,470032,516624,357485,142,47,47,48,114,5016,263.810,2777,4323,3000,0
2026-07-24T15:50:52Z,115924,1454544,467888,470032,516624,357485,142,47,47,48,114,5016,263.810,2813,4283,3000,0
2026-07-24T15:51:24Z,115956,1454544,467888,470032,516624,496749,142,47,47,48,114,5016,263.810,2791,4483,3000,0
2026-07-24T15:51:55Z,115987,1454544,467888,470032,516624,353390,142,47,47,48,114,5016,263.810,2789,4379,3000,0
2026-07-24T15:52:26Z,116018,1454544,467888,470032,516624,353390,142,47,47,48,114,5016,263.810,2829,4367,3000,0
2026-07-24T15:52:58Z,116050,1454544,467888,470032,516624,486511,142,47,47,48,114,5016,263.810,2859,4619,3000,0
2026-07-24T15:53:29Z,116081,1454544,467888,470032,516624,416879,142,47,47,48,114,5016,263.810,2729,4247,3000,0
2026-07-24T15:54:01Z,116113,1454544,467888,470032,516624,355439,142,47,47,48,114,5016,263.810,2893,4659,3000,0
2026-07-24T15:54:32Z,116144,1454544,467888,470032,516624,361583,142,47,47,48,114,5016,263.810,2933,4867,3000,0
2026-07-24T15:55:03Z,116175,1454552,467896,470032,516624,496757,142,47,47,48,114,5016,263.810,2751,4499,3000,0
2026-07-24T15:55:35Z,116207,1454552,467896,470032,516624,361589,142,47,47,48,114,5016,263.810,2755,4203,3000,0
2026-07-24T15:56:06Z,116238,1454552,467896,470032,516624,359541,142,47,47,48,114,5016,263.810,2835,4291,3000,0
2026-07-24T15:56:37Z,116269,1454556,467900,470032,516624,490614,142,47,47,48,114,5016,263.810,2783,4455,3000,0
2026-07-24T15:57:09Z,116301,1454556,467900,470032,516624,363638,142,47,47,48,114,5016,263.810,2793,4223,3000,0
2026-07-24T15:57:40Z,116332,1454556,467900,470032,516624,361590,142,47,47,48,114,5016,263.810,2949,4359,3000,0
2026-07-24T15:58:12Z,116364,1454556,467900,470032,516624,506998,142,47,47,48,114,5016,263.810,2917,4451,3000,0
2026-07-24T15:58:43Z,116395,1454560,467904,470032,516624,490614,142,47,47,48,114,5016,263.810,2769,4419,3000,0
2026-07-24T15:59:14Z,116426,1454560,467904,470032,516624,355447,142,47,47,48,114,5016,263.810,2891,4259,3000,0
2026-07-24T15:59:46Z,116458,1454564,467908,470032,516624,371836,142,47,47,48,114,5016,263.810,2839,4643,3000,0
2026-07-24T16:00:17Z,116489,1454572,467916,470032,516624,554110,142,47,47,48,114,5016,263.810,2927,4811,3000,0
2026-07-24T16:00:48Z,116520,1454580,467924,470032,516624,349321,142,47,47,48,114,5016,263.810,2803,4579,3000,0
2026-07-24T16:01:20Z,116552,1454580,467924,470032,516624,371850,142,47,47,48,114,5016,263.810,2827,4983,3000,0
2026-07-24T16:01:51Z,116583,1454600,467944,470032,516624,435343,142,47,47,48,114,5016,263.810,2779,4795,3000,0
2026-07-24T16:02:22Z,116614,1454600,467944,470032,516624,365712,142,47,47,48,114,5016,263.810,2727,4087,3000,0
2026-07-24T16:02:54Z,116646,1454616,467960,470032,516624,365712,142,47,47,48,114,5016,263.810,2769,4927,3000,0
2026-07-24T16:03:25Z,116677,1454624,467968,470032,516624,494757,142,47,47,48,114,5016,263.810,2925,4763,3000,0
2026-07-24T16:03:57Z,116709,1454644,467988,470032,516624,482469,142,47,47,48,114,5016,263.810,2779,4127,3000,0
2026-07-24T16:04:28Z,116740,1454644,467988,470032,516624,357562,142,47,47,48,114,5016,263.810,2767,4291,3000,0
2026-07-24T16:04:59Z,116771,1454644,467988,470032,516624,365755,142,47,47,48,114,5016,263.810,2769,4579,3000,0
2026-07-24T16:05:31Z,116803,1454648,467992,470032,516624,496827,142,47,47,48,114,5016,263.810,2735,4623,3000,0
2026-07-24T16:06:02Z,116834,1454648,467992,470032,516624,361660,142,47,47,48,114,5016,263.810,2779,4451,3000,0
2026-07-24T16:06:33Z,116865,1454648,467992,470032,516624,369852,142,47,47,48,114,5016,263.810,2895,4415,3000,0
2026-07-24T16:07:05Z,116897,1454652,467996,470032,516624,566461,142,47,47,48,114,5016,263.810,3011,4563,3000,0
2026-07-24T16:07:36Z,116928,1454656,468000,470032,516624,359617,142,47,47,48,114,5016,263.810,2705,4331,3000,0
2026-07-24T16:08:08Z,116960,1454656,468000,470032,516624,361665,142,47,47,48,114,5016,263.810,2797,4191,3000,0
2026-07-24T16:08:39Z,116991,1454656,468000,470032,516624,502978,142,47,47,48,114,5016,263.810,2821,4635,3000,0
2026-07-24T16:09:10Z,117022,1454656,468000,470032,516624,488642,142,47,47,48,114,5016,263.810,2821,4215,3000,0
2026-07-24T16:09:42Z,117054,1454668,468012,470032,516624,371910,142,47,47,48,114,5016,263.810,3109,4623,3000,0
2026-07-24T16:10:13Z,117085,1454668,468012,470032,516624,369871,142,47,47,48,114,5016,263.810,2951,4767,3000,0
2026-07-24T16:10:45Z,117117,1454672,468016,470032,516624,421073,142,47,47,48,114,5016,263.810,2989,4467,3000,0
2026-07-24T16:11:16Z,117148,1454676,468020,470032,516624,365781,142,47,47,48,114,5016,263.810,2777,4827,3000,0
2026-07-24T16:11:47Z,117179,1454680,468024,470032,516624,373978,142,47,47,48,114,5016,263.810,2771,4491,3000,0
2026-07-24T16:12:19Z,117211,1454680,468024,470032,516624,488666,142,47,47,48,114,5016,263.810,2993,4415,3000,0
2026-07-24T16:12:50Z,117242,1454684,468028,470032,516624,361690,142,47,47,48,114,5016,263.810,2963,4471,3000,0
2026-07-24T16:13:22Z,117274,1454684,468028,470032,516624,357594,142,47,47,48,114,5016,263.810,2813,4431,3000,0
2026-07-24T16:13:53Z,117305,1454688,468032,470032,516624,566490,142,47,47,48,114,5016,263.810,3049,5311,3000,0
2026-07-24T16:14:24Z,117336,1454692,468036,470032,516624,505050,142,47,47,48,114,5016,263.810,2889,4551,3000,0
2026-07-24T16:14:56Z,117368,1454692,468036,470032,516624,365788,142,47,47,48,114,5016,263.810,2769,4279,3000,0
2026-07-24T16:15:27Z,117399,1454692,468036,470032,516624,363740,142,47,47,48,114,5016,263.810,2917,4387,3000,0
2026-07-24T16:15:59Z,117431,1454692,468036,470032,516624,490716,142,47,47,48,114,5016,263.810,2791,4583,3000,0
2026-07-24T16:16:30Z,117462,1454696,468040,470032,516624,357597,142,47,47,48,114,5016,263.810,2803,4275,3000,0
2026-07-24T16:17:01Z,117493,1454696,468040,470032,516624,353501,142,47,47,48,114,5016,263.810,2869,4531,3000,0
2026-07-24T16:17:33Z,117525,1454704,468048,470032,516624,494817,142,47,47,48,114,5016,263.810,2815,4591,3000,0
2026-07-24T16:18:04Z,117556,1454704,468048,470032,516624,361697,142,47,47,48,114,5016,263.810,2989,4887,3000,0
2026-07-24T16:18:36Z,117588,1454704,468048,470032,516624,359649,142,47,47,48,114,5016,263.810,3217,4779,3000,0
2026-07-24T16:19:07Z,117619,1454704,468048,470032,516624,494817,142,47,47,48,114,5016,263.810,3115,4751,3000,0
2026-07-24T16:19:38Z,117650,1454704,468048,470032,516624,490721,142,47,47,48,114,5016,263.810,2875,4523,3000,0
2026-07-24T16:20:10Z,117682,1454708,468052,470032,516624,369889,142,47,47,48,114,5016,263.810,2837,4339,3000,0
2026-07-24T16:20:41Z,117713,1454708,468052,470032,516624,376033,142,47,47,48,114,5016,263.810,2897,4607,3000,0
2026-07-24T16:21:12Z,117744,1454708,468052,470032,516624,562401,142,47,47,48,114,5016,263.810,2761,4415,3000,0
2026-07-24T16:21:44Z,117776,1454708,468052,470032,516624,363745,142,47,47,48,114,5016,263.810,2875,4399,3000,0
2026-07-24T16:22:15Z,117807,1454708,468052,470032,516624,361697,142,47,47,48,114,5016,263.810,2977,5091,3000,0
2026-07-24T16:22:47Z,117839,1454708,468052,470032,516624,490721,142,47,47,48,114,5016,263.810,2967,4875,3000,0
2026-07-24T16:23:18Z,117870,1454708,468052,470032,516624,345313,142,47,47,48,114,5016,263.810,2939,4583,3000,0
2026-07-24T16:23:49Z,117901,1454708,468052,470032,516624,353505,142,47,47,48,114,5016,263.810,2967,4779,3000,0
2026-07-24T16:24:21Z,117933,1454708,468052,470032,516624,500961,142,47,47,48,114,5016,263.810,3219,4815,3000,0
2026-07-24T16:24:52Z,117964,1454708,468052,470032,516624,496865,142,47,47,48,114,5016,263.810,2809,4191,3000,0
2026-07-24T16:25:24Z,117996,1454708,468052,470032,516624,363745,142,47,47,48,114,5016,263.810,3147,5139,3000,0
2026-07-24T16:25:55Z,118027,1454708,468052,470032,516624,363745,142,47,47,48,114,5016,263.810,3025,4727,3000,0
2026-07-24T16:26:26Z,118058,1454708,468052,470032,516624,498913,142,47,47,48,114,5016,263.810,2809,4539,3000,0
2026-07-24T16:26:58Z,118090,1454708,468052,470032,516624,365793,142,47,47,48,114,5016,263.810,2763,4843,3000,0
2026-07-24T16:27:29Z,118121,1454708,468052,470032,516624,359649,142,47,47,48,114,5016,263.810,2845,4331,3000,0
2026-07-24T16:28:01Z,118153,1454708,468052,470032,516624,566497,142,47,47,48,114,5016,263.810,3003,4619,3000,0
2026-07-24T16:28:32Z,118184,1454708,468052,470032,516624,351457,142,47,47,48,114,5016,263.810,2751,4355,3000,0
2026-07-24T16:29:03Z,118215,1454708,468052,470032,516624,351457,142,47,47,48,114,5016,263.810,2761,4507,3000,0
2026-07-24T16:29:35Z,118247,1454708,468052,470032,516624,494817,142,47,47,48,114,5016,263.810,2795,4655,3000,0
2026-07-24T16:30:06Z,118278,1454708,468052,470032,516624,490721,142,47,47,48,114,5016,263.810,2771,4315,3000,0
2026-07-24T16:30:38Z,118310,1454708,468052,470032,516624,357601,142,47,47,48,114,5016,263.810,2801,4663,3000,0
2026-07-24T16:31:09Z,118341,1454708,468052,470032,516624,367841,142,47,47,48,114,5016,263.810,2801,4311,3000,0
2026-07-24T16:31:40Z,118372,1454708,468052,470032,516624,507106,142,47,47,48,114,5016,263.810,2745,4395,3000,0
2026-07-24T16:32:12Z,118404,1454708,468052,470032,516624,359650,142,47,47,48,114,5016,263.810,2733,4455,3000,0
2026-07-24T16:32:43Z,118435,1454708,468052,470032,516624,363746,142,47,47,48,114,5016,263.810,2825,4395,3000,0
2026-07-24T16:33:14Z,118466,1454708,468052,470032,516624,462050,142,47,47,48,114,5016,263.810,2843,4279,3000,0
2026-07-24T16:33:46Z,118498,1454708,468052,470032,516624,349410,142,47,47,48,114,5016,263.810,2909,4651,3000,0
2026-07-24T16:34:17Z,118529,1454708,468052,470032,516624,359650,142,47,47,48,114,5016,263.810,2723,4311,3000,0
2026-07-24T16:34:49Z,118561,1454712,468056,470032,516624,564450,142,47,47,48,114,5016,263.810,2799,5135,3000,0
2026-07-24T16:35:20Z,118592,1454712,468056,470032,516624,500962,142,47,47,48,114,5016,263.810,2911,4295,3000,0
2026-07-24T16:35:51Z,118623,1454712,468056,470032,516624,357602,142,47,47,48,114,5016,263.810,3063,4759,3000,0
2026-07-24T16:36:23Z,118655,1454716,468060,470032,516624,359650,142,47,47,48,114,5016,263.810,3087,5079,3000,0
2026-07-24T16:36:54Z,118686,1454716,468060,470032,516624,492770,142,47,47,48,114,5016,263.810,2879,4623,3000,0
2026-07-24T16:37:26Z,118718,1454736,468080,470032,516624,345317,142,47,47,48,114,5016,263.810,2881,4567,3000,0
2026-07-24T16:37:57Z,118749,1454736,468080,470032,516624,363752,142,47,47,48,114,5016,263.810,3131,4639,3000,0
2026-07-24T16:38:28Z,118780,1454736,468080,470032,516624,419048,142,47,47,48,114,5016,263.810,3301,5439,3000,0
2026-07-24T16:39:00Z,118812,1454736,468080,470032,516624,365800,142,47,47,48,114,5016,263.810,3201,5119,3000,0
2026-07-24T16:39:31Z,118843,1454736,468080,470032,516624,363752,142,47,47,48,114,5016,263.810,3283,4815,3000,0
2026-07-24T16:40:03Z,118875,1454736,468080,470032,516624,513256,142,47,47,48,114,5016,263.810,3135,4867,3000,0
2026-07-24T16:40:34Z,118906,1454736,468080,470032,516624,507112,142,47,47,48,114,5016,263.810,2987,4667,3000,0
2026-07-24T16:41:05Z,118937,1454736,468080,470032,516624,361704,142,47,47,48,114,5016,263.810,2775,4587,3000,0
2026-07-24T16:41:37Z,118969,1454736,468080,470032,516624,359656,142,47,47,48,114,5016,263.810,2861,4571,3000,0
2026-07-24T16:42:08Z,119000,1454740,468084,470032,516624,568553,142,47,47,48,114,5016,263.810,2823,4371,3000,0
2026-07-24T16:42:40Z,119032,1454740,468084,470032,516624,361705,142,47,47,48,114,5016,263.810,2825,4791,3000,0
2026-07-24T16:43:11Z,119063,1454752,468096,470032,516624,355563,142,47,47,48,114,5016,263.810,3117,4831,3000,0
2026-07-24T16:43:42Z,119094,1454752,468096,470032,516624,429291,142,47,47,48,114,5016,263.810,2925,4723,3000,0
2026-07-24T16:44:14Z,119126,1454752,468096,470032,516624,351467,142,47,47,48,114,5016,263.810,3045,4587,3000,0
2026-07-24T16:44:45Z,119157,1454756,468100,470032,516624,357611,142,47,47,48,114,5016,263.810,3113,4567,3000,0
2026-07-24T16:45:16Z,119188,1454772,468116,470032,516624,507120,142,47,47,48,114,5016,263.810,3189,4899,3000,0
2026-07-24T16:45:48Z,119220,1454772,468116,470032,516624,507120,142,47,47,48,114,5016,263.810,2943,5035,3000,0
2026-07-24T16:46:19Z,119251,1454780,468124,470032,516624,363761,142,47,47,48,114,5016,263.810,2875,4671,3000,0
2026-07-24T16:46:51Z,119283,1454780,468124,470032,516624,357617,142,47,47,48,114,5016,263.810,2947,4479,3000,0
2026-07-24T16:47:22Z,119314,1454780,468124,470032,516624,498929,142,47,47,48,114,5016,263.810,2741,4587,3000,0
2026-07-24T16:47:53Z,119345,1454780,468124,470032,516624,359665,142,47,47,48,114,5016,263.810,2769,4859,3000,0
2026-07-24T16:48:25Z,119377,1454780,468124,470032,516624,374001,142,47,47,48,114,5016,263.810,2939,4615,3000,0
2026-07-24T16:48:56Z,119408,1454788,468132,470032,516624,568564,142,47,47,48,114,5016,263.810,2747,4795,3000,0
2026-07-24T16:49:28Z,119440,1454788,468132,470032,516624,357620,142,47,47,48,114,5016,263.810,2889,4531,3000,0
2026-07-24T16:49:59Z,119471,1454788,468132,470032,516624,353524,142,47,47,48,114,5016,263.810,2765,4131,3000,0
2026-07-24T16:50:30Z,119502,1454788,468132,470032,516624,505076,142,47,47,48,114,5016,263.810,2979,4591,3000,0
2026-07-24T16:51:02Z,119534,1454788,468132,470032,516624,488692,142,47,47,48,114,5016,263.810,2649,4207,3000,0
2026-07-24T16:51:33Z,119565,1454788,468132,470032,516624,359668,142,47,47,48,114,5016,263.810,2713,4411,3000,0
2026-07-24T16:52:04Z,119596,1454788,468132,470032,516624,359668,142,47,47,48,114,5016,263.810,3019,4775,3000,0
2026-07-24T16:52:36Z,119628,1454788,468132,470032,516624,429300,142,47,47,48,114,5016,263.810,2735,4823,3000,0
2026-07-24T16:53:07Z,119659,1454788,468132,470032,516624,369908,142,47,47,48,114,5016,263.810,2759,4231,3000,0
2026-07-24T16:53:39Z,119691,1454792,468136,470032,516624,353524,142,47,47,48,114,5016,263.810,2987,4647,3000,0
2026-07-24T16:54:10Z,119722,1454796,468140,470032,516624,505078,142,47,47,48,114,5016,263.810,2747,4511,3000,0
2026-07-24T16:54:41Z,119753,1454796,468140,470032,516624,355574,142,47,47,48,114,5016,263.810,2901,4555,3000,0
2026-07-24T16:55:13Z,119785,1454796,468140,470032,516624,365814,142,47,47,48,114,5016,263.810,2917,4555,3000,0
2026-07-24T16:55:44Z,119816,1454796,468140,470032,516624,474358,142,47,47,48,114,5016,263.810,2879,4555,3000,0
2026-07-24T16:56:15Z,119847,1454796,468140,470032,516624,470262,142,47,47,48,114,5016,263.810,2797,4543,3000,0
2026-07-24T16:56:47Z,119879,1454796,468140,470032,516624,345334,142,47,47,48,114,5016,263.810,2673,4175,3000,0
2026-07-24T16:57:18Z,119910,1454796,468140,470032,516624,359670,142,47,47,48,114,5016,263.810,2753,4931,3000,0
2026-07-24T16:57:50Z,119942,1454796,468140,470032,516624,492790,142,47,47,48,114,5016,263.810,2955,4615,3000,0
2026-07-24T16:58:21Z,119973,1454796,468140,470032,516624,357622,142,47,47,48,114,5016,263.810,2857,4351,3000,0
2026-07-24T16:58:52Z,120004,1454796,468140,470032,516624,351478,142,47,47,48,114,5016,263.810,2759,4319,3000,0
2026-07-24T16:59:24Z,120036,1454796,468140,470032,516624,488694,142,47,47,48,114,5016,263.810,2771,4555,3000,0
2026-07-24T16:59:55Z,120067,1454796,468140,470032,516624,347382,142,47,47,48,114,5016,263.810,2745,4347,3000,0
2026-07-24T17:00:27Z,120099,1454796,468140,470032,516624,357622,142,47,47,48,114,5016,263.810,2859,4423,3000,0
2026-07-24T17:00:58Z,120130,1454796,468140,470032,516624,566518,142,47,47,48,114,5016,263.810,2771,4759,3000,0
2026-07-24T17:01:29Z,120161,1454796,468140,470032,516624,509174,142,47,47,48,114,5016,263.810,2749,4183,3000,0
2026-07-24T17:02:01Z,120193,1454800,468144,470032,516624,353526,142,47,47,48,114,5016,263.810,2919,4427,3000,0
2026-07-24T17:02:32Z,120224,1454800,468144,470032,516624,357622,142,47,47,48,114,5016,263.810,2775,4603,3000,0
2026-07-24T17:03:03Z,120255,1454800,468144,470032,516624,462070,142,47,47,48,114,5016,263.810,2821,4747,3000,0
2026-07-24T17:03:35Z,120287,1454800,468144,470032,516624,361718,142,47,47,48,114,5016,263.810,2769,4587,3000,0
2026-07-24T17:04:06Z,120318,1454800,468144,470032,516624,353526,142,47,47,48,114,5016,263.810,2777,4271,3000,0
2026-07-24T17:04:38Z,120350,1454804,468148,470032,516624,507126,142,47,47,48,114,5016,263.810,2981,4399,3000,0
2026-07-24T17:05:09Z,120381,1454804,468148,470032,516624,363766,142,47,47,48,114,5016,263.810,2669,4159,3000,0
2026-07-24T17:05:40Z,120412,1454804,468148,470032,516624,363766,142,47,47,48,114,5016,263.810,2957,4587,3000,0
2026-07-24T17:06:12Z,120444,1454804,468148,470032,516624,572663,142,47,47,48,114,5016,263.810,2783,4823,3000,0
2026-07-24T17:06:43Z,120475,1454804,468148,470032,516624,507127,142,47,47,48,114,5016,263.810,2651,4319,3000,0
2026-07-24T17:07:14Z,120506,1454812,468156,470032,516624,347383,142,47,47,48,114,5016,263.810,2759,4475,3000,0
2026-07-24T17:07:46Z,120538,1454820,468164,470032,516624,357626,142,47,47,48,114,5016,263.810,2815,4843,3000,0
2026-07-24T17:08:17Z,120569,1454836,468180,470032,516624,496892,142,47,47,48,114,5016,263.810,2793,4575,3000,0
2026-07-24T17:08:48Z,120600,1454848,468192,470032,516624,345342,142,47,47,48,114,5016,263.810,2745,4267,3000,0
2026-07-24T17:09:20Z,120632,1454848,468192,470032,516624,374014,142,47,47,48,114,5016,263.810,2743,4139,3000,0
2026-07-24T17:09:51Z,120663,1454928,468272,470032,516624,503052,142,47,47,48,114,5016,263.810,3005,4355,3000,0
2026-07-24T17:10:23Z,120695,1454932,468276,470032,516624,357649,142,47,47,48,114,5016,263.810,2851,4603,3000,0
2026-07-24T17:10:54Z,120726,1455028,468372,470032,516624,357649,142,47,47,48,114,5016,263.810,2867,4699,3000,0
2026-07-24T17:11:25Z,120757,1455028,468372,470032,516624,421162,142,47,47,48,114,5016,263.810,2813,4859,3000,0
2026-07-24T17:11:57Z,120789,1455028,468372,470032,516624,419114,142,47,47,48,114,5016,263.810,2707,4279,3000,0
2026-07-24T17:12:28Z,120820,1455044,468388,470032,516624,355626,142,47,47,48,114,5016,263.810,2795,4475,3000,0
2026-07-24T17:12:59Z,120851,1455060,468404,470032,516624,363819,142,47,47,48,114,5016,263.810,2979,4587,3000,0
2026-07-24T17:13:31Z,120883,1455068,468412,470032,516624,572715,142,47,47,48,114,5016,263.810,2873,4603,3000,0
2026-07-24T17:14:02Z,120914,1455068,468412,470032,516624,353579,142,47,47,48,114,5016,263.810,2757,4735,3000,0
2026-07-24T17:14:34Z,120946,1455092,468436,470032,516624,359730,142,47,47,48,114,5016,263.810,2849,4551,3000,0
2026-07-24T17:15:05Z,120977,1455096,468440,470032,516624,509235,142,47,47,48,114,5016,263.810,3015,4671,3000,0
2026-07-24T17:15:36Z,121008,1455096,468440,470032,516624,361779,142,47,47,48,114,5016,263.810,2763,4419,3000,0
2026-07-24T17:16:08Z,121040,1455096,468440,470032,516624,361779,142,47,47,48,114,5016,263.810,2947,4599,3000,0
2026-07-24T17:16:39Z,121071,1455128,468472,470032,516624,496951,142,47,47,48,114,5016,263.810,2943,4447,3000,0
2026-07-24T17:17:11Z,121103,1455128,468472,470032,516624,490807,142,47,47,48,114,5016,263.810,2743,4199,3000,0
2026-07-24T17:17:42Z,121134,1455132,468476,470032,516624,359737,142,47,47,48,114,5016,263.810,2785,5027,3000,0
2026-07-24T17:18:13Z,121165,1455192,468536,470032,516624,353618,142,47,47,48,114,5016,263.810,2973,4499,3000,0
2026-07-24T17:18:45Z,121197,1455216,468560,470032,516624,564564,142,47,47,48,114,5016,263.810,2853,4667,3000,0
2026-07-24T17:19:16Z,121228,1455216,468560,470032,516624,349524,142,47,47,48,114,5016,263.810,2857,4443,3000,0
2026-07-24T17:19:47Z,121259,1455224,468568,470032,516624,355669,142,47,47,48,114,5016,263.810,2861,4399,3000,0
2026-07-24T17:20:19Z,121291,1455224,468568,470032,516624,496981,142,47,47,48,114,5016,263.810,2969,4419,3000,0
2026-07-24T17:20:50Z,121322,1455224,468568,470032,516624,353621,142,47,47,48,114,5016,263.810,2881,4583,3000,0
2026-07-24T17:21:22Z,121354,1455224,468568,470032,516624,355669,142,47,47,48,114,5016,263.810,2675,4467,3000,0
2026-07-24T17:21:53Z,121385,1455224,468568,470032,516624,494933,142,47,47,48,114,5016,263.810,2763,4259,3000,0
2026-07-24T17:22:24Z,121416,1455224,468568,470032,516624,488789,142,47,47,48,114,5016,263.810,2687,4167,3000,0
2026-07-24T17:22:56Z,121448,1455224,468568,470032,516624,370005,142,47,47,48,114,5016,263.810,2611,4219,3000,0
2026-07-24T17:23:27Z,121479,1455224,468568,470032,516624,367957,142,47,47,48,114,5016,263.810,2691,4311,3000,0
2026-07-24T17:23:58Z,121510,1455224,468568,470032,516624,425301,142,47,47,48,114,5016,263.810,3077,4635,3000,0
2026-07-24T17:24:30Z,121542,1455224,468568,470032,516624,367957,142,47,47,48,114,5016,263.810,2741,4175,3000,0
2026-07-24T17:25:01Z,121573,1455236,468580,470032,516624,372053,142,47,47,48,114,5016,263.810,2677,4219,3000,0
2026-07-24T17:25:32Z,121604,1455248,468592,470032,516624,576855,142,47,47,48,114,5016,263.810,2683,4723,3000,0
2026-07-24T17:26:04Z,121636,1455248,468592,470032,516624,363863,142,47,47,48,114,5016,263.810,2769,4155,3000,0
2026-07-24T17:26:35Z,121667,1455248,468592,470032,516624,363863,142,47,47,48,114,5016,263.810,2781,4339,3000,0
2026-07-24T17:27:06Z,121698,1455248,468592,470032,516624,505175,142,47,47,48,114,5016,263.810,2719,4431,3000,0
2026-07-24T17:27:38Z,121730,1455248,468592,470032,516624,492887,142,47,47,48,114,5016,263.810,2599,4077,3000,0
2026-07-24T17:28:09Z,121761,1455248,468592,470032,516624,372055,142,47,47,48,114,5016,263.810,2633,4267,3000,0
2026-07-24T17:28:41Z,121793,1455248,468592,470032,516624,359767,142,47,47,48,114,5016,263.810,2725,4207,3000,0
2026-07-24T17:29:12Z,121824,1455248,468592,470032,516624,427351,142,47,47,48,114,5016,263.810,2859,4799,3000,0
2026-07-24T17:29:43Z,121855,1455248,468592,470032,516624,361815,142,47,47,48,114,5016,263.810,2995,4391,3000,0
2026-07-24T17:30:15Z,121887,1455248,468592,470032,516624,376151,142,47,47,48,114,5016,263.810,2835,4451,3000,0
2026-07-24T17:30:46Z,121918,1455248,468592,470032,516624,570711,142,47,47,48,114,5016,263.810,2675,4303,3000,0
2026-07-24T17:31:17Z,121949,1455248,468592,470032,516624,357719,142,47,47,48,114,5016,263.810,2671,4231,3000,0
2026-07-24T17:31:49Z,121981,1455252,468596,470032,516624,357719,142,47,47,48,114,5016,263.810,2745,4299,3000,0
2026-07-24T17:32:20Z,122012,1455252,468596,470032,516624,496983,142,47,47,48,114,5016,263.810,2911,4631,3000,0
2026-07-24T17:32:52Z,122044,1455252,468596,470032,516624,488791,142,47,47,48,114,5016,263.810,2769,4315,3000,0
2026-07-24T17:33:23Z,122075,1455252,468596,470032,516624,363863,142,47,47,48,114,5016,263.810,2755,4347,3000,0
2026-07-24T17:33:54Z,122106,1455252,468596,470032,516624,374103,142,47,47,48,114,5016,263.810,2749,4691,3000,0
2026-07-24T17:34:26Z,122138,1455252,468596,470032,516624,488791,142,47,47,48,114,5016,263.810,2581,4391,3000,0
2026-07-24T17:34:57Z,122169,1455252,468596,470032,516624,353623,142,47,47,48,114,5016,263.810,2661,4811,3000,0
2026-07-24T17:35:28Z,122200,1455252,468596,470032,516624,365911,142,47,47,48,114,5016,263.810,2647,4159,3000,0
2026-07-24T17:36:00Z,122232,1455252,468596,470032,516624,417111,142,47,47,48,114,5016,263.810,2677,4275,3000,0
2026-07-24T17:36:31Z,122263,1455252,468596,470032,516624,357719,142,47,47,48,114,5016,263.810,2621,4199,3000,0
2026-07-24T17:37:03Z,122295,1455252,468596,470032,516624,355671,142,47,47,48,114,5016,263.810,2639,4191,3000,0
2026-07-24T17:37:34Z,122326,1455264,468608,470032,516624,548183,142,47,47,48,114,5016,263.810,2629,4415,3000,0
2026-07-24T17:38:05Z,122357,1455264,468608,470032,516624,476503,142,47,47,48,114,5016,263.810,2653,4059,3000,0
2026-07-24T17:38:37Z,122389,1455264,468608,470032,516624,359767,142,47,47,48,114,5016,263.810,2587,4239,3000,0
2026-07-24T17:39:08Z,122420,1455264,468608,470032,516624,351575,142,47,47,48,114,5016,263.810,2625,4239,3000,0
2026-07-24T17:39:39Z,122451,1455264,468608,470032,516624,488792,142,47,47,48,114,5016,263.810,2575,4211,3000,0
2026-07-24T17:40:11Z,122483,1455264,468608,470032,516624,351576,142,47,47,48,114,5016,263.810,2605,4089,3000,0
2026-07-24T17:40:42Z,122514,1455308,468652,470032,516624,363864,142,47,47,48,114,5016,263.810,2651,4051,3000,0
2026-07-24T17:41:13Z,122545,1455308,468652,470032,516624,423256,142,47,47,48,114,5016,263.810,2639,4187,3000,0
2026-07-24T17:41:45Z,122577,1455308,468652,470032,516624,361816,142,47,47,48,114,5016,263.810,2557,4103,3000,0
2026-07-24T17:42:16Z,122608,1455308,468652,470032,516624,359768,142,47,47,48,114,5016,263.810,2739,4199,3000,0
2026-07-24T17:42:48Z,122640,1455308,468652,470032,516624,505176,142,47,47,48,114,5016,263.810,3125,4607,3000,0
2026-07-24T17:43:19Z,122671,1455308,468652,470032,516624,499032,142,47,47,48,114,5016,263.810,2949,4455,3000,0
2026-07-24T17:43:50Z,122702,1455308,468652,470032,516624,359768,142,47,47,48,114,5016,263.810,3025,4959,3000,0
2026-07-24T17:44:22Z,122734,1455332,468676,470032,516624,374108,142,47,47,48,114,5016,263.810,2977,4555,3000,0
2026-07-24T17:44:53Z,122765,1455332,468676,470032,516624,494940,142,47,47,48,114,5016,263.810,3085,4723,3000,0
2026-07-24T17:45:25Z,122797,1455332,468676,470032,516624,361820,142,47,47,48,114,5016,263.810,3227,4775,3000,0
2026-07-24T17:45:56Z,122828,1455332,468676,470032,516624,359772,142,47,47,48,114,5016,263.810,3209,5079,3000,0
2026-07-24T17:46:27Z,122859,1455332,468676,470032,516624,499036,142,47,47,48,114,5016,263.810,3467,5371,3000,0
2026-07-24T17:46:59Z,122891,1455332,468676,470032,516624,374108,142,47,47,48,114,5016,263.810,3105,4699,3000,0
2026-07-24T17:47:30Z,122922,1455332,468676,470032,516624,367964,142,47,47,48,114,5016,263.810,2995,4659,3000,0
2026-07-24T17:48:02Z,122954,1455332,468676,470032,516624,511325,142,47,47,48,114,5016,263.810,3225,4923,3000,0
2026-07-24T17:48:33Z,122985,1455332,468676,470032,516624,503133,142,47,47,48,114,5016,263.810,2989,4507,3000,0
2026-07-24T17:49:04Z,123016,1455332,468676,470032,516624,355677,142,47,47,48,114,5016,263.810,3017,4687,3000,0
2026-07-24T17:49:36Z,123048,1455332,468676,470032,516624,365917,142,47,47,48,114,5016,263.810,3241,4971,3000,0
2026-07-24T17:50:07Z,123079,1455344,468688,470032,516624,425309,142,47,47,48,114,5016,263.810,2655,4307,3000,0
2026-07-24T17:50:39Z,123111,1455344,468688,470032,516624,370013,142,47,47,48,114,5016,263.810,2603,4123,3000,0
2026-07-24T17:51:10Z,123142,1455344,468688,470032,516624,374109,142,47,47,48,114,5016,263.810,2615,4051,3000,0
2026-07-24T17:51:41Z,123173,1455344,468688,470032,516624,488797,142,47,47,48,114,5016,263.810,2595,4295,3000,0
2026-07-24T17:52:13Z,123205,1455344,468688,470032,516624,355677,142,47,47,48,114,5016,263.810,2579,4009,3000,0
2026-07-24T17:52:44Z,123236,1455344,468688,470032,516624,359773,142,47,47,48,114,5016,263.810,2621,4135,3000,0
2026-07-24T17:53:15Z,123267,1455344,468688,470032,516624,496989,142,47,47,48,114,5016,263.810,2629,4207,3000,0
2026-07-24T17:53:47Z,123299,1455344,468688,470032,516624,490845,142,47,47,48,114,5016,263.810,2549,4659,3000,0
2026-07-24T17:54:18Z,123330,1455348,468692,470032,516624,363869,142,47,47,48,114,5016,263.810,2771,4635,3000,0
2026-07-24T17:54:49Z,123361,1455348,468692,470032,516624,363869,142,47,47,48,114,5016,263.810,2959,4411,3000,0
2026-07-24T17:55:21Z,123393,1455360,468704,470032,516624,494945,142,47,47,48,114,5016,263.810,3093,4623,3000,0
2026-07-24T17:55:52Z,123424,1455360,468704,470032,516624,363873,142,47,47,48,114,5016,263.810,3119,4643,3000,0
2026-07-24T17:56:24Z,123456,1455372,468716,470032,516624,357729,142,47,47,48,114,5016,263.810,2667,4183,3000,0
2026-07-24T17:56:55Z,123487,1455372,468716,470032,516624,492897,142,47,47,48,114,5016,263.810,2661,4411,3000,0
2026-07-24T17:57:26Z,123518,1455372,468716,470032,516624,349537,142,47,47,48,114,5016,263.810,2615,4057,3000,0
2026-07-24T17:57:58Z,123550,1455372,468716,470032,516624,361825,142,47,47,48,114,5016,263.810,2659,4283,3000,0
2026-07-24T17:58:29Z,123581,1455372,468716,470032,516624,480609,142,47,47,48,114,5016,263.810,2639,4299,3000,0
2026-07-24T17:59:00Z,123612,1455372,468716,470032,516624,427361,142,47,47,48,114,5016,263.810,2571,4175,3000,0
2026-07-24T17:59:32Z,123644,1455372,468716,470032,516624,374113,142,47,47,48,114,5016,263.810,2637,4199,3000,0
2026-07-24T18:00:03Z,123675,1455372,468716,470032,516624,365921,142,47,47,48,114,5016,263.810,2679,4203,3000,0
2026-07-24T18:00:35Z,123707,1455372,468716,470032,516624,462177,142,47,47,48,114,5016,263.810,2561,4675,3000,0
2026-07-24T18:01:06Z,123738,1455372,468716,470032,516624,349537,142,47,47,48,114,5016,263.810,2827,4243,3000,0
2026-07-24T18:01:37Z,123769,1455372,468716,470032,516624,359777,142,47,47,48,114,5016,263.810,3259,4879,3000,0
2026-07-24T18:02:09Z,123801,1455372,468716,470032,516624,425313,142,47,47,48,114,5016,263.810,2921,4359,3000,0
2026-07-24T18:02:40Z,123832,1455372,468716,470032,516624,355681,142,47,47,48,114,5016,263.810,3203,4751,3000,0
2026-07-24T18:03:11Z,123863,1455392,468736,470032,516624,355681,142,47,47,48,114,5016,263.810,2783,4187,3000,0
2026-07-24T18:03:43Z,123895,1455392,468736,470032,516624,499041,142,47,47,48,114,5016,263.810,3105,4723,3000,0
2026-07-24T18:04:14Z,123926,1455392,468736,470032,516624,492897,142,47,47,48,114,5016,263.810,2795,4803,3000,0
2026-07-24T18:04:46Z,123958,1455392,468736,470032,516624,359777,142,47,47,48,114,5016,263.810,2737,4283,3000,0
2026-07-24T18:05:17Z,123989,1455392,468736,470032,516624,372065,142,47,47,48,114,5016,263.810,2795,4267,3000,0
2026-07-24T18:05:48Z,124020,1455392,468736,470032,516624,556385,142,47,47,48,114,5016,263.810,2747,4439,3000,0
2026-07-24T18:06:20Z,124052,1455392,468736,470032,516624,353633,142,47,47,48,114,5016,263.810,2735,4523,3000,0
2026-07-24T18:06:51Z,124083,1455392,468736,470032,516624,370017,142,47,47,48,114,5016,263.810,2819,4399,3000,0
2026-07-24T18:07:22Z,124114,1455392,468736,470032,516624,494945,142,47,47,48,114,5016,263.810,2737,4715,3000,0
2026-07-24T18:07:54Z,124146,1455392,468736,470032,516624,367969,142,47,47,48,114,5016,263.810,2687,4735,3000,0
2026-07-24T18:08:25Z,124177,1455392,468736,470032,516624,365921,142,47,47,48,114,5016,263.810,2677,4131,3000,0
2026-07-24T18:08:56Z,124208,1455392,468736,470032,516624,505185,142,47,47,48,114,5016,263.810,2651,4291,3000,0
2026-07-24T18:09:28Z,124240,1455392,468736,470032,516624,496993,142,47,47,48,114,5016,263.810,2571,4311,3000,0
2026-07-24T18:09:59Z,124271,1455392,468736,470032,516624,351586,142,47,47,48,114,5016,263.810,2703,4223,3000,0
2026-07-24T18:10:31Z,124303,1455392,468736,470032,516624,365922,142,47,47,48,114,5016,263.810,2695,4215,3000,0
2026-07-24T18:11:02Z,124334,1455392,468736,470032,516624,482658,142,47,47,48,114,5016,263.810,2579,4383,3000,0
2026-07-24T18:11:33Z,124365,1455392,468736,470032,516624,355682,142,47,47,48,114,5016,263.810,2703,4171,3000,0
2026-07-24T18:12:05Z,124397,1455392,468736,470032,516624,370018,142,47,47,48,114,5016,263.810,2627,4147,3000,0
2026-07-24T18:12:36Z,124428,1455392,468736,470032,516624,494946,142,47,47,48,114,5016,263.810,2681,4295,3000,0
2026-07-24T18:13:07Z,124459,1455392,468736,470032,516624,359778,142,47,47,48,114,5016,263.810,2619,4419,3000,0
2026-07-24T18:13:39Z,124491,1455392,468736,470032,516624,359778,142,47,47,48,114,5016,263.810,2789,4115,3000,0
2026-07-24T18:14:10Z,124522,1455392,468736,470032,516624,501090,142,47,47,48,114,5016,263.810,2727,4347,3000,0
2026-07-24T18:14:41Z,124553,1455428,468772,470032,516624,507234,142,47,47,48,114,5016,263.810,2625,4073,3000,0
2026-07-24T18:15:13Z,124585,1455428,468772,470032,516624,359803,142,47,47,48,114,5016,263.810,2643,4243,3000,0
2026-07-24T18:15:44Z,124616,1455436,468780,470032,516624,363900,142,47,47,48,114,5016,263.810,2857,4595,3000,0
2026-07-24T18:16:16Z,124648,1455436,468780,470032,516624,488828,142,47,47,48,114,5016,263.810,2771,4347,3000,0
2026-07-24T18:16:47Z,124679,1455468,468812,470032,516624,355712,142,47,47,48,114,5016,263.810,2639,4591,3000,0
2026-07-24T18:17:18Z,124710,1455468,468812,470032,516624,370048,142,47,47,48,114,5016,263.810,2843,4307,3000,0
2026-07-24T18:17:50Z,124742,1455640,468984,470032,516624,509363,142,47,47,48,114,5016,263.810,2655,4203,3000,0
2026-07-24T18:18:21Z,124773,1455640,468984,470032,516624,366019,142,47,47,48,114,5016,263.810,2607,4135,3000,0
2026-07-24T18:18:52Z,124804,1455640,468984,470032,516624,359875,142,47,47,48,114,5016,263.810,2619,4131,3000,0
2026-07-24T18:19:24Z,124836,1455640,468984,470032,516624,558531,142,47,47,48,114,5016,263.810,2779,4463,3000,0
2026-07-24T18:19:55Z,124867,1455640,468984,470032,516624,488899,142,47,47,48,114,5016,263.810,2617,4095,3000,0
2026-07-24T18:20:26Z,124898,1455640,468984,470032,516624,349635,142,47,47,48,114,5016,263.810,2731,4111,3000,0
2026-07-24T18:20:58Z,124930,1455640,468984,470032,516624,366019,142,47,47,48,114,5016,263.810,2615,4211,3000,0
2026-07-24T18:21:29Z,124961,1455640,468984,470032,516624,501187,142,47,47,48,114,5016,263.810,2547,4219,3000,0
2026-07-24T18:22:00Z,124992,1455640,468984,470032,516624,353731,142,47,47,48,114,5016,263.810,2611,4057,3000,0
2026-07-24T18:22:32Z,125024,1455644,468988,470032,516624,355779,142,47,47,48,114,5016,263.810,2621,4215,3000,0
2026-07-24T18:23:03Z,125055,1455644,468988,470032,516624,452035,142,47,47,48,114,5016,263.810,2651,4147,3000,0
2026-07-24T18:23:34Z,125086,1455644,468988,470032,516624,345540,142,47,47,48,114,5016,263.810,2567,4037,3000,0
2026-07-24T18:24:06Z,125118,1455644,468988,470032,516624,345540,142,47,47,48,114,5016,263.810,2625,4063,3000,0
2026-07-24T18:24:37Z,125149,1455644,468988,470032,516624,486852,142,47,47,48,114,5016,263.810,2621,4279,3000,0
2026-07-24T18:25:09Z,125181,1455716,469060,470032,516624,497092,142,47,47,48,114,5016,263.810,2695,4183,3000,0
2026-07-24T18:25:40Z,125212,1455716,469060,470032,516624,359916,142,47,47,48,114,5016,263.810,2559,4051,3000,0
2026-07-24T18:26:11Z,125243,1455716,469060,470032,516624,351724,142,47,47,48,114,5016,263.810,2613,4195,3000,0
2026-07-24T18:26:43Z,125275,1455720,469064,470032,516624,548332,142,47,47,48,114,5016,263.810,2545,4135,3000,0
2026-07-24T18:27:14Z,125306,1455720,469064,470032,516624,357868,142,47,47,48,114,5016,263.810,2699,4223,3000,0
2026-07-24T18:27:45Z,125337,1455720,469064,470032,516624,368108,142,47,47,48,114,5016,263.810,2761,4191,3000,0
2026-07-24T18:28:17Z,125369,1455720,469064,470032,516624,503276,142,47,47,48,114,5016,263.810,2603,4139,3000,0
2026-07-24T18:28:48Z,125400,1455724,469068,470032,516624,374252,142,47,47,48,114,5016,263.810,2583,4171,3000,0
2026-07-24T18:29:19Z,125431,1455724,469068,470032,516624,380396,142,47,47,48,114,5016,263.810,2615,4011,3000,0
2026-07-24T18:29:51Z,125463,1455724,469068,470032,516624,351724,142,47,47,48,114,5016,263.810,2653,4299,3000,0
2026-07-24T18:30:22Z,125494,1455724,469068,470032,516624,345580,142,47,47,48,114,5016,263.810,2615,4089,3000,0
2026-07-24T18:30:54Z,125526,1455724,469068,470032,516624,349676,142,47,47,48,114,5016,263.810,2645,4167,3000,0
2026-07-24T18:31:25Z,125557,1455724,469068,470032,516624,357868,142,47,47,48,114,5016,263.810,2733,4659,3000,0
2026-07-24T18:31:56Z,125588,1455724,469068,470032,516624,568812,142,47,47,48,114,5016,263.810,2805,4423,3000,0
2026-07-24T18:32:28Z,125620,1455724,469068,470032,516624,357868,142,47,47,48,114,5016,263.810,2637,4135,3000,0
2026-07-24T18:32:59Z,125651,1455728,469072,470032,516624,366060,142,47,47,48,114,5016,263.810,2637,4107,3000,0
2026-07-24T18:33:30Z,125682,1455728,469072,470032,516624,495084,142,47,47,48,114,5016,263.810,2693,4767,3000,0
2026-07-24T18:34:02Z,125714,1455732,469076,470032,516624,353774,142,47,47,48,114,5016,263.810,2557,3985,3000,0
2026-07-24T18:34:33Z,125745,1455732,469076,470032,516624,359918,142,47,47,48,114,5016,263.810,2619,4065,3000,0
2026-07-24T18:35:05Z,125777,1455732,469076,470032,516624,421358,142,47,47,48,114,5016,263.810,2719,4287,3000,0
2026-07-24T18:35:36Z,125808,1455732,469076,470032,516624,415214,142,47,47,48,114,5016,263.810,2565,4695,3000,0
2026-07-24T18:36:07Z,125839,1455732,469076,470032,516624,364014,142,47,47,48,114,5016,263.810,2697,4195,3000,0
2026-07-24T18:36:39Z,125871,1455732,469076,470032,516624,359918,142,47,47,48,114,5016,263.810,2605,4107,3000,0
2026-07-24T18:37:10Z,125902,1455732,469076,470032,516624,497134,142,47,47,48,114,5016,263.810,2535,4227,3000,0
2026-07-24T18:37:41Z,125933,1455732,469076,470032,516624,355822,142,47,47,48,114,5016,263.810,2585,4187,3000,0
2026-07-24T18:38:13Z,125965,1455732,469076,470032,516624,359918,142,47,47,48,114,5016,263.810,2783,4267,3000,0
2026-07-24T18:38:44Z,125996,1455732,469076,470032,516624,562670,142,47,47,48,114,5016,263.810,2655,4219,3000,0
2026-07-24T18:39:16Z,126028,1455732,469076,470032,516624,357870,142,47,47,48,114,5016,263.810,2583,4067,3000,0
2026-07-24T18:39:47Z,126059,1455732,469076,470032,516624,366062,142,47,47,48,114,5016,263.810,2591,4061,3000,0
2026-07-24T18:40:18Z,126090,1455732,469076,470032,516624,507374,142,47,47,48,114,5016,263.810,2653,4267,3000,0
2026-07-24T18:40:50Z,126122,1455732,469076,470032,516624,497134,142,47,47,48,114,5016,263.810,2547,4013,3000,0
2026-07-24T18:41:21Z,126153,1455732,469076,470032,516624,347630,142,47,47,48,114,5016,263.810,2607,4139,3000,0
2026-07-24T18:41:52Z,126184,1455732,469076,470032,516624,351726,142,47,47,48,114,5016,263.810,2659,4627,3000,0
2026-07-24T18:42:24Z,126216,1455732,469076,470032,516624,507374,142,47,47,48,114,5016,263.810,2623,4467,3000,0
2026-07-24T18:42:55Z,126247,1455732,469076,470032,516624,372206,142,47,47,48,114,5016,263.810,2733,4175,3000,0
2026-07-24T18:43:26Z,126278,1455732,469076,470032,516624,364014,142,47,47,48,114,5016,263.810,2667,4719,3000,0
2026-07-24T18:43:58Z,126310,1455732,469076,470032,516624,421359,142,47,47,48,114,5016,263.810,2649,4615,3000,0
2026-07-24T18:44:29Z,126341,1455732,469076,470032,516624,355823,142,47,47,48,114,5016,263.810,2691,4183,3000,0
2026-07-24T18:45:00Z,126372,1455732,469076,470032,516624,357871,142,47,47,48,114,5016,263.810,2613,4283,3000,0
2026-07-24T18:45:32Z,126404,1455732,469076,470032,516624,490991,142,47,47,48,114,5016,263.810,2713,4247,3000,0
2026-07-24T18:46:03Z,126435,1455732,469076,470032,516624,417263,142,47,47,48,114,5016,263.810,2561,4115,3000,0
2026-07-24T18:46:35Z,126467,1455732,469076,470032,516624,349679,142,47,47,48,114,5016,263.810,2659,4219,3000,0
2026-07-24T18:47:06Z,126498,1455732,469076,470032,516624,353775,142,47,47,48,114,5016,263.810,2681,4171,3000,0
2026-07-24T18:47:37Z,126529,1455732,469076,470032,516624,503279,142,47,47,48,114,5016,263.810,2703,4411,3000,0
2026-07-24T18:48:09Z,126561,1455732,469076,470032,516624,351727,142,47,47,48,114,5016,263.810,2623,4131,3000,0
2026-07-24T18:48:40Z,126592,1455732,469076,470032,516624,357871,142,47,47,48,114,5016,263.810,2751,4271,3000,0
2026-07-24T18:49:11Z,126623,1455732,469076,470032,516624,501231,142,47,47,48,114,5016,263.810,2613,4167,3000,0
2026-07-24T18:49:43Z,126655,1455732,469076,470032,516624,366063,142,47,47,48,114,5016,263.810,2585,4131,3000,0
2026-07-24T18:50:14Z,126686,1455732,469076,470032,516624,372207,142,47,47,48,114,5016,263.810,2723,4307,3000,0
2026-07-24T18:50:46Z,126718,1455732,469076,470032,516624,435696,142,47,47,48,114,5016,263.810,2633,4267,3000,0
2026-07-24T18:51:17Z,126749,1455736,469080,470032,516624,437744,142,47,47,48,114,5016,263.810,2585,3891,3000,0
2026-07-24T18:51:48Z,126780,1455736,469080,470032,516624,359920,142,47,47,48,114,5016,263.810,2591,4087,3000,0
2026-07-24T18:52:20Z,126812,1455736,469080,470032,516624,364016,142,47,47,48,114,5016,263.810,2681,4207,3000,0
2026-07-24T18:52:51Z,126843,1455740,469084,470032,516624,560624,142,47,47,48,114,5016,263.810,2653,4115,3000,0
2026-07-24T18:53:22Z,126874,1455740,469084,470032,516624,349680,142,47,47,48,114,5016,263.810,2597,4147,3000,0
2026-07-24T18:53:54Z,126906,1455740,469084,470032,516624,359920,142,47,47,48,114,5016,263.810,2733,4135,3000,0
2026-07-24T18:54:25Z,126937,1455740,469084,470032,516624,497136,142,47,47,48,114,5016,263.810,2765,4263,3000,0
2026-07-24T18:54:56Z,126968,1455740,469084,470032,516624,357872,142,47,47,48,114,5016,263.810,2709,4159,3000,0
2026-07-24T18:55:28Z,127000,1455740,469084,470032,516624,357872,142,47,47,48,114,5016,263.810,2623,4143,3000,0
2026-07-24T18:55:59Z,127031,1455740,469084,470032,516624,505328,142,47,47,48,114,5016,263.810,2771,4283,3000,0
2026-07-24T18:56:30Z,127062,1455740,469084,470032,516624,509424,142,47,47,48,114,5016,263.810,2575,3927,3000,0
2026-07-24T18:57:02Z,127094,1455740,469084,470032,516624,368112,142,47,47,48,114,5016,263.810,2613,4067,3000,0
2026-07-24T18:57:33Z,127125,1455740,469084,470032,516624,359920,142,47,47,48,114,5016,263.810,2693,4207,3000,0
2026-07-24T18:58:05Z,127157,1455740,469084,470032,516624,480752,142,47,47,48,114,5016,263.810,2593,4271,3000,0
2026-07-24T18:58:36Z,127188,1455740,469084,470032,516624,351728,142,47,47,48,114,5016,263.810,2593,3977,3000,0
2026-07-24T18:59:07Z,127219,1455740,469084,470032,516624,351728,142,47,47,48,114,5016,263.810,2673,4695,3000,0
2026-07-24T18:59:39Z,127251,1455740,469084,470032,516624,562672,142,47,47,48,114,5016,263.810,2667,4191,3000,0
2026-07-24T19:00:10Z,127282,1455740,469084,470032,516624,366064,142,47,47,48,114,5016,263.810,2593,4065,3000,0
2026-07-24T19:00:41Z,127313,1455740,469084,470032,516624,366064,142,47,47,48,114,5016,263.810,2657,4187,3000,0
2026-07-24T19:01:13Z,127345,1455740,469084,470032,516624,495088,142,47,47,48,114,5016,263.810,2795,4363,3000,0
2026-07-24T19:01:44Z,127376,1455740,469084,470032,516624,488944,142,47,47,48,114,5016,263.810,2569,3931,3000,0
2026-07-24T19:02:15Z,127407,1455740,469084,470032,516624,355824,142,47,47,48,114,5016,263.810,2725,4371,3000,0
2026-07-24T19:02:47Z,127439,1455740,469084,470032,516624,364016,142,47,47,48,114,5016,263.810,2701,4295,3000,0
2026-07-24T19:03:18Z,127470,1455740,469084,470032,516624,505328,142,47,47,48,114,5016,263.810,2711,4455,3000,0
2026-07-24T19:03:50Z,127502,1455740,469084,470032,516624,370160,142,47,47,48,114,5016,263.810,2589,4099,3000,0
2026-07-24T19:04:21Z,127533,1455740,469084,470032,516624,353776,142,47,47,48,114,5016,263.810,2641,4267,3000,0
2026-07-24T19:04:52Z,127564,1455740,469084,470032,516624,497136,142,47,47,48,114,5016,263.810,2647,4175,3000,0
2026-07-24T19:05:24Z,127596,1455740,469084,470032,516624,359920,142,47,47,48,114,5016,263.810,2743,4033,3000,0
2026-07-24T19:05:55Z,127627,1455740,469084,470032,516624,359920,142,47,47,48,114,5016,263.810,2619,4049,3000,0
2026-07-24T19:06:26Z,127658,1455740,469084,470032,516624,562672,142,47,47,48,114,5016,263.810,2645,4283,3000,0
2026-07-24T19:06:58Z,127690,1455740,469084,470032,516624,488944,142,47,47,48,114,5016,263.810,2557,3959,3000,0
2026-07-24T19:07:29Z,127721,1455740,469084,470032,516624,353776,142,47,47,48,114,5016,263.810,2641,4699,3000,0
2026-07-24T19:08:00Z,127752,1455740,469084,470032,516624,372208,142,47,47,48,114,5016,263.810,2797,4487,3000,0
2026-07-24T19:08:32Z,127784,1455752,469096,470032,516624,490992,142,47,47,48,114,5016,263.810,2629,4727,3000,0
2026-07-24T19:09:03Z,127815,1455752,469096,470032,516624,359920,142,47,47,48,114,5016,263.810,2637,4075,3000,0
2026-07-24T19:09:35Z,127847,1455752,469096,470032,516624,357872,142,47,47,48,114,5016,263.810,2601,4191,3000,0
2026-07-24T19:10:06Z,127878,1455752,469096,470032,516624,423408,142,47,47,48,114,5016,263.810,2617,4271,3000,0
2026-07-24T19:10:37Z,127909,1455752,469096,470032,516624,361968,142,47,47,48,114,5016,263.810,2543,4067,3000,0
2026-07-24T19:11:09Z,127941,1455752,469096,470032,516624,372208,142,47,47,48,114,5016,263.810,2621,4093,3000,0
2026-07-24T19:11:40Z,127972,1455752,469096,470032,516624,427504,142,47,47,48,114,5016,263.810,2617,4239,3000,0
2026-07-24T19:12:11Z,128003,1455752,469096,470032,516624,429552,142,47,47,48,114,5016,263.810,2645,3981,3000,0
2026-07-24T19:12:43Z,128035,1455752,469096,470032,516624,357872,142,47,47,48,114,5016,263.810,2917,4359,3000,0
2026-07-24T19:13:14Z,128066,1455752,469096,470032,516624,376304,142,47,47,48,114,5016,263.810,2663,4195,3000,0
2026-07-24T19:13:46Z,128098,1455752,469096,470032,516624,570864,142,47,47,48,114,5016,263.810,2539,4259,3000,0
2026-07-24T19:14:17Z,128129,1455752,469096,470032,516624,364016,142,47,47,48,114,5016,263.810,2587,4055,3000,0
2026-07-24T19:14:48Z,128160,1455752,469096,470032,516624,355824,142,47,47,48,114,5016,263.810,2625,4267,3000,0
2026-07-24T19:15:20Z,128192,1455752,469096,470032,516624,413168,142,47,47,48,114,5016,263.810,2645,4223,3000,0
2026-07-24T19:15:51Z,128223,1455752,469096,470032,516624,366064,142,47,47,48,114,5016,263.810,2607,4095,3000,0
2026-07-24T19:16:22Z,128254,1455752,469096,470032,516624,361968,142,47,47,48,114,5016,263.810,2683,4075,3000,0
2026-07-24T19:16:54Z,128286,1455752,469096,470032,516624,499184,142,47,47,48,114,5016,263.810,2667,4379,3000,0
2026-07-24T19:17:25Z,128317,1455752,469096,470032,516624,490992,142,47,47,48,114,5016,263.810,2551,4143,3000,0
2026-07-24T19:17:57Z,128349,1455752,469096,470032,516624,353776,142,47,47,48,114,5016,263.810,2727,4211,3000,0
2026-07-24T19:18:28Z,128380,1455752,469096,470032,516624,359920,142,47,47,48,114,5016,263.810,2685,4403,3000,0
2026-07-24T19:18:59Z,128411,1455756,469100,470032,516624,495088,142,47,47,48,114,5016,263.810,2579,4731,3000,0
2026-07-24T19:19:31Z,128443,1455756,469100,470032,516624,364016,142,47,47,48,114,5016,263.810,2625,4155,3000,0
2026-07-24T19:20:02Z,128474,1455756,469100,470032,516624,361968,142,47,47,48,114,5016,263.810,2641,4087,3000,0
2026-07-24T19:20:33Z,128505,1455756,469100,470032,516624,484848,142,47,47,48,114,5016,263.810,2675,4411,3000,0
2026-07-24T19:21:05Z,128537,1455756,469100,470032,516624,349680,142,47,47,48,114,5016,263.810,2607,4631,3000,0
2026-07-24T19:21:36Z,128568,1455784,469128,470032,516624,353776,142,47,47,48,114,5016,263.810,2653,4127,3000,0
2026-07-24T19:22:08Z,128600,1455784,469128,470032,516624,499184,142,47,47,48,114,5016,263.810,2645,4171,3000,0
2026-07-24T19:22:39Z,128631,1455784,469128,470032,516624,490992,142,47,47,48,114,5016,263.810,2631,4007,3000,0
2026-07-24T19:23:10Z,128662,1455784,469128,470032,516624,357872,142,47,47,48,114,5016,263.810,2579,4167,3000,0
2026-07-24T19:23:42Z,128694,1455784,469128,470032,516624,353776,142,47,47,48,114,5016,263.810,2773,4203,3000,0
2026-07-24T19:24:13Z,128725,1455784,469128,470032,516624,501232,142,47,47,48,114,5016,263.810,2551,4215,3000,0
2026-07-24T19:24:45Z,128757,1455828,469172,470032,516624,355824,142,47,47,48,114,5016,263.810,2621,4143,3000,0
2026-07-24T19:25:16Z,128788,1455828,469172,470032,516624,357872,142,47,47,48,114,5016,263.810,2739,4255,3000,0
2026-07-24T19:25:47Z,128819,1455828,469172,470032,516624,495088,142,47,47,48,114,5016,263.810,2639,4407,3000,0
2026-07-24T19:26:19Z,128851,1455828,469172,470032,516624,355824,142,47,47,48,114,5016,263.810,2615,4085,3000,0
2026-07-24T19:26:50Z,128882,1455828,469172,470032,516624,366064,142,47,47,48,114,5016,263.810,2625,4879,3000,0
2026-07-24T19:27:21Z,128913,1455828,469172,470032,516624,505328,142,47,47,48,114,5016,263.810,2639,4187,3000,0
2026-07-24T19:27:53Z,128945,1455828,469172,470032,516624,501232,142,47,47,48,114,5016,263.810,2601,4041,3000,0
2026-07-24T19:28:24Z,128976,1455828,469172,470032,516624,357872,142,47,47,48,114,5016,263.810,2601,4143,3000,0
2026-07-24T19:28:55Z,129007,1455828,469172,470032,516624,361968,142,47,47,48,114,5016,263.810,2649,4547,3000,0
2026-07-24T19:29:27Z,129039,1455828,469172,470032,516624,417264,142,47,47,48,114,5016,263.810,2769,4339,3000,0
2026-07-24T19:29:58Z,129070,1455828,469172,470032,516624,364016,142,47,47,48,114,5016,263.810,2761,4195,3000,0
2026-07-24T19:30:30Z,129102,1455828,469172,470032,516624,372208,142,47,47,48,114,5016,263.810,2677,4223,3000,0
2026-07-24T19:31:01Z,129133,1455872,469216,470032,516624,470513,142,47,47,48,114,5016,263.810,2635,4207,3000,0
2026-07-24T19:31:32Z,129164,1455872,469216,470032,516624,353777,142,47,47,48,114,5016,263.810,2577,4059,3000,0
2026-07-24T19:32:04Z,129196,1455908,469252,470032,516624,357873,142,47,47,48,114,5016,263.810,2705,4323,3000,0
2026-07-24T19:32:35Z,129227,1455908,469252,470032,516624,503282,142,47,47,48,114,5016,263.810,2693,4835,3000,0
2026-07-24T19:33:06Z,129258,1455908,469252,470032,516624,486898,142,47,47,48,114,5016,263.810,2563,4779,3000,0
2026-07-24T19:33:38Z,129290,1455908,469252,470032,516624,372210,142,47,47,48,114,5016,263.810,2721,4139,3000,0
2026-07-24T19:34:09Z,129321,1455908,469252,470032,516624,364018,142,47,47,48,114,5016,263.810,2649,4171,3000,0
2026-07-24T19:34:41Z,129353,1455908,469252,470032,516624,501234,142,47,47,48,114,5016,263.810,2673,4259,3000,0
2026-07-24T19:35:12Z,129384,1455908,469252,470032,516624,359922,142,47,47,48,114,5016,263.810,2609,4547,3000,0
2026-07-24T19:35:43Z,129415,1455908,469252,470032,516624,364018,142,47,47,48,114,5016,263.810,2733,4187,3000,0
2026-07-24T19:36:15Z,129447,1455908,469252,470032,516624,499186,142,47,47,48,114,5016,263.810,3093,5099,3000,0
2026-07-24T19:36:46Z,129478,1455916,469260,470032,516624,351730,142,47,47,48,114,5016,263.810,2787,4339,3000,0
2026-07-24T19:37:17Z,129509,1455916,469260,470032,516624,366066,142,47,47,48,114,5016,263.810,3061,4619,3000,0
2026-07-24T19:37:49Z,129541,1455916,469260,470032,516624,429554,142,47,47,48,114,5016,263.810,2889,4543,3000,0
2026-07-24T19:38:20Z,129572,1455924,469268,470032,516624,417266,142,47,47,48,114,5016,263.810,2661,4775,3000,0
2026-07-24T19:38:52Z,129604,1455924,469268,470032,516624,361970,142,47,47,48,114,5016,263.810,2645,4367,3000,0
2026-07-24T19:39:23Z,129635,1455924,469268,470032,516624,355826,142,47,47,48,114,5016,263.810,2773,4411,3000,0
2026-07-24T19:39:54Z,129666,1455924,469268,470032,516624,482802,142,47,47,48,114,5016,263.810,2811,4411,3000,0
2026-07-24T19:40:26Z,129698,1455924,469268,470032,516624,357874,142,47,47,48,114,5016,263.810,2641,4151,3000,0
2026-07-24T19:40:57Z,129729,1455924,469268,470032,516624,353778,142,47,47,48,114,5016,263.810,2927,4943,3000,0
2026-07-24T19:41:29Z,129761,1456008,469268,470032,516708,501234,142,47,47,48,114,5016,263.810,2793,4395,3000,0
2026-07-24T19:42:00Z,129792,1456008,469268,470032,516708,353778,142,47,47,48,114,5016,263.810,2695,4299,3000,0
2026-07-24T19:42:31Z,129823,1456008,469268,470032,516708,357874,142,47,47,48,114,5016,263.810,2683,4335,3000,0
2026-07-24T19:43:03Z,129855,1456008,469268,470032,516708,488946,142,47,47,48,114,5016,263.810,2721,4415,3000,0
2026-07-24T19:43:34Z,129886,1456008,469268,470032,516708,413170,142,47,47,48,114,5016,263.810,2631,4679,3000,0
2026-07-24T19:44:05Z,129917,1456008,469268,470032,516708,343538,142,47,47,48,114,5016,263.810,2771,4463,3000,0
2026-07-24T19:44:37Z,129949,1456008,469268,470032,516708,357874,142,47,47,48,114,5016,263.810,2693,4243,3000,0
2026-07-24T19:45:08Z,129980,1456008,469268,470032,516708,423410,142,47,47,48,114,5016,263.810,2767,4239,3000,0
2026-07-24T19:45:39Z,130011,1456008,469268,470032,516708,353778,142,47,47,48,114,5016,263.810,2719,4191,3000,0
2026-07-24T19:46:11Z,130043,1456008,469268,470032,516708,353778,142,47,47,48,114,5016,263.810,2861,4235,3000,0
2026-07-24T19:46:42Z,130074,1456008,469268,470032,516708,486898,142,47,47,48,114,5016,263.810,2687,4171,3000,0
2026-07-24T19:47:14Z,130106,1456008,469268,470032,516708,359922,142,47,47,48,114,5016,263.810,2645,4049,3000,0
2026-07-24T19:47:45Z,130137,1456008,469268,470032,516708,355826,142,47,47,48,114,5016,263.810,2685,4635,3000,0
2026-07-24T19:48:16Z,130168,1456020,469280,470032,516708,509426,142,47,47,48,114,5016,263.810,2741,4347,3000,0
2026-07-24T19:48:48Z,130200,1456020,469280,470032,516708,501234,142,47,47,48,114,5016,263.810,2709,4207,3000,0
2026-07-24T19:49:19Z,130231,1456020,469280,470032,516708,366066,142,47,47,48,114,5016,263.810,2829,4295,3000,0
2026-07-24T19:49:50Z,130262,1456020,469280,470032,516708,355826,142,47,47,48,114,5016,263.810,2691,4227,3000,0
2026-07-24T19:50:22Z,130294,1456020,469280,470032,516708,562674,142,47,47,48,114,5016,263.810,2571,4687,3000,0
2026-07-24T19:50:53Z,130325,1456020,469280,470032,516708,357874,142,47,47,48,114,5016,263.810,2591,4163,3000,0
2026-07-24T19:51:24Z,130356,1456020,469280,470032,516708,357874,142,47,47,48,114,5016,263.810,2753,4699,3000,0
2026-07-24T19:51:56Z,130388,1456024,469284,470032,516708,486898,142,47,47,48,114,5016,263.810,2779,4343,3000,0
2026-07-24T19:52:27Z,130419,1456024,469284,470032,516708,357874,142,47,47,48,114,5016,263.810,2673,4025,3000,0
2026-07-24T19:52:59Z,130451,1456024,469284,470032,516708,357874,142,47,47,48,114,5016,263.810,2755,4203,3000,0
2026-07-24T19:53:30Z,130482,1456056,469316,470032,516708,509441,142,47,47,48,114,5016,263.810,2657,4835,3000,0
2026-07-24T19:54:01Z,130513,1456056,469316,470032,516708,503297,142,47,47,48,114,5016,263.810,2659,4027,3000,0
2026-07-24T19:54:33Z,130545,1456056,469316,470032,516708,361985,142,47,47,48,114,5016,263.810,2597,4871,3000,0
2026-07-24T19:55:04Z,130576,1456056,469316,470032,516708,366081,142,47,47,48,114,5016,263.810,2921,4591,3000,0
2026-07-24T19:55:35Z,130607,1456056,469316,470032,516708,429569,142,47,47,48,114,5016,263.810,2613,4179,3000,0
2026-07-24T19:56:07Z,130639,1456056,469316,470032,516708,355841,142,47,47,48,114,5016,263.810,2639,4831,3000,0
2026-07-24T19:56:38Z,130670,1456056,469316,470032,516708,359937,142,47,47,48,114,5016,263.810,2849,4375,3000,0
2026-07-24T19:57:09Z,130701,1456056,469316,470032,516708,564737,142,47,47,48,114,5016,263.810,2883,4527,3000,0
2026-07-24T19:57:41Z,130733,986748,0,470040,516708,251435,91,0,45,46,77,5016,263.810,2509,4017,3000,0
2026-07-24T19:58:12Z,130764,1333120,346304,470108,516708,328285,144,49,47,48,115,5016,263.810,2685,6279,3000,0
2026-07-24T19:58:44Z,130796,1386200,399428,470064,516708,402015,144,49,47,48,114,5016,263.810,2769,4555,3000,0
2026-07-24T19:59:15Z,130827,1433156,446384,470064,516708,430894,144,49,47,48,114,5016,263.810,2807,4499,3000,0
2026-07-24T19:59:46Z,130858,1446104,459332,470064,516708,381748,144,49,47,48,114,5016,263.810,2655,4207,3000,0
2026-07-24T20:00:18Z,130890,1450116,463344,470064,516708,383807,144,49,47,48,114,5016,263.810,2677,4215,3000,0
2026-07-24T20:00:49Z,130921,1450124,463352,470064,516708,441154,144,49,47,48,114,5016,263.810,2631,4327,3000,0
2026-07-24T20:01:20Z,130952,1450200,463428,470064,516708,361284,144,49,47,48,114,5016,263.810,2657,4331,3000,0
2026-07-24T20:01:52Z,130984,1451352,463524,471120,516708,359243,144,49,47,48,114,5016,263.810,2801,4335,3000,0
2026-07-24T20:02:23Z,131015,1453288,465460,471120,516708,469842,144,49,47,48,114,5016,263.810,2861,4363,3000,0
2026-07-24T20:02:54Z,131046,1454632,466804,471120,516708,353117,144,49,47,48,114,5016,263.810,2765,4155,3000,0
2026-07-24T20:03:26Z,131078,1454640,466812,471120,516708,359261,144,49,47,48,114,5016,263.810,2697,4203,3000,0
2026-07-24T20:03:57Z,131109,1454764,466936,471120,516708,504670,144,49,47,48,114,5016,263.810,2683,4419,3000,0
2026-07-24T20:04:29Z,131141,1454768,466940,471120,516708,500574,144,49,47,48,114,5016,263.810,2593,4239,3000,0
2026-07-24T20:05:00Z,131172,1454776,466948,471120,516708,355172,144,49,47,48,114,5016,263.810,2637,4459,3000,0
2026-07-24T20:05:31Z,131203,1454796,466968,471120,516708,365414,144,49,47,48,114,5016,263.810,2807,4319,3000,0
2026-07-24T20:06:03Z,131235,1455628,466984,471936,516708,498536,144,49,47,48,114,5016,263.810,2781,4475,3000,0
2026-07-24T20:06:34Z,131266,1457084,468440,471936,516708,373608,144,49,47,48,114,5016,263.810,2631,4695,3000,0
2026-07-24T20:07:05Z,131297,1457116,468472,471936,516708,383857,144,49,47,48,114,5016,263.810,2675,4175,3000,0
2026-07-24T20:07:37Z,131329,1458004,469360,471936,516708,506737,144,49,47,48,114,5016,263.810,2663,4211,3000,0
2026-07-24T20:08:08Z,131360,1464748,471980,476060,516708,365428,144,49,47,48,114,5016,263.810,2639,4251,3000,0
2026-07-24T20:08:40Z,131392,1466632,471992,477932,516708,367476,144,49,47,48,114,5016,263.810,2763,4243,3000,0
2026-07-24T20:09:11Z,131423,1467492,472136,478648,516708,568185,144,49,47,48,114,5016,263.810,2695,4487,3000,0
2026-07-24T20:09:42Z,131454,1467492,472136,478648,516708,498553,144,49,47,48,114,5016,263.810,2593,4081,3000,0
2026-07-24T20:10:14Z,131486,1467516,472160,478648,516708,357242,144,49,47,48,114,5016,263.810,2631,4379,3000,0
2026-07-24T20:10:45Z,131517,1467676,472320,478648,516708,369532,144,49,47,48,114,5016,263.810,2665,4171,3000,0
2026-07-24T20:11:16Z,131548,1467788,472432,478648,516708,418684,144,49,47,48,114,5016,263.810,2783,4451,3000,0
2026-07-24T20:11:48Z,131580,1467804,472448,478648,516708,357244,144,49,47,48,114,5016,263.810,2637,4779,3000,0
2026-07-24T20:12:19Z,131611,1468116,472760,478648,516708,365436,144,49,47,48,114,5016,263.810,2701,4823,3000,0
2026-07-24T20:12:51Z,131643,1468184,472760,478716,516708,504702,144,49,47,48,114,5016,263.810,2857,4563,3000,0
2026-07-24T20:13:22Z,131674,1468184,472760,478716,516708,353092,144,49,47,48,114,5016,263.810,2637,4255,3000,0
2026-07-24T20:13:53Z,131705,1468188,472764,478716,516708,361284,144,49,47,48,114,5016,263.810,2673,4263,3000,0
2026-07-24T20:14:25Z,131737,1470024,473788,479528,516708,512838,144,49,47,48,114,5016,263.810,2777,4307,3000,0
2026-07-24T20:14:56Z,131768,1470140,473904,479528,516708,502598,144,49,47,48,114,5016,263.810,2645,4099,3000,0
2026-07-24T20:15:27Z,131799,1470184,473944,479532,516708,355152,144,49,47,48,114,5016,263.810,2655,4683,3000,0
2026-07-24T20:15:59Z,131831,1470192,473952,479532,516708,363344,144,49,47,48,114,5016,263.810,2713,4223,3000,0
2026-07-24T20:16:30Z,131862,1471016,474776,479532,516708,547669,144,49,47,48,114,5016,263.810,2629,4363,3000,0
2026-07-24T20:17:02Z,131894,1471020,474780,479532,516708,369498,144,49,47,48,114,5016,263.810,2663,4207,3000,0
2026-07-24T20:17:33Z,131925,1471020,474780,479532,516708,367460,144,49,47,48,114,5016,263.810,2911,4555,3000,0
2026-07-24T20:18:04Z,131956,1471844,475600,479536,516708,500585,144,49,47,48,114,5016,263.810,2727,4267,3000,0
2026-07-24T20:18:36Z,131988,1471904,475660,479536,516708,344937,144,49,47,48,114,5016,263.810,2775,4379,3000,0
2026-07-24T20:19:07Z,132019,1471908,475664,479536,516708,349033,144,49,47,48,114,5016,263.810,2703,4347,3000,0
2026-07-24T20:19:38Z,132050,1472728,476484,479536,516708,496493,144,49,47,48,114,5016,263.810,2719,4467,3000,0
2026-07-24T20:20:10Z,132082,1472732,476488,479536,516708,490349,144,49,47,48,114,5016,263.810,2701,4679,3000,0
2026-07-24T20:20:41Z,132113,1472764,476520,479536,516708,353139,144,49,47,48,114,5016,263.810,2679,4223,3000,0
2026-07-24T20:21:12Z,132144,1472772,476528,479536,516708,353140,144,49,47,48,114,5016,263.810,2737,4375,3000,0
2026-07-24T20:21:44Z,132176,1474396,477340,480348,516708,494452,144,49,47,48,114,5016,263.810,2583,4207,3000,0
2026-07-24T20:22:15Z,132207,1474404,477344,480352,516708,361332,144,49,47,48,114,5016,263.810,2611,4071,3000,0
2026-07-24T20:22:47Z,132239,1474416,477356,480352,516708,377718,144,49,47,48,114,5016,263.810,2713,4211,3000,0
2026-07-24T20:23:18Z,132270,1475228,478168,480352,516708,572280,144,49,47,48,114,5016,263.810,2655,4603,3000,0
2026-07-24T20:23:49Z,132301,1475236,478176,480352,516708,367482,144,49,47,48,114,5016,263.810,2705,4211,3000,0
2026-07-24T20:24:21Z,132333,1475236,478176,480352,516708,365434,144,49,47,48,114,5016,263.810,2719,4183,3000,0
2026-07-24T20:24:52Z,132364,1475236,478176,480352,516708,439164,144,49,47,48,114,5016,263.810,2701,4267,3000,0
2026-07-24T20:25:23Z,132395,1475236,478176,480352,516708,435068,144,49,47,48,114,5016,263.810,2683,4395,3000,0
2026-07-24T20:25:55Z,132427,1479076,482016,480352,516708,369536,144,49,47,48,114,5016,263.810,2685,4407,3000,0
2026-07-24T20:26:26Z,132458,1479076,482016,480352,516708,367488,144,49,47,48,114,5016,263.810,2771,4375,3000,0
2026-07-24T20:26:57Z,132489,1480948,483076,481164,516708,490368,144,49,47,48,114,5016,263.810,2673,4435,3000,0
2026-07-24T20:27:29Z,132521,1480956,483080,481168,516708,355201,144,49,47,48,114,5016,263.810,2655,4379,3000,0
2026-07-24T20:28:00Z,132552,1480972,483096,481168,516708,371587,144,49,47,48,114,5016,263.810,2849,4463,3000,0
2026-07-24T20:28:32Z,132584,1481840,483932,481200,516708,508815,144,49,47,48,114,5016,263.810,2721,4403,3000,0
2026-07-24T20:29:03Z,132615,1481848,483940,481200,516708,359311,144,49,47,48,114,5016,263.810,2649,4123,3000,0
2026-07-24T20:29:34Z,132646,1481848,483940,481200,516708,367503,144,49,47,48,114,5016,263.810,2819,4355,3000,0
2026-07-24T20:30:06Z,132678,1481864,483956,481200,516708,566171,144,49,47,48,114,5016,263.810,2731,4499,3000,0
2026-07-24T20:30:37Z,132709,1481864,483956,481200,516708,504731,144,49,47,48,114,5016,263.810,2619,4059,3000,0
2026-07-24T20:31:08Z,132740,1492112,483960,491444,516708,357279,144,49,47,48,114,5016,263.810,2659,4271,3000,0
2026-07-24T20:31:40Z,132772,1492112,483960,491444,516708,367522,144,49,47,48,114,5016,263.810,2693,4403,3000,0
2026-07-24T20:32:11Z,132803,1492940,484788,491444,516708,496551,144,49,47,48,114,5016,263.810,2643,4331,3000,0
2026-07-24T20:32:43Z,132835,1492944,484792,491444,516708,355243,144,49,47,48,114,5016,263.810,2791,4339,3000,0
2026-07-24T20:33:14Z,132866,1492948,484796,491444,516708,361387,144,49,47,48,114,5016,263.810,2715,4447,3000,0
2026-07-24T20:33:45Z,132897,1492956,484804,491444,516708,496557,144,49,47,48,114,5016,263.810,2681,4367,3000,0
2026-07-24T20:34:17Z,132929,1494192,484808,492676,516708,347058,144,49,47,48,114,5016,263.810,2803,4427,3000,0
2026-07-24T20:34:48Z,132960,1494196,484812,492676,516708,349106,144,49,47,48,114,5016,263.810,2815,4303,3000,0
2026-07-24T20:35:19Z,132991,1494200,484816,492676,516708,496565,144,49,47,48,114,5016,263.810,2907,4539,3000,0
2026-07-24T20:35:51Z,133023,1494204,484820,492676,516708,484277,144,49,47,48,114,5016,263.810,2615,4115,3000,0
2026-07-24T20:36:22Z,133054,1494236,484852,492676,516708,363451,144,49,47,48,114,5016,263.810,2847,4139,3000,0
2026-07-24T20:36:54Z,133086,1494244,484860,492676,516708,373694,144,49,47,48,114,5016,263.810,2885,4395,3000,0
2026-07-24T20:37:25Z,133117,1494328,484944,492676,516708,486334,144,49,47,48,114,5016,263.810,2585,4871,3000,0
2026-07-24T20:37:56Z,133148,1494332,484948,492676,516708,357311,144,49,47,48,114,5016,263.810,2613,3975,3000,0
2026-07-24T20:38:28Z,133180,1494332,484948,492676,516708,365503,144,49,47,48,114,5016,263.810,2635,4207,3000,0
2026-07-24T20:38:59Z,133211,1495144,485760,492676,516708,502721,144,49,47,48,114,5016,263.810,2829,4511,3000,0
2026-07-24T20:39:30Z,133242,1495148,485764,492676,516708,363457,144,49,47,48,114,5016,263.810,2577,4199,3000,0
2026-07-24T20:40:02Z,133274,1495148,485764,492676,516708,359361,144,49,47,48,114,5016,263.810,2625,4119,3000,0
2026-07-24T20:40:33Z,133305,1495348,485764,492876,516708,496579,144,49,47,48,114,5016,263.810,2661,4247,3000,0
2026-07-24T20:41:04Z,133336,1495348,485764,492876,516708,486339,144,49,47,48,114,5016,263.810,2603,4079,3000,0
2026-07-24T20:41:36Z,133368,1495348,485764,492876,516708,359363,144,49,47,48,114,5016,263.810,2599,4119,3000,0
2026-07-24T20:42:07Z,133399,1495544,485960,492876,516708,373699,144,49,47,48,114,5016,263.810,2777,4223,3000,0
2026-07-24T20:42:38Z,133430,1495544,485960,492876,516708,490436,144,49,47,48,114,5016,263.810,2819,4379,3000,0
2026-07-24T20:43:10Z,133462,1495548,485964,492876,516708,359366,144,49,47,48,114,5016,263.810,2605,4155,3000,0
2026-07-24T20:43:41Z,133493,1495548,485964,492876,516708,367558,144,49,47,48,114,5016,263.810,2781,4471,3000,0
2026-07-24T20:44:13Z,133525,1495548,485964,492876,516708,576455,144,49,47,48,114,5016,263.810,2649,4287,3000,0
2026-07-24T20:44:44Z,133556,1495548,485964,492876,516708,342983,144,49,47,48,114,5016,263.810,2569,3965,3000,0
2026-07-24T20:45:15Z,133587,1495548,485964,492876,516708,353223,144,49,47,48,114,5016,263.810,2655,4199,3000,0
2026-07-24T20:45:47Z,133619,1495552,485968,492876,516708,512968,144,49,47,48,114,5016,263.810,2611,4183,3000,0
2026-07-24T20:46:18Z,133650,1495552,485968,492876,516708,504776,144,49,47,48,114,5016,263.810,2571,4027,3000,0
2026-07-24T20:46:49Z,133681,1495552,485968,492876,516708,351177,144,49,47,48,114,5016,263.810,2691,4291,3000,0
2026-07-24T20:47:21Z,133713,1495556,485972,492876,516708,361417,144,49,47,48,114,5016,263.810,2653,4107,3000,0
2026-07-24T20:47:52Z,133744,1495564,485972,492876,516716,429001,144,49,47,48,114,5016,263.810,2753,4323,3000,0
2026-07-24T20:48:23Z,133775,1495564,485972,492876,516716,353225,144,49,47,48,114,5016,263.810,2927,4395,3000,0
2026-07-24T20:48:55Z,133807,1495564,485972,492876,516716,355273,144,49,47,48,114,5016,263.810,2817,4723,3000,0
2026-07-24T20:49:26Z,133838,1495564,485972,492876,516716,508874,144,49,47,48,114,5016,263.810,2937,4487,3000,0
2026-07-24T20:49:58Z,133870,1495572,485980,492876,516716,353227,144,49,47,48,114,5016,263.810,2955,4559,3000,0
2026-07-24T20:50:29Z,133901,1495576,485984,492876,516716,357323,144,49,47,48,114,5016,263.810,2631,4315,3000,0
2026-07-24T20:51:00Z,133932,1495576,485984,492876,516716,560078,144,49,47,48,114,5016,263.810,2755,4471,3000,0
2026-07-24T20:51:32Z,133964,1495580,485988,492876,516716,498638,144,49,47,48,114,5016,263.810,2571,4227,3000,0
2026-07-24T20:52:03Z,133995,1495580,485988,492876,516716,355278,144,49,47,48,114,5016,263.810,2671,4743,3000,0
2026-07-24T20:52:34Z,134026,1495584,485992,492876,516716,363470,144,49,47,48,114,5016,263.810,2637,4251,3000,0
2026-07-24T20:53:06Z,134058,1495588,485996,492876,516716,490447,144,49,47,48,114,5016,263.810,2575,4203,3000,0
2026-07-24T20:53:37Z,134089,1495676,486084,492876,516716,357355,144,49,47,48,114,5016,263.810,2613,4155,3000,0
2026-07-24T20:54:09Z,134121,1495676,486084,492876,516716,369649,144,49,47,48,114,5016,263.810,2635,4319,3000,0
2026-07-24T20:54:40Z,134152,1495688,486096,492876,516716,488437,144,49,47,48,114,5016,263.810,2761,4595,3000,0
2026-07-24T20:55:11Z,134183,1495688,486096,492876,516716,345078,144,49,47,48,114,5016,263.810,2823,4283,3000,0
2026-07-24T20:55:43Z,134215,1495688,486096,492876,516716,351222,144,49,47,48,114,5016,263.810,2683,4311,3000,0
2026-07-24T20:56:14Z,134246,1495696,486104,492876,516716,486394,144,49,47,48,114,5016,263.810,2681,4875,3000,0
2026-07-24T20:56:45Z,134277,1495696,486104,492876,516716,486394,144,49,47,48,114,5016,263.810,2609,4203,3000,0
2026-07-24T20:57:17Z,134309,1495744,486152,492876,516716,353281,144,49,47,48,114,5016,263.810,2651,4303,3000,0
2026-07-24T20:57:48Z,134340,1495744,486152,492876,516716,361476,144,49,47,48,114,5016,263.810,2687,4295,3000,0
2026-07-24T20:58:20Z,134372,1495744,486152,492876,516716,564228,144,49,47,48,114,5016,263.810,2583,4271,3000,0
2026-07-24T20:58:51Z,134403,1495744,486152,492876,516716,363525,144,49,47,48,114,5016,263.810,2607,4207,3000,0
2026-07-24T20:59:22Z,134434,1495744,486152,492876,516716,365573,144,49,47,48,114,5016,263.810,2775,4251,3000,0
2026-07-24T20:59:54Z,134466,1495748,486156,492876,516716,482309,144,49,47,48,114,5016,263.810,2689,4207,3000,0
2026-07-24T21:00:25Z,134497,1495748,486156,492876,516716,361478,144,49,47,48,114,5016,263.810,2617,4559,3000,0
2026-07-24T21:00:57Z,134528,1495748,486156,492876,516716,359430,144,49,47,48,114,5016,263.810,2733,4719,3000,0
2026-07-24T21:01:28Z,134560,1495864,486272,492876,516716,496664,144,49,47,48,114,5016,263.810,2673,4331,3000,0
2026-07-24T21:01:59Z,134591,1496284,486692,492876,516716,500760,144,49,47,48,114,5016,263.810,2611,4079,3000,0
2026-07-24T21:02:31Z,134623,1496288,486696,492876,516716,347160,144,49,47,48,114,5016,263.810,2769,4339,3000,0
2026-07-24T21:03:02Z,134654,1496304,486712,492876,516716,363549,144,49,47,48,114,5016,263.810,2677,4303,3000,0
2026-07-24T21:03:33Z,134685,1496304,486712,492876,516716,492574,144,49,47,48,114,5016,263.810,2583,4807,3000,0
2026-07-24T21:04:05Z,134717,1496304,486712,492876,516716,353310,144,49,47,48,114,5016,263.810,2603,4411,3000,0
2026-07-24T21:04:36Z,134748,1496304,486712,492876,516716,357410,144,49,47,48,114,5016,263.810,2649,4859,3000,0
2026-07-24T21:05:07Z,134779,1496316,486724,492876,516716,574502,144,49,47,48,114,5016,263.810,2655,4163,3000,0
2026-07-24T21:05:39Z,134811,1497616,488024,492876,516716,363560,144,49,47,48,114,5016,263.810,2613,4223,3000,0
2026-07-24T21:06:10Z,134842,1499596,490004,492876,516716,355368,144,49,47,48,114,5016,263.810,2687,4203,3000,0
2026-07-24T21:06:41Z,134873,1499612,490020,492876,516716,494648,144,49,47,48,114,5016,263.810,2683,4583,3000,0
2026-07-24T21:07:13Z,134905,1499612,490020,492876,516716,488504,144,49,47,48,114,5016,263.810,2563,3979,3000,0
2026-07-24T21:07:44Z,134936,1499612,490020,492876,516716,365624,144,49,47,48,114,5016,263.810,2655,4139,3000,0
2026-07-24T21:08:16Z,134968,1499616,490024,492876,516716,371768,144,49,47,48,114,5016,263.810,2625,4115,3000,0
2026-07-24T21:08:47Z,134999,1499644,490052,492876,516716,504889,144,49,47,48,114,5016,263.810,2655,4527,3000,0
2026-07-24T21:09:18Z,135030,1499668,490076,492876,516716,359481,144,49,47,48,114,5016,263.810,2641,4307,3000,0
2026-07-24T21:09:50Z,135062,1499668,490076,492876,516716,369721,144,49,47,48,114,5016,263.810,2627,4371,3000,0
2026-07-24T21:10:21Z,135093,1499668,490076,492876,516716,498745,144,49,47,48,114,5016,263.810,2781,4247,3000,0
2026-07-24T21:10:52Z,135124,1499668,490076,492876,516716,361529,144,49,47,48,114,5016,263.810,2619,4025,3000,0
2026-07-24T21:11:24Z,135156,1499668,490076,492876,516716,365625,144,49,47,48,114,5016,263.810,2653,4563,3000,0
2026-07-24T21:11:55Z,135187,1499668,490076,492876,516716,504890,144,49,47,48,114,5016,263.810,2743,4379,3000,0
2026-07-24T21:12:26Z,135218,1499668,490076,492876,516716,429114,144,49,47,48,114,5016,263.810,2597,4057,3000,0
2026-07-24T21:12:58Z,135250,1499668,490076,492876,516716,365626,144,49,47,48,114,5016,263.810,2609,4107,3000,0
2026-07-24T21:13:29Z,135281,1499668,490076,492876,516716,373818,144,49,47,48,114,5016,263.810,2631,4267,3000,0
2026-07-24T21:14:01Z,135313,1499668,490076,492876,516716,496698,144,49,47,48,114,5016,263.810,2587,4243,3000,0
2026-07-24T21:14:32Z,135344,1499668,490076,492876,516716,371770,144,49,47,48,114,5016,263.810,2733,4327,3000,0
2026-07-24T21:15:03Z,135375,1499668,490076,492876,516716,367674,144,49,47,48,114,5016,263.810,2649,4059,3000,0
2026-07-24T21:15:35Z,135407,1500692,491100,492876,516716,502843,144,49,47,48,114,5016,263.810,2643,4279,3000,0
2026-07-24T21:16:06Z,135438,1500692,491100,492876,516716,357435,144,49,47,48,114,5016,263.810,2673,4139,3000,0
2026-07-24T21:16:37Z,135469,1500692,491100,492876,516716,363579,144,49,47,48,114,5016,263.810,2617,4767,3000,0
2026-07-24T21:17:09Z,135501,1502368,492776,492876,516716,506940,144,49,47,48,114,5016,263.810,2687,4855,3000,0
2026-07-24T21:17:40Z,135532,1502368,492776,492876,516716,502844,144,49,47,48,114,5016,263.810,2565,4063,3000,0
2026-07-24T21:18:12Z,135564,1504348,492776,494856,516716,365628,144,49,47,48,114,5016,263.810,2701,4143,3000,0
2026-07-24T21:18:43Z,135595,1504348,492776,494856,516716,357436,144,49,47,48,114,5016,263.810,2637,4029,3000,0
2026-07-24T21:19:14Z,135626,1504356,492784,494856,516716,574530,144,49,47,48,114,5016,263.810,2739,4335,3000,0
2026-07-24T21:19:46Z,135658,1504356,492784,494856,516716,361538,144,49,47,48,114,5016,263.810,2801,4351,3000,0
2026-07-24T21:20:17Z,135689,1504356,492784,494856,516716,355394,144,49,47,48,114,5016,263.810,3119,4615,3000,0
2026-07-24T21:20:48Z,135720,1504360,492788,494856,516716,496712,144,49,47,48,114,5016,263.810,2859,4455,3000,0
2026-07-24T21:21:20Z,135752,1504424,492788,494920,516716,367688,144,49,47,48,114,5016,263.810,2713,4923,3000,0
2026-07-24T21:21:51Z,135783,1504424,492788,494920,516716,369736,144,49,47,48,114,5016,263.810,2623,4407,3000,0
2026-07-24T21:22:22Z,135814,1504424,492788,494920,516716,498760,144,49,47,48,114,5016,263.810,2641,4203,3000,0
2026-07-24T21:22:54Z,135846,1504424,492788,494920,516716,490568,144,49,47,48,114,5016,263.810,2571,4085,3000,0
2026-07-24T21:23:25Z,135877,1504424,492788,494920,516716,361544,144,49,47,48,114,5016,263.810,2581,4115,3000,0
2026-07-24T21:23:57Z,135909,1504424,492788,494920,516716,369736,144,49,47,48,114,5016,263.810,2667,4315,3000,0
2026-07-24T21:24:28Z,135940,1504424,492788,494920,516716,504904,144,49,47,48,114,5016,263.810,2749,4259,3000,0
2026-07-24T21:24:59Z,135971,1505000,492788,495496,516716,361544,144,49,47,48,114,5016,263.810,2859,4287,3000,0
2026-07-24T21:25:31Z,136003,1505000,492788,495496,516716,367688,144,49,47,48,114,5016,263.810,3289,4967,3000,0
2026-07-24T21:26:02Z,136034,1505000,492788,495496,516716,566344,144,49,47,48,114,5016,263.810,3023,4947,3000,0
2026-07-24T21:26:34Z,136066,1505004,492792,495496,516716,359498,144,49,47,48,114,5016,263.810,2749,4419,3000,0
2026-07-24T21:27:05Z,136097,1505008,492796,495496,516716,357450,144,49,47,48,114,5016,263.810,2813,4263,3000,0
2026-07-24T21:27:36Z,136128,1505008,492796,495496,516716,496715,144,49,47,48,114,5016,263.810,2703,4607,3000,0
2026-07-24T21:28:08Z,136160,1505008,492796,495496,516716,496715,144,49,47,48,114,5016,263.810,2613,3985,3000,0
2026-07-24T21:28:39Z,136191,1505668,492796,496156,516716,371787,144,49,47,48,114,5016,263.810,2573,4223,3000,0
2026-07-24T21:29:10Z,136222,1505668,492796,496156,516716,357451,144,49,47,48,114,5016,263.810,2673,4171,3000,0
2026-07-24T21:29:42Z,136254,1505668,492796,496156,516716,513099,144,49,47,48,114,5016,263.810,2625,4415,3000,0
2026-07-24T21:30:13Z,136285,1505668,492796,496156,516716,361547,144,49,47,48,114,5016,263.810,2577,4127,3000,0
2026-07-24T21:30:44Z,136316,1505696,492824,496156,516716,371809,144,49,47,48,114,5016,263.810,2741,4247,3000,0
2026-07-24T21:31:16Z,136348,1505696,492824,496156,516716,509032,144,49,47,48,114,5016,263.810,2757,4327,3000,0
2026-07-24T21:31:47Z,136379,1505696,492824,496156,516716,355432,144,49,47,48,114,5016,263.810,2587,4011,3000,0
2026-07-24T21:32:18Z,136410,1505696,492824,496156,516716,357480,144,49,47,48,114,5016,263.810,2717,4223,3000,0
2026-07-24T21:32:50Z,136442,1505696,492824,496156,516716,564329,144,49,47,48,114,5016,263.810,2663,4159,3000,0
2026-07-24T21:33:21Z,136473,1505696,492824,496156,516716,492649,144,49,47,48,114,5016,263.810,2811,4319,3000,0
2026-07-24T21:33:53Z,136505,1505696,492824,496156,516716,353386,144,49,47,48,114,5016,263.810,2875,4543,3000,0
2026-07-24T21:34:24Z,136536,1505700,492828,496156,516716,371818,144,49,47,48,114,5016,263.810,3083,4787,3000,0
2026-07-24T21:34:55Z,136567,1505700,492828,496156,516716,498794,144,49,47,48,114,5016,263.810,2869,5227,3000,0
2026-07-24T21:35:27Z,136599,1505700,492828,496156,516716,353386,144,49,47,48,114,5016,263.810,3093,4731,3000,0
2026-07-24T21:35:58Z,136630,1505700,492828,496156,516716,369770,144,49,47,48,114,5016,263.810,3155,4791,3000,0
2026-07-24T21:36:30Z,136662,1505700,492828,496156,516716,484458,144,49,47,48,114,5016,263.810,3111,4783,3000,0
2026-07-24T21:37:01Z,136693,1505704,492832,496156,516716,363629,144,49,47,48,114,5016,263.810,2931,4771,3000,0
2026-07-24T21:37:32Z,136724,1505704,492832,496156,516716,355437,144,49,47,48,114,5016,263.810,2973,4519,3000,0
2026-07-24T21:38:04Z,136756,1505704,492832,496156,516716,506990,144,49,47,48,114,5016,263.810,3123,4935,3000,0
2026-07-24T21:38:35Z,136787,1505708,492836,496156,516716,496750,144,49,47,48,114,5016,263.810,2853,4739,3000,0
2026-07-24T21:39:07Z,136819,1505708,492836,496156,516716,365680,144,49,47,48,114,5016,263.810,3117,4843,3000,0
2026-07-24T21:39:38Z,136850,1505708,492836,496156,516716,357488,144,49,47,48,114,5016,263.810,3357,5211,3000,0
2026-07-24T21:40:09Z,136881,1505708,492836,496156,516716,570482,144,49,47,48,114,5016,263.810,3489,5531,3000,0
2026-07-24T21:40:41Z,136913,1505720,492848,496156,516716,361593,144,49,47,48,114,5016,263.810,3187,4891,3000,0
2026-07-24T21:41:12Z,136944,1505720,492848,496156,516716,367737,144,49,47,48,114,5016,263.810,3409,5119,3000,0
2026-07-24T21:41:44Z,136976,1505720,492848,496156,516716,494713,144,49,47,48,114,5016,263.810,3311,5163,3000,0
2026-07-24T21:42:15Z,137007,1505720,492848,496156,516716,367737,144,49,47,48,114,5016,263.810,3061,4859,3000,0
2026-07-24T21:42:46Z,137038,1505720,492848,496156,516716,382073,144,49,47,48,114,5016,263.810,3189,4791,3000,0
2026-07-24T21:43:18Z,137070,1505720,492848,496156,516716,513145,144,49,47,48,114,5016,263.810,3357,4939,3000,0
2026-07-24T21:43:49Z,137101,1505720,492848,496156,516716,502905,144,49,47,48,114,5016,263.810,3027,4983,3000,0
2026-07-24T21:44:21Z,137133,1505720,492848,496156,516716,357498,144,49,47,48,114,5016,263.810,2915,4827,3000,0
2026-07-24T21:44:52Z,137164,1505720,492848,496156,516716,365690,144,49,47,48,114,5016,263.810,2973,4527,3000,0
2026-07-24T21:45:23Z,137195,1505724,492852,496156,516716,502909,144,49,47,48,114,5016,263.810,2859,4711,3000,0
2026-07-24T21:45:55Z,137227,1505724,492852,496156,516716,359549,144,49,47,48,114,5016,263.810,3007,4547,3000,0
2026-07-24T21:46:26Z,137258,1505724,492852,496156,516716,361597,144,49,47,48,114,5016,263.810,2867,4599,3000,0
2026-07-24T21:46:58Z,137290,1505724,492852,496156,516716,572541,144,49,47,48,114,5016,263.810,2985,4683,3000,0
2026-07-24T21:47:29Z,137321,1505728,492856,496156,516716,359549,144,49,47,48,114,5016,263.810,3015,4571,3000,0
2026-07-24T21:48:00Z,137352,1505728,492856,496156,516716,359549,144,49,47,48,114,5016,263.810,3011,4711,3000,0
2026-07-24T21:48:32Z,137384,1505728,492856,496156,516716,488574,144,49,47,48,114,5016,263.810,3263,5095,3000,0
2026-07-24T21:49:03Z,137415,1505728,492856,496156,516716,484478,144,49,47,48,114,5016,263.810,2991,4495,3000,0
2026-07-24T21:49:35Z,137447,1505728,492856,496156,516716,373887,144,49,47,48,114,5016,263.810,2957,4583,3000,0
2026-07-24T21:50:06Z,137478,1505792,492856,496220,516716,380031,144,49,47,48,114,5016,263.810,2993,4543,3000,0
2026-07-24T21:50:37Z,137509,1505792,492856,496220,516716,435327,144,49,47,48,114,5016,263.810,2923,4735,3000,0
2026-07-24T21:51:09Z,137541,1505792,492856,496220,516716,359551,144,49,47,48,114,5016,263.810,2953,4479,3000,0
2026-07-24T21:51:40Z,137572,1505792,492856,496220,516716,369791,144,49,47,48,114,5016,263.810,3015,4511,3000,0
2026-07-24T21:52:11Z,137603,1505792,492856,496220,516716,500864,144,49,47,48,114,5016,263.810,3051,4723,3000,0
2026-07-24T21:52:43Z,137635,1505792,492856,496220,516716,359552,144,49,47,48,114,5016,263.810,2919,4843,3000,0
2026-07-24T21:53:14Z,137666,1505792,492856,496220,516716,353408,144,49,47,48,114,5016,263.810,2995,4411,3000,0
2026-07-24T21:53:46Z,137698,1505792,492856,496220,516716,566400,144,49,47,48,114,5016,263.810,3003,4735,3000,0
2026-07-24T21:54:17Z,137729,1505792,492856,496220,516716,492672,144,49,47,48,114,5016,263.810,2919,4495,3000,0
2026-07-24T21:54:48Z,137760,1505800,492864,496220,516716,355459,144,49,47,48,114,5016,263.810,2881,4631,3000,0
2026-07-24T21:55:20Z,137792,1505800,492864,496220,516716,371844,144,49,47,48,114,5016,263.810,3015,4687,3000,0
2026-07-24T21:55:51Z,137823,1505800,492864,496220,516716,492676,144,49,47,48,114,5016,263.810,2939,4923,3000,0
2026-07-24T21:56:23Z,137855,1505800,492864,496220,516716,351364,144,49,47,48,114,5016,263.810,3065,4663,3000,0
2026-07-24T21:56:54Z,137886,1505804,492868,496220,516716,369801,144,49,47,48,114,5016,263.810,3185,4771,3000,0
2026-07-24T21:57:25Z,137917,1505804,492868,496220,516716,433289,144,49,47,48,114,5016,263.810,3075,4787,3000,0
2026-07-24T21:57:57Z,137949,1505804,492868,496220,516716,361609,144,49,47,48,114,5016,263.810,2989,4607,3000,0
2026-07-24T21:58:28Z,137980,1505804,492868,496220,516716,365705,144,49,47,48,114,5016,263.810,3269,4711,3000,0
2026-07-24T21:59:00Z,138012,1505868,492932,496220,516716,541834,144,49,47,48,114,5016,263.810,3145,5143,3000,0
2026-07-24T21:59:31Z,138043,1505868,492932,496220,516716,464010,144,49,47,48,114,5016,263.810,2873,4995,3000,0
2026-07-24T22:00:02Z,138074,1505872,492936,496220,516716,361615,144,49,47,48,114,5016,263.810,2583,4077,3000,0
2026-07-24T22:00:34Z,138106,1505872,492936,496220,516716,371856,144,49,47,48,114,5016,263.810,2739,4243,3000,0
2026-07-24T22:01:05Z,138137,1505884,492948,496220,516716,427161,144,49,47,48,114,5016,263.810,2877,4395,3000,0
2026-07-24T22:01:37Z,138169,1505888,492952,496220,516716,355482,144,49,47,48,114,5016,263.810,2847,4647,3000,0
2026-07-24T22:02:08Z,138200,1505892,492956,496220,516716,369823,144,49,47,48,114,5016,263.810,2853,4451,3000,0
2026-07-24T22:02:39Z,138231,1505896,492960,496220,516716,435359,144,49,47,48,114,5016,263.810,2925,5087,3000,0
2026-07-24T22:03:11Z,138263,1505912,492976,496220,516716,361641,144,49,47,48,114,5016,263.810,2565,4723,3000,0
2026-07-24T22:03:42Z,138294,1505916,492980,496220,516716,365737,144,49,47,48,114,5016,263.810,2607,4791,3000,0
2026-07-24T22:04:13Z,138325,1505952,493016,496220,516716,509128,144,49,47,48,114,5016,263.810,2921,4487,3000,0
2026-07-24T22:04:45Z,138357,1505952,493016,496220,516716,502984,144,49,47,48,114,5016,263.810,2881,4279,3000,0
2026-07-24T22:05:16Z,138388,1506372,493436,496220,516716,357582,144,49,47,48,114,5016,263.810,3053,4735,3000,0
2026-07-24T22:05:48Z,138420,1506372,493436,496220,516716,359630,144,49,47,48,114,5016,263.810,2851,4943,3000,0
2026-07-24T22:06:19Z,138451,1506372,493436,496220,516716,574671,144,49,47,48,114,5016,263.810,2949,4683,3000,0
2026-07-24T22:06:50Z,138482,1506372,493436,496220,516716,367824,144,49,47,48,114,5016,263.810,2709,4211,3000,0
2026-07-24T22:07:22Z,138514,1506372,493436,496220,516716,361680,144,49,47,48,114,5016,263.810,2777,4247,3000,0
2026-07-24T22:07:53Z,138545,1506372,493436,496220,516716,498896,144,49,47,48,114,5016,263.810,2941,5143,3000,0
2026-07-24T22:08:25Z,138577,1506376,493440,496220,516716,373972,144,49,47,48,114,5016,263.810,3329,5075,3000,0
2026-07-24T22:08:56Z,138608,1506380,493444,496220,516716,378068,144,49,47,48,114,5016,263.810,3447,5171,3000,0
2026-07-24T22:09:27Z,138639,1506380,493444,496220,516716,513237,144,49,47,48,114,5016,263.810,3321,5231,3000,0
2026-07-24T22:09:59Z,138671,1506384,493448,496220,516716,500949,144,49,47,48,114,5016,263.810,3141,5039,3000,0
2026-07-24T22:10:30Z,138702,1508428,493448,498264,516716,353495,144,49,47,48,114,5016,263.810,3257,5067,3000,0
2026-07-24T22:11:02Z,138734,1508432,493452,498264,516716,359640,144,49,47,48,114,5016,263.810,3523,5195,3000,0
2026-07-24T22:11:33Z,138765,1508448,493468,498264,516716,498911,144,49,47,48,114,5016,263.810,3251,5271,3000,0
2026-07-24T22:12:05Z,138797,1508480,493500,498264,516716,355593,144,49,47,48,114,5016,263.810,3257,5063,3000,0
2026-07-24T22:12:36Z,138828,1508484,493504,498264,516716,353549,144,49,47,48,114,5016,263.810,3475,5071,3000,0
2026-07-24T22:13:07Z,138859,1508484,493504,498264,516716,564493,144,49,47,48,114,5016,263.810,3349,5179,3000,0
2026-07-24T22:13:39Z,138891,1508488,493504,498268,516716,361742,144,49,47,48,114,5016,263.810,3217,5107,3000,0
2026-07-24T22:14:10Z,138922,1508488,493504,498268,516716,361742,144,49,47,48,114,5016,263.810,3135,4815,3000,0
2026-07-24T22:14:42Z,138954,1508488,493504,498268,516716,501006,144,49,47,48,114,5016,263.810,3375,5163,3000,0
2026-07-24T22:15:13Z,138985,1508488,493504,498268,516716,494862,144,49,47,48,114,5016,263.810,3259,4975,3000,0
2026-07-24T22:15:44Z,139016,1508488,493504,498268,516716,361744,144,49,47,48,114,5016,263.810,3341,5107,3000,0
2026-07-24T22:16:16Z,139048,1508492,493508,498268,516716,357648,144,49,47,48,114,5016,263.810,3469,5279,3000,0
2026-07-24T22:16:47Z,139079,1508492,493508,498268,516716,490768,144,49,47,48,114,5016,263.810,3141,5267,3000,0
2026-07-24T22:17:19Z,139111,1508492,493508,498268,516716,355600,144,49,47,48,114,5016,263.810,3197,4843,3000,0
2026-07-24T22:17:50Z,139142,1508492,493508,498268,516716,369936,144,49,47,48,114,5016,263.810,3167,4675,3000,0
2026-07-24T22:18:22Z,139174,1508492,493508,498268,516716,501008,144,49,47,48,114,5016,263.810,2659,4139,3000,0
2026-07-24T22:18:53Z,139205,1508492,493508,498268,516716,353552,144,49,47,48,114,5016,263.810,2639,4053,3000,0
2026-07-24T22:19:24Z,139236,1508492,493508,498268,516716,363792,144,49,47,48,114,5016,263.810,2707,4183,3000,0
2026-07-24T22:19:56Z,139268,1508492,493508,498268,516716,572688,144,49,47,48,114,5016,263.810,2745,4303,3000,0
2026-07-24T22:20:27Z,139299,1508492,493508,498268,516716,505104,144,49,47,48,114,5016,263.810,2771,4163,3000,0
2026-07-24T22:20:58Z,139330,1508492,493508,498268,516716,353553,144,49,47,48,114,5016,263.810,2773,4663,3000,0
2026-07-24T22:21:30Z,139362,1508492,493508,498268,516716,365841,144,49,47,48,114,5016,263.810,3023,4703,3000,0
2026-07-24T22:22:01Z,139393,1508496,493512,498268,516716,486673,144,49,47,48,114,5016,263.810,2975,4983,3000,0
2026-07-24T22:22:33Z,139425,1508496,493512,498268,516716,349457,144,49,47,48,114,5016,263.810,2679,4735,3000,0
2026-07-24T22:23:04Z,139456,1508496,493512,498268,516716,355601,144,49,47,48,114,5016,263.810,2639,4159,3000,0
2026-07-24T22:23:35Z,139487,1508496,493512,498268,516716,423185,144,49,47,48,114,5016,263.810,2639,4387,3000,0
2026-07-24T22:24:07Z,139519,1508496,493512,498268,516716,355601,144,49,47,48,114,5016,263.810,2583,4033,3000,0
2026-07-24T22:24:38Z,139550,1508500,493516,498268,516716,367889,144,49,47,48,114,5016,263.810,2601,4295,3000,0
2026-07-24T22:25:09Z,139581,1508500,493516,498268,516716,507157,144,49,47,48,114,5016,263.810,2713,4355,3000,0
2026-07-24T22:25:41Z,139613,1508500,493516,498268,516716,494869,144,49,47,48,114,5016,263.810,2711,4675,3000,0
2026-07-24T22:26:12Z,139644,1508500,493516,498268,516716,349461,144,49,47,48,114,5016,263.810,2909,4587,3000,0
2026-07-24T22:26:44Z,139676,1508500,493516,498268,516716,351509,144,49,47,48,114,5016,263.810,2965,4575,3000,0
2026-07-24T22:27:15Z,139707,1508504,493520,498268,516716,574742,144,49,47,48,114,5016,263.810,2943,4611,3000,0
2026-07-24T22:27:46Z,139738,1508504,493520,498268,516716,357654,144,49,47,48,114,5016,263.810,2743,4411,3000,0
2026-07-24T22:28:18Z,139770,1508504,493520,498268,516716,357654,144,49,47,48,114,5016,263.810,2989,4447,3000,0
2026-07-24T22:28:49Z,139801,1508504,493520,498268,516716,496918,144,49,47,48,114,5016,263.810,3469,5291,3000,0
2026-07-24T22:29:21Z,139833,1508504,493520,498268,516716,355606,144,49,47,48,114,5016,263.810,3365,4959,3000,0
2026-07-24T22:29:52Z,139864,1508504,493520,498268,516716,345366,144,49,47,48,114,5016,263.810,3347,4923,3000,0
2026-07-24T22:30:23Z,139895,1508504,493520,498268,516716,513302,144,49,47,48,114,5016,263.810,3313,5215,3000,0
2026-07-24T22:30:55Z,139927,1508508,493524,498268,516716,505110,144,49,47,48,114,5016,263.810,3119,5339,3000,0
2026-07-24T22:31:26Z,139958,1508508,493524,498268,516716,357654,144,49,47,48,114,5016,263.810,3219,4927,3000,0
2026-07-24T22:31:58Z,139990,1508508,493524,498268,516716,369942,144,49,47,48,114,5016,263.810,3105,4959,3000,0
2026-07-24T22:32:29Z,140021,1508508,493524,498268,516716,509206,144,49,47,48,114,5016,263.810,3251,4983,3000,0
2026-07-24T22:33:01Z,140053,1508508,493524,498268,516716,363798,144,49,47,48,114,5016,263.810,3121,5195,3000,0
2026-07-24T22:33:32Z,140084,1508508,493524,498268,516716,374038,144,49,47,48,114,5016,263.810,3067,5051,3000,0
2026-07-24T22:34:03Z,140115,1508508,493524,498268,516716,492822,144,49,47,48,114,5016,263.810,3061,4783,3000,0
2026-07-24T22:34:35Z,140147,1508508,493524,498268,516716,365846,144,49,47,48,114,5016,263.810,2933,4599,3000,0
2026-07-24T22:35:06Z,140178,1508508,493524,498268,516716,367894,144,49,47,48,114,5016,263.810,2925,4475,3000,0
2026-07-24T22:35:38Z,140210,1508508,493524,498268,516716,511254,144,49,47,48,114,5016,263.810,3117,5099,3000,0
2026-07-24T22:36:09Z,140241,1508512,493528,498268,516716,503062,144,49,47,48,114,5016,263.810,2845,4959,3000,0
2026-07-24T22:36:40Z,140272,1508512,493528,498268,516716,361750,144,49,47,48,114,5016,263.810,2569,4803,3000,0
2026-07-24T22:37:12Z,140304,1508512,493528,498268,516716,365846,144,49,47,48,114,5016,263.810,2613,4231,3000,0
2026-07-24T22:37:43Z,140335,1508516,493532,498268,516716,425241,144,49,47,48,114,5016,263.810,2589,4511,3000,0
2026-07-24T22:38:15Z,140367,1508516,493532,498268,516716,357660,144,49,47,48,114,5016,263.810,2747,4339,3000,0
2026-07-24T22:38:46Z,140398,1508516,493532,498268,516716,367900,144,49,47,48,114,5016,263.810,3131,4851,3000,0
2026-07-24T22:39:17Z,140429,1508584,493600,498268,516716,488732,144,49,47,48,114,5016,263.810,2863,4847,3000,0
2026-07-24T22:39:49Z,140461,1508584,493600,498268,516716,351516,144,49,47,48,114,5016,263.810,2863,5195,3000,0
2026-07-24T22:40:20Z,140492,1508584,493600,498268,516716,355612,144,49,47,48,114,5016,263.810,2701,4251,3000,0
2026-07-24T22:40:51Z,140523,1508584,493600,498268,516716,490780,143,48,47,48,114,5016,263.810,2901,4471,3000,0
2026-07-24T22:41:23Z,140555,1508600,493616,498268,516716,415004,144,49,47,48,114,5016,263.810,2955,4671,3000,0
2026-07-24T22:41:54Z,140586,1508616,493632,498268,516716,347420,144,49,47,48,114,5016,263.810,2931,4639,3000,0
2026-07-24T22:42:26Z,140618,1508620,493636,498268,516716,361757,144,49,47,48,114,5016,263.810,2841,4819,3000,0
2026-07-24T22:42:57Z,140649,1508620,493636,498268,516716,492829,144,49,47,48,114,5016,263.810,3149,4955,3000,0
2026-07-24T22:43:28Z,140680,1513548,498564,498268,516716,359709,144,49,47,48,114,5016,263.810,3025,4859,3000,0
2026-07-24T22:44:00Z,140712,1513548,498564,498268,516716,365853,144,49,47,48,114,5016,263.810,2653,4223,3000,0
2026-07-24T22:44:31Z,140743,1514360,499376,498268,516716,501021,144,49,47,48,114,5016,263.810,3055,4671,3000,0
2026-07-24T22:45:03Z,140775,1514360,499376,498268,516716,355613,144,49,47,48,114,5016,263.810,2879,4619,3000,0
2026-07-24T22:45:34Z,140806,1514360,499376,498268,516716,353565,144,49,47,48,114,5016,263.810,2803,4475,3000,0
2026-07-24T22:46:05Z,140837,1514360,499376,498268,516716,437533,144,49,47,48,114,5016,263.810,2945,4771,3000,0
2026-07-24T22:46:37Z,140869,1514364,499380,498268,516716,509215,144,49,47,48,114,5016,263.810,2795,4907,3000,0
2026-07-24T22:47:08Z,140900,1514364,499380,498268,516716,345375,144,49,47,48,114,5016,263.810,2821,4431,3000,0
2026-07-24T22:47:40Z,140932,1514364,499380,498268,516716,363807,144,49,47,48,114,5016,263.810,3055,5327,3000,0
2026-07-24T22:48:11Z,140963,1514364,499380,498268,516716,572703,144,49,47,48,114,5016,263.810,2983,4743,3000,0
2026-07-24T22:48:42Z,140994,1514364,499380,498268,516716,351519,144,49,47,48,114,5016,263.810,2995,4491,3000,0
2026-07-24T22:49:14Z,141026,1514364,499380,498268,516716,357663,144,49,47,48,114,5016,263.810,2977,4719,3000,0
2026-07-24T22:49:45Z,141057,1514364,499380,498268,516716,501025,144,49,47,48,114,5016,263.810,3149,4843,3000,0
2026-07-24T22:50:17Z,141089,1516828,501844,498268,516716,351521,144,49,47,48,114,5016,263.810,3151,4563,3000,0
2026-07-24T22:50:48Z,141120,1516828,501844,498268,516716,353569,144,49,47,48,114,5016,263.810,3303,4735,3000,0
2026-07-24T22:51:19Z,141151,1516828,501844,498268,516716,429346,144,49,47,48,114,5016,263.810,3113,4871,3000,0
2026-07-24T22:51:51Z,141183,1516832,501848,498268,516716,505122,144,49,47,48,114,5016,263.810,3147,4587,3000,0
2026-07-24T22:52:22Z,141214,1516832,501848,498268,516716,355618,144,49,47,48,114,5016,263.810,2885,4819,3000,0
2026-07-24T22:52:54Z,141246,1516832,501848,498268,516716,365858,144,49,47,48,114,5016,263.810,2897,4779,3000,0
2026-07-24T22:53:25Z,141277,1516832,501848,498268,516716,425250,144,49,47,48,114,5016,263.810,2713,4395,3000,0
2026-07-24T22:53:56Z,141308,1516832,501848,498268,516716,361762,144,49,47,48,114,5016,263.810,2691,4287,3000,0
2026-07-24T22:54:28Z,141340,1516832,501848,498268,516716,365858,144,49,47,48,114,5016,263.810,2747,4299,3000,0
2026-07-24T22:54:59Z,141371,1516836,501852,498268,516716,419107,144,49,47,48,114,5016,263.810,2731,4359,3000,0
2026-07-24T22:55:31Z,141403,1516836,501852,498268,516716,374051,144,49,47,48,114,5016,263.810,2689,4235,3000,0
2026-07-24T22:56:02Z,141434,1516836,501852,498268,516716,386339,144,49,47,48,114,5016,263.810,2673,4227,3000,0
2026-07-24T22:56:33Z,141465,1516836,501852,498268,516716,429350,144,49,47,48,114,5016,263.810,2673,4251,3000,0
2026-07-24T22:57:05Z,141497,1516836,501852,498268,516716,486694,144,49,47,48,114,5016,263.810,2585,4083,3000,0
2026-07-24T22:57:36Z,141528,1516836,501852,498268,516716,355622,144,49,47,48,114,5016,263.810,2691,4311,3000,0
2026-07-24T22:58:07Z,141559,1516836,501852,498268,516716,357670,144,49,47,48,114,5016,263.810,2663,4163,3000,0
2026-07-24T22:58:39Z,141591,1516836,501852,498268,516716,494886,144,49,47,48,114,5016,263.810,2729,4323,3000,0
2026-07-24T22:59:10Z,141622,1516836,501852,498268,516716,355622,144,49,47,48,114,5016,263.810,2885,4907,3000,0
2026-07-24T22:59:41Z,141653,1516836,501852,498268,516716,367910,144,49,47,48,114,5016,263.810,3103,4815,3000,0
2026-07-24T23:00:13Z,141685,1516836,501852,498268,516716,421158,144,49,47,48,114,5016,263.810,2989,4783,3000,0
2026-07-24T23:00:44Z,141716,1516836,501852,498268,516716,374054,144,49,47,48,114,5016,263.810,2841,4483,3000,0
2026-07-24T23:01:16Z,141748,1516836,501852,498268,516716,372006,144,49,47,48,114,5016,263.810,2919,4483,3000,0
2026-07-24T23:01:47Z,141779,1517648,501852,499080,516716,501031,144,49,47,48,114,5016,263.810,3213,4919,3000,0
2026-07-24T23:02:18Z,141810,1517648,501852,499080,516716,490791,144,49,47,48,114,5016,263.810,3103,4459,3000,0
2026-07-24T23:02:50Z,141842,1517648,501852,499080,516716,355623,144,49,47,48,114,5016,263.810,3087,4755,3000,0
2026-07-24T23:03:21Z,141873,1517648,501852,499080,516716,372007,144,49,47,48,114,5016,263.810,3103,4643,3000,0
2026-07-24T23:03:53Z,141905,1517648,501852,499080,516716,501031,144,49,47,48,114,5016,263.810,2745,4579,3000,0
2026-07-24T23:04:24Z,141936,1517648,501852,499080,516716,367911,144,49,47,48,114,5016,263.810,2873,4455,3000,0
2026-07-24T23:04:55Z,141967,1517652,501856,499080,516716,365863,144,49,47,48,114,5016,263.810,2885,4627,3000,0
2026-07-24T23:05:27Z,141999,1517652,501856,499080,516716,437543,144,49,47,48,114,5016,263.810,2781,4295,3000,0
2026-07-24T23:05:58Z,142030,1517652,501856,499080,516716,365863,144,49,47,48,114,5016,263.810,2647,4083,3000,0
2026-07-24T23:06:29Z,142061,1517652,501856,499080,516716,367911,144,49,47,48,114,5016,263.810,2623,4053,3000,0
2026-07-24T23:07:01Z,142093,1517652,501856,499080,516716,419111,144,49,47,48,114,5016,263.810,2675,4295,3000,0
2026-07-24T23:07:32Z,142124,1517652,501856,499080,516716,488745,144,49,47,48,114,5016,263.810,2555,4007,3000,0
2026-07-24T23:08:03Z,142155,1517664,501868,499080,516716,347436,144,49,47,48,114,5016,263.810,2591,4083,3000,0
2026-07-24T23:08:35Z,142187,1517664,501868,499080,516716,361772,144,49,47,48,114,5016,263.810,2819,4271,3000,0
2026-07-24T23:09:06Z,142218,1517676,501880,499080,516716,564526,144,49,47,48,114,5016,263.810,2583,4219,3000,0
2026-07-24T23:09:38Z,142250,1517676,501880,499080,516716,359726,144,49,47,48,114,5016,263.810,2749,4207,3000,0
2026-07-24T23:10:09Z,142281,1517756,501960,499080,516716,361791,144,49,47,48,114,5016,263.810,2627,4415,3000,0
2026-07-24T23:10:40Z,142312,1517776,501980,499080,516716,415045,144,49,47,48,114,5016,263.810,2631,4283,3000,0
2026-07-24T23:11:12Z,142344,1517868,502072,499080,516716,355672,144,49,47,48,114,5016,263.810,2705,4247,3000,0
2026-07-24T23:11:43Z,142375,1517868,502072,499080,516716,353624,144,49,47,48,114,5016,263.810,2887,4663,3000,0
2026-07-24T23:12:14Z,142406,1517868,502072,499080,516716,437595,144,49,47,48,114,5016,263.810,2839,4639,3000,0
2026-07-24T23:12:46Z,142438,1517872,502076,499080,516716,503131,144,49,47,48,114,5016,263.810,2829,4255,3000,0
2026-07-24T23:13:17Z,142469,1517872,502076,499080,516716,359771,144,49,47,48,114,5016,263.810,2787,4671,3000,0
2026-07-24T23:13:49Z,142501,1517872,502076,499080,516716,353627,144,49,47,48,114,5016,263.810,2825,4323,3000,0
2026-07-24T23:14:20Z,142532,1517872,502076,499080,516716,351579,144,49,47,48,114,5016,263.810,2725,4315,3000,0
2026-07-24T23:14:51Z,142563,1517872,502076,499080,516716,361819,144,49,47,48,114,5016,263.810,2711,4279,3000,0
2026-07-24T23:15:23Z,142595,1517908,502112,499080,516716,372065,144,49,47,48,114,5016,263.810,2635,4655,3000,0
2026-07-24T23:15:54Z,142626,1517908,502112,499080,516716,570721,144,49,47,48,114,5016,263.810,2743,4403,3000,0
2026-07-24T23:16:25Z,142657,1520376,502116,501544,516716,365922,144,49,47,48,114,5016,263.810,2677,4343,3000,0
2026-07-24T23:16:57Z,142689,1520376,502116,501544,516716,378210,144,49,47,48,114,5016,263.810,2893,4311,3000,0
2026-07-24T23:17:28Z,142720,1520384,502124,501544,516716,359778,144,49,47,48,114,5016,263.810,2699,4567,3000,0
2026-07-24T23:17:59Z,142751,1520400,502140,501544,516716,431461,144,49,47,48,114,5016,263.810,2821,4295,3000,0
2026-07-24T23:18:31Z,142783,1520448,502188,501544,516716,372074,144,49,47,48,114,5016,263.810,3053,4567,3000,0
2026-07-24T23:19:02Z,142814,1520468,502208,501544,516716,376172,144,49,47,48,114,5016,263.810,2949,4443,3000,0
2026-07-24T23:19:34Z,142846,1520496,502236,501544,516716,494959,144,49,47,48,114,5016,263.810,2787,4655,3000,0
2026-07-24T23:20:05Z,142877,1520500,502240,501544,516716,367983,144,49,47,48,114,5016,263.810,2911,4547,3000,0
2026-07-24T23:20:36Z,142908,1520500,502240,501544,516716,367983,144,49,47,48,114,5016,263.810,2923,4447,3000,0
2026-07-24T23:21:08Z,142940,1520504,502244,501544,516716,511343,144,49,47,48,114,5016,263.810,2937,4535,3000,0
2026-07-24T23:21:39Z,142971,1520504,502244,501544,516716,351599,144,49,47,48,114,5016,263.810,3033,4423,3000,0
2026-07-24T23:22:11Z,143003,1520504,502244,501544,516716,359791,144,49,47,48,114,5016,263.810,2875,4315,3000,0
2026-07-24T23:22:42Z,143034,1520532,502272,501544,516716,431471,144,49,47,48,114,5016,263.810,2991,4639,3000,0
2026-07-24T23:23:13Z,143065,1520532,502272,501544,516716,486767,144,49,47,48,114,5016,263.810,2791,4387,3000,0
2026-07-24T23:23:45Z,143097,1520532,502272,501544,516716,367983,144,49,47,48,114,5016,263.810,2859,4479,3000,0
2026-07-24T23:24:16Z,143128,1520532,502272,501544,516716,365935,144,49,47,48,114,5016,263.810,3067,4667,3000,0
2026-07-24T23:24:48Z,143160,1520532,502272,501544,516716,494959,144,49,47,48,114,5016,263.810,2795,4599,3000,0
2026-07-24T23:25:19Z,143191,1520536,502276,501544,516716,365936,144,49,47,48,114,5016,263.810,2993,4507,3000,0
2026-07-24T23:25:50Z,143222,1520536,502276,501544,516716,359792,144,49,47,48,114,5016,263.810,2921,4555,3000,0
2026-07-24T23:26:22Z,143254,1520536,502276,501544,516716,497008,144,49,47,48,114,5016,263.810,2965,4523,3000,0
2026-07-24T23:26:53Z,143285,1520536,502276,501544,516716,351600,144,49,47,48,114,5016,263.810,2963,4743,3000,0
2026-07-24T23:27:25Z,143317,1520536,502276,501544,516716,355696,144,49,47,48,114,5016,263.810,3051,4731,3000,0
2026-07-24T23:27:56Z,143348,1520536,502276,501544,516716,361840,144,49,47,48,114,5016,263.810,3071,4643,3000,0
2026-07-24T23:28:27Z,143379,1520540,502280,501544,516716,490864,144,49,47,48,114,5016,263.810,2945,4559,3000,0
2026-07-24T23:28:59Z,143411,1520540,502280,501544,516716,353648,144,49,47,48,114,5016,263.810,3063,4767,3000,0
2026-07-24T23:29:30Z,143442,1520540,502280,501544,516716,359792,144,49,47,48,114,5016,263.810,3087,4767,3000,0
2026-07-24T23:30:02Z,143474,1520540,502280,501544,516716,566640,144,49,47,48,114,5016,263.810,2965,4783,3000,0
2026-07-24T23:30:33Z,143505,1520540,502280,501544,516716,357744,144,49,47,48,114,5016,263.810,3137,4799,3000,0
2026-07-24T23:31:04Z,143536,1520540,502280,501544,516716,343408,144,49,47,48,114,5016,263.810,3085,4827,3000,0
2026-07-24T23:31:36Z,143568,1520540,502280,501544,516716,415088,144,49,47,48,114,5016,263.810,3089,4807,3000,0
2026-07-24T23:32:07Z,143599,1520540,502280,501544,516716,359792,144,49,47,48,114,5016,263.810,2879,4651,3000,0
2026-07-24T23:32:39Z,143631,1520544,502284,501544,516716,359792,144,49,47,48,114,5016,263.810,3019,4447,3000,0
2026-07-24T23:33:10Z,143662,1520544,502284,501544,516716,363888,144,49,47,48,114,5016,263.810,3049,4787,3000,0
2026-07-24T23:33:41Z,143693,1520548,502288,501544,516716,490864,144,49,47,48,114,5016,263.810,2901,5299,3000,0
2026-07-24T23:34:13Z,143725,1520560,502300,501544,516716,361845,144,49,47,48,114,5016,263.810,3195,4759,3000,0
2026-07-24T23:34:44Z,143756,1520560,502300,501544,516716,363893,144,49,47,48,114,5016,263.810,2981,4623,3000,0
2026-07-24T23:35:16Z,143788,1520568,502308,501544,516716,499061,144,49,47,48,114,5016,263.810,2783,4843,3000,0
2026-07-24T23:35:47Z,143819,1520568,502308,501544,516716,355701,144,49,47,48,114,5016,263.810,2593,4131,3000,0
2026-07-24T23:36:18Z,143850,1520568,502308,501544,516716,361845,144,49,47,48,114,5016,263.810,2645,4223,3000,0
2026-07-24T23:36:50Z,143882,1520568,502308,501544,516716,562549,144,49,47,48,114,5016,263.810,2635,4267,3000,0
2026-07-24T23:37:21Z,143913,1520568,502308,501544,516716,357749,144,49,47,48,114,5016,263.810,2601,3969,3000,0
2026-07-24T23:37:52Z,143944,1520568,502308,501544,516716,361845,144,49,47,48,114,5016,263.810,2647,4103,3000,0
2026-07-24T23:38:24Z,143976,1520568,502308,501544,516716,367989,143,49,47,47,114,5016,263.810,2653,4779,3000,0
2026-07-24T23:38:55Z,144007,1520568,502308,501544,516716,494965,144,49,47,48,114,5016,263.810,2577,4135,3000,0
2026-07-24T23:39:26Z,144038,1520568,502308,501544,516716,351605,144,49,47,48,114,5016,263.810,2743,4355,3000,0
2026-07-24T23:39:58Z,144070,1520568,502308,501544,516716,355701,144,49,47,48,114,5016,263.810,2631,4739,3000,0
2026-07-24T23:40:29Z,144101,1520568,502308,501544,516716,501110,144,49,47,48,114,5016,263.810,2587,4343,3000,0
2026-07-24T23:41:01Z,144133,1520568,502308,501544,516716,367990,144,49,47,48,114,5016,263.810,2923,4395,3000,0
2026-07-24T23:41:32Z,144164,1520568,502308,501544,516716,370038,144,49,47,48,114,5016,263.810,2805,4827,3000,0
2026-07-24T23:42:03Z,144195,1520568,502308,501544,516716,499062,144,49,47,48,114,5016,263.810,3119,4711,3000,0
2026-07-24T23:42:35Z,144227,1520808,502548,501544,516716,355702,144,49,47,48,114,5016,263.810,2749,4371,3000,0
2026-07-24T23:43:06Z,144258,1520808,502548,501544,516716,357750,144,49,47,48,114,5016,263.810,2779,5003,3000,0
2026-07-24T23:43:37Z,144289,1520808,502548,501544,516716,361846,144,49,47,48,114,5016,263.810,2685,4411,3000,0
2026-07-24T23:44:09Z,144321,1520808,502548,501544,516716,423286,144,49,47,48,114,5016,263.810,2575,4089,3000,0
2026-07-24T23:44:40Z,144352,1520824,502564,501544,516716,357754,144,49,47,48,114,5016,263.810,2749,4251,3000,0
2026-07-24T23:45:12Z,144384,1520824,502564,501544,516716,370042,144,49,47,48,114,5016,263.810,2669,4119,3000,0
2026-07-24T23:45:43Z,144415,1520824,502564,501544,516716,488826,144,49,47,48,114,5016,263.810,2895,4435,3000,0
2026-07-24T23:46:14Z,144446,1520824,502564,501544,516716,357754,144,49,47,48,114,5016,263.810,2681,4491,3000,0
2026-07-24T23:46:46Z,144478,1520824,502564,501544,516716,374138,144,49,47,48,114,5016,263.810,2637,4271,3000,0
2026-07-24T23:47:17Z,144509,1520836,502576,501544,516716,490878,144,49,47,48,114,5016,263.810,2783,4367,3000,0
2026-07-24T23:47:48Z,144540,1520836,502576,501544,516716,361854,144,49,47,48,114,5016,263.810,3177,4619,3000,0
2026-07-24T23:48:20Z,144572,1520836,502576,501544,516716,370046,144,49,47,48,114,5016,263.810,3253,4735,3000,0
2026-07-24T23:48:51Z,144603,1520836,502576,501544,516716,370046,144,49,47,48,114,5016,263.810,3083,4771,3000,0
2026-07-24T23:49:23Z,144635,1520836,502576,501544,516716,492926,144,49,47,48,114,5016,263.810,2679,4363,3000,0
2026-07-24T23:49:54Z,144666,1520836,502576,501544,516716,357758,144,49,47,48,114,5016,263.810,2995,4763,3000,0
2026-07-24T23:50:25Z,144697,1520836,502576,501544,516716,355710,144,49,47,48,114,5016,263.810,2681,4867,3000,0
2026-07-24T23:50:57Z,144729,1520836,502576,501544,516716,568702,144,49,47,48,114,5016,263.810,2539,4171,3000,0
2026-07-24T23:51:28Z,144760,1520836,502576,501544,516716,351614,144,49,47,48,114,5016,263.810,2585,4587,3000,0
2026-07-24T23:51:59Z,144791,1520836,502576,501544,516716,359806,144,49,47,48,114,5016,263.810,2687,4147,3000,0
2026-07-24T23:52:31Z,144823,1520836,502576,501544,516716,427390,144,49,47,48,114,5016,263.810,2657,4247,3000,0
2026-07-24T23:53:02Z,144854,1520840,502580,501544,516716,355710,144,49,47,48,114,5016,263.810,2683,4267,3000,0
2026-07-24T23:53:34Z,144886,1520840,502580,501544,516716,359806,144,49,47,48,114,5016,263.810,2593,4319,3000,0
2026-07-24T23:54:05Z,144917,1520840,502580,501544,516716,365950,144,49,47,48,114,5016,263.810,2637,4383,3000,0
2026-07-24T23:54:36Z,144948,1520840,502580,501544,516716,499070,144,49,47,48,114,5016,263.810,2569,4003,3000,0
2026-07-24T23:55:08Z,144980,1520840,502580,501544,516716,374142,144,49,47,48,114,5016,263.810,2637,4059,3000,0
2026-07-24T23:55:39Z,145011,1520840,502580,501544,516716,363902,144,49,47,48,114,5016,263.810,2633,4227,3000,0
2026-07-24T23:56:10Z,145042,1520840,502580,501544,516716,492926,144,49,47,48,114,5016,263.810,2739,4451,3000,0
2026-07-24T23:56:42Z,145074,1520840,502580,501544,516716,363902,144,49,47,48,114,5016,263.810,2873,4511,3000,0
2026-07-24T23:57:13Z,145105,1520840,502580,501544,516716,372094,144,49,47,48,114,5016,263.810,2913,4367,3000,0
2026-07-24T23:57:45Z,145137,1520852,502592,501544,516716,558462,144,49,47,48,114,5016,263.810,3171,5211,3000,0
2026-07-24T23:58:16Z,145168,1520852,502592,501544,516716,343422,144,49,47,48,114,5016,263.810,2951,5147,3000,0
2026-07-24T23:58:47Z,145199,1520856,502596,501544,516716,345470,144,49,47,48,114,5016,263.810,3159,5055,3000,0
2026-07-24T23:59:19Z,145231,1520856,502596,501544,516716,361854,144,49,47,48,114,5016,263.810,3001,4747,3000,0
2026-07-24T23:59:50Z,145262,1520856,502596,501544,516716,490878,144,49,47,48,114,5016,263.810,2765,4583,3000,0
2026-07-25T00:00:22Z,145294,1520856,502596,501544,516716,359806,144,49,47,48,114,5016,263.810,2911,4703,3000,0
2026-07-25T00:00:53Z,145325,1520856,502596,501544,516716,361854,144,49,47,48,114,5016,263.810,3137,4767,3000,0
2026-07-25T00:01:24Z,145356,1520856,502596,501544,516716,492926,144,49,47,48,114,5016,263.810,2553,4875,3000,0
2026-07-25T00:01:56Z,145388,1520856,502596,501544,516716,363902,144,49,47,48,114,5016,263.810,2603,4103,3000,0
2026-07-25T00:02:27Z,145419,1520856,502596,501544,516716,372094,144,49,47,48,114,5016,263.810,2807,4311,3000,0
2026-07-25T00:02:58Z,145450,1520856,502596,501544,516716,507262,144,49,47,48,114,5016,263.810,3051,4875,3000,0
2026-07-25T00:03:30Z,145482,1520856,502596,501544,516716,347518,144,49,47,48,114,5016,263.810,2703,4339,3000,0
2026-07-25T00:04:01Z,145513,1520856,502596,501544,516716,355710,144,49,47,48,114,5016,263.810,3221,4923,3000,0
2026-07-25T00:04:33Z,145545,1520856,502596,501544,516716,372094,144,49,47,48,114,5016,263.810,2671,4511,3000,0
2026-07-25T00:05:04Z,145576,1520856,502596,501544,516716,488830,144,49,47,48,114,5016,263.810,2669,4415,3000,0
2026-07-25T00:05:35Z,145607,1520856,502596,501544,516716,359806,144,49,47,48,114,5016,263.810,2723,4263,3000,0
2026-07-25T00:06:07Z,145639,1520856,502596,501544,516716,365950,144,49,47,48,114,5016,263.810,2759,4279,3000,0
2026-07-25T00:06:38Z,145670,1520856,502596,501544,516716,501118,144,49,47,48,114,5016,263.810,2685,4283,3000,0
2026-07-25T00:07:09Z,145701,1520856,502596,501544,516716,353662,144,49,47,48,114,5016,263.810,2691,4175,3000,0
2026-07-25T00:07:41Z,145733,1520856,502596,501544,516716,370046,144,49,47,48,114,5016,263.810,2987,4615,3000,0
2026-07-25T00:08:12Z,145764,1520856,502596,501544,516716,503166,144,49,47,48,114,5016,263.810,2863,4647,3000,0
2026-07-25T00:08:44Z,145795,1520856,502596,501544,516716,351614,144,49,47,48,114,5016,263.810,2701,4199,3000,0
2026-07-25T00:09:15Z,145827,1520856,502596,501544,516716,359806,144,49,47,48,114,5016,263.810,2753,4419,3000,0
2026-07-25T00:09:46Z,145858,1520860,502600,501544,516716,365950,144,49,47,48,114,5016,263.810,2665,4643,3000,0
2026-07-25T00:10:18Z,145890,1520860,502600,501544,516716,482686,144,49,47,48,114,5016,263.810,2583,4143,3000,0
2026-07-25T00:10:49Z,145921,1520860,502600,501544,516716,376190,144,49,47,48,114,5016,263.810,2707,4191,3000,0
2026-07-25T00:11:20Z,145952,1520860,502600,501544,516716,363902,144,49,47,48,114,5016,263.810,2663,4231,3000,0
2026-07-25T00:11:52Z,145984,1520860,502600,501544,516716,525694,144,49,47,48,114,5016,263.810,2559,4215,3000,0
2026-07-25T00:12:23Z,146015,1520860,502600,501544,516716,339326,144,49,47,48,114,5016,263.810,2619,4319,3000,0
2026-07-25T00:12:54Z,146046,1520916,502600,501600,516716,365950,144,49,47,48,114,5016,263.810,2671,4203,3000,0
2026-07-25T00:13:26Z,146078,1520920,502604,501600,516716,497025,144,49,47,48,114,5016,263.810,2679,4571,3000,0
2026-07-25T00:13:57Z,146109,1520920,502604,501600,516716,353665,144,49,47,48,114,5016,263.810,2559,4671,3000,0
2026-07-25T00:14:28Z,146140,1520920,502604,501600,516716,349569,144,49,47,48,114,5016,263.810,2689,4243,3000,0
2026-07-25T00:15:00Z,146172,1520960,502644,501600,516716,361882,144,49,47,48,114,5016,263.810,2939,4535,3000,0
2026-07-25T00:15:31Z,146203,1520960,502644,501600,516716,495002,144,49,47,48,114,5016,263.810,2887,4655,3000,0
2026-07-25T00:16:03Z,146235,1520964,502648,501600,516716,349595,144,49,47,48,114,5016,263.810,2769,4263,3000,0
2026-07-25T00:16:34Z,146266,1520972,502656,501600,516716,368027,144,49,47,48,114,5016,263.810,3525,5247,3000,0
2026-07-25T00:17:05Z,146297,1520980,502664,501600,516716,501149,144,49,47,48,114,5016,263.810,3163,5331,3000,0
2026-07-25T00:17:37Z,146329,1520992,502676,501600,516716,374173,144,49,47,48,114,5016,263.810,3197,4991,3000,0
2026-07-25T00:18:08Z,146360,1521156,502840,501600,516716,370127,144,49,47,48,114,5016,263.810,3213,4967,3000,0
2026-07-25T00:18:40Z,146392,1521156,502840,501600,516716,576990,144,49,47,48,114,5016,263.810,3131,5211,3000,0
2026-07-25T00:19:11Z,146423,1521156,502840,501600,516716,361950,144,49,47,48,114,5016,263.810,3209,4807,3000,0
2026-07-25T00:19:42Z,146454,1521160,502844,501600,516716,359902,144,49,47,48,114,5016,263.810,3275,4899,3000,0
2026-07-25T00:20:14Z,146486,1521160,502844,501600,516716,374238,144,49,47,48,114,5016,263.810,3097,5367,3000,0
2026-07-25T00:20:45Z,146517,1521168,502852,501600,516716,417246,144,49,47,48,114,5016,263.810,2991,5199,3000,0
2026-07-25T00:21:17Z,146549,1521168,502852,501600,516716,366046,144,49,47,48,114,5016,263.810,2575,4367,3000,0
2026-07-25T00:21:48Z,146580,1521168,502852,501600,516716,368094,144,49,47,48,114,5016,263.810,2631,4099,3000,0
2026-07-25T00:22:19Z,146611,1521168,502852,501600,516716,433630,144,49,47,48,114,5016,263.810,2623,4311,3000,0
2026-07-25T00:22:51Z,146643,1521168,502852,501600,516716,345566,144,49,47,48,114,5016,263.810,2681,4187,3000,0
2026-07-25T00:23:22Z,146674,1521168,502852,501600,516716,357854,144,49,47,48,114,5016,263.810,2651,4363,3000,0
2026-07-25T00:23:54Z,146706,1521980,503664,501600,516716,497118,144,49,47,48,114,5016,263.810,2945,4307,3000,0
2026-07-25T00:24:25Z,146737,1521984,503668,501600,516716,349662,144,49,47,48,114,5016,263.810,2849,4387,3000,0
2026-07-25T00:24:56Z,146768,1521984,503668,501600,516716,359902,144,49,47,48,114,5016,263.810,3113,4615,3000,0
2026-07-25T00:25:28Z,146800,1521988,503672,501600,516716,366046,144,49,47,48,114,5016,263.810,3025,4587,3000,0
2026-07-25T00:25:59Z,146831,1522060,503744,501600,516716,501247,144,49,47,48,114,5016,263.810,2877,4623,3000,0
2026-07-25T00:26:31Z,146862,1522060,503744,501600,516716,357887,144,49,47,48,114,5016,263.810,2807,4451,3000,0
2026-07-25T00:27:02Z,146894,1522060,503744,501600,516716,361983,144,49,47,48,114,5016,263.810,2769,4479,3000,0
2026-07-25T00:27:33Z,146925,1522060,503744,501600,516716,509439,144,49,47,48,114,5016,263.810,2721,4295,3000,0
2026-07-25T00:28:05Z,146957,1522060,503744,501600,516716,364031,144,49,47,48,114,5016,263.810,2563,4061,3000,0
2026-07-25T00:28:36Z,146988,1522060,503744,501600,516716,357887,144,49,47,48,114,5016,263.810,2633,4263,3000,0
2026-07-25T00:29:07Z,147019,1522064,503748,501600,516716,491008,144,49,47,48,114,5016,263.810,2605,4219,3000,0
2026-07-25T00:29:39Z,147051,1522064,503748,501600,516716,355840,144,49,47,48,114,5016,263.810,2567,4053,3000,0
2026-07-25T00:30:10Z,147082,1522064,503748,501600,516716,353792,144,49,47,48,114,5016,263.810,2663,4263,3000,0
2026-07-25T00:30:41Z,147113,1522068,503752,501600,516716,364032,144,49,47,48,114,5016,263.810,2891,4507,3000,0
2026-07-25T00:31:13Z,147145,1522068,503752,501600,516716,503296,144,49,47,48,114,5016,263.810,2913,4451,3000,0
2026-07-25T00:31:44Z,147176,1522072,503756,501600,516716,351744,144,49,47,48,114,5016,263.810,2983,4443,3000,0
2026-07-25T00:32:16Z,147208,1522072,503756,501600,516716,353792,144,49,47,48,114,5016,263.810,3191,4839,3000,0
2026-07-25T00:32:47Z,147239,1522072,503756,501600,516716,497152,144,49,47,48,114,5016,263.810,2999,5027,3000,0
2026-07-25T00:33:18Z,147270,1522072,503756,501600,516716,364032,144,49,47,48,114,5016,263.810,2789,4675,3000,0
2026-07-25T00:33:50Z,147302,1522072,503756,501600,516716,361984,144,49,47,48,114,5016,263.810,3095,4531,3000,0
2026-07-25T00:34:21Z,147333,1522072,503756,501600,516716,495104,144,49,47,48,114,5016,263.810,2963,4943,3000,0
2026-07-25T00:34:52Z,147364,1522072,503756,501600,516716,361984,144,49,47,48,114,5016,263.810,3357,4979,3000,0
2026-07-25T00:35:24Z,147396,1522072,503756,501600,516716,359936,144,49,47,48,114,5016,263.810,3247,4959,3000,0
2026-07-25T00:35:55Z,147427,1522076,503760,501600,516716,368128,144,49,47,48,114,5016,263.810,3315,5399,3000,0
2026-07-25T00:36:27Z,147459,1522076,503760,501600,516716,499200,144,49,47,48,114,5016,263.810,2927,4695,3000,0
2026-07-25T00:36:58Z,147490,1522076,503760,501600,516716,355840,144,49,47,48,114,5016,263.810,3123,4747,3000,0
2026-07-25T00:37:29Z,147521,1522076,503760,501600,516716,351744,144,49,47,48,114,5016,263.810,3253,5071,3000,0
2026-07-25T00:38:01Z,147553,1522076,503760,501600,516716,497152,144,49,47,48,114,5016,263.810,3025,5231,3000,0
2026-07-25T00:38:32Z,147584,1522076,503760,501600,516716,372224,144,49,47,48,114,5016,263.810,3045,4675,3000,0
2026-07-25T00:39:04Z,147616,1522076,503760,501600,516716,370176,144,49,47,48,114,5016,263.810,3111,5183,3000,0
2026-07-25T00:39:35Z,147647,1522076,503760,501600,516716,560640,144,49,47,48,114,5016,263.810,3277,4975,3000,0
2026-07-25T00:40:07Z,147679,1522076,503760,501600,516716,359936,144,49,47,48,114,5016,263.810,3187,4715,3000,0
2026-07-25T00:40:38Z,147710,1522128,503760,501600,516768,361984,144,49,47,48,114,5016,263.810,2931,4523,3000,0
2026-07-25T00:41:09Z,147741,1522128,503760,501600,516768,368128,144,49,47,48,114,5016,263.810,3165,4951,3000,0
2026-07-25T00:41:41Z,147773,1522128,503760,501600,516768,486912,144,49,47,48,114,5016,263.810,2927,4687,3000,0
2026-07-25T00:42:12Z,147804,1522128,503760,501600,516768,357888,144,49,47,48,114,5016,263.810,3181,4627,3000,0
2026-07-25T00:42:44Z,147836,1522128,503760,501600,516768,366080,144,49,47,48,114,5016,263.810,3063,4759,3000,0
2026-07-25T00:43:15Z,147867,1522128,503760,501600,516768,501248,144,49,47,48,114,5016,263.810,2907,4555,3000,0
2026-07-25T00:43:46Z,147898,1522128,503760,501600,516768,357888,144,49,47,48,114,5016,263.810,2995,4531,3000,0
2026-07-25T00:44:18Z,147930,1522128,503760,501600,516768,368128,144,49,47,48,114,5016,263.810,3049,4771,3000,0
2026-07-25T00:44:49Z,147961,1522128,503760,501600,516768,499200,144,49,47,48,114,5016,263.810,3065,5227,3000,0
2026-07-25T00:45:20Z,147992,1522128,503760,501600,516768,370176,144,49,47,48,114,5016,263.810,2995,4727,3000,0
2026-07-25T00:45:52Z,148024,1522128,503760,501600,516768,366080,144,49,47,48,114,5016,263.810,2987,4527,3000,0
2026-07-25T00:46:23Z,148055,1522128,503760,501600,516768,359936,144,49,47,48,114,5016,263.810,3013,4539,3000,0
2026-07-25T00:46:55Z,148087,1522128,503760,501600,516768,503296,144,49,47,48,114,5016,263.810,2729,4215,3000,0
2026-07-25T00:47:26Z,148118,1522128,503760,501600,516768,364032,144,49,47,48,114,5016,263.810,2891,4311,3000,0
2026-07-25T00:47:57Z,148149,1522128,503760,501600,516768,370176,144,49,47,48,114,5016,263.810,3093,4703,3000,0
2026-07-25T00:48:29Z,148181,1522128,503760,501600,516768,493056,144,49,47,48,114,5016,263.810,3015,4871,3000,0
2026-07-25T00:49:00Z,148212,1522128,503760,501600,516768,357888,144,49,47,48,114,5016,263.810,3013,5351,3000,0
2026-07-25T00:49:32Z,148244,1522128,503760,501600,516768,374272,144,49,47,48,114,5016,263.810,3083,4767,3000,0
2026-07-25T00:50:03Z,148275,1522128,503760,501600,516768,435712,144,49,47,48,114,5016,263.810,2891,4707,3000,0
2026-07-25T00:50:34Z,148306,1522128,503760,501600,516768,355840,144,49,47,48,114,5016,263.810,2619,4631,3000,0
2026-07-25T00:51:06Z,148338,1522128,503760,501600,516768,462336,144,49,47,48,114,5016,263.810,2611,4067,3000,0
2026-07-25T00:51:37Z,148369,1522128,503760,501600,516768,364033,144,49,47,48,114,5016,263.810,2701,4151,3000,0
2026-07-25T00:52:08Z,148400,1522128,503760,501600,516768,421377,144,49,47,48,114,5016,263.810,2573,4175,3000,0
2026-07-25T00:52:40Z,148432,1522128,503760,501600,516768,361985,144,49,47,48,114,5016,263.810,2679,4057,3000,0
2026-07-25T00:53:11Z,148463,1522128,503760,501600,516768,366081,144,49,47,48,114,5016,263.810,3045,4491,3000,0
2026-07-25T00:53:43Z,148495,1522128,503760,501600,516768,568833,144,49,47,48,114,5016,263.810,3151,4823,3000,0
2026-07-25T00:54:14Z,148526,1522128,503760,501600,516768,353793,144,49,47,48,114,5016,263.810,2951,4959,3000,0
2026-07-25T00:54:45Z,148557,1522128,503760,501600,516768,357889,144,49,47,48,114,5016,263.810,3153,5023,3000,0
2026-07-25T00:55:17Z,148589,1522128,503760,501600,516768,419329,144,49,47,48,114,5016,263.810,3169,5203,3000,0
2026-07-25T00:55:48Z,148620,1522128,503760,501600,516768,359937,144,49,47,48,114,5016,263.810,2735,4411,3000,0
2026-07-25T00:56:20Z,148652,1522128,503760,501600,516768,368129,144,49,47,48,114,5016,263.810,2775,4515,3000,0
2026-07-25T00:56:51Z,148683,1522128,503760,501600,516768,370177,144,49,47,48,114,5016,263.810,3019,5063,3000,0
2026-07-25T00:57:22Z,148714,1522128,503760,501600,516768,503297,144,49,47,48,114,5016,263.810,2889,4539,3000,0
2026-07-25T00:57:54Z,148746,1522128,503760,501600,516768,364033,144,49,47,48,114,5016,263.810,2691,4115,3000,0
2026-07-25T00:58:25Z,148777,1522128,503760,501600,516768,368129,144,49,47,48,114,5016,263.810,3199,5151,3000,0
2026-07-25T00:58:56Z,148808,1522128,503760,501600,516768,493057,144,49,47,48,114,5016,263.810,3177,4927,3000,0
2026-07-25T00:59:28Z,148840,1522128,503760,501600,516768,355841,144,49,47,48,114,5016,263.810,3121,4583,3000,0
2026-07-25T00:59:59Z,148871,1522128,503760,501600,516768,370177,144,49,47,48,114,5016,263.810,3069,4579,3000,0
2026-07-25T01:00:31Z,148903,1522128,503760,501600,516768,560641,144,49,47,48,114,5016,263.810,2853,4547,3000,0
2026-07-25T01:01:02Z,148934,1522128,503760,501600,516768,347649,144,49,47,48,114,5016,263.810,2675,4323,3000,0
2026-07-25T01:01:33Z,148965,1522128,503760,501600,516768,351745,144,49,47,48,114,5016,263.810,2601,4839,3000,0
2026-07-25T01:02:05Z,148997,1522128,503760,501600,516768,361985,144,49,47,48,114,5016,263.810,2611,4191,3000,0
2026-07-25T01:02:36Z,149028,1522128,503760,501600,516768,433665,144,49,47,48,114,5016,263.810,2719,4267,3000,0
2026-07-25T01:03:08Z,149060,1522128,503760,501600,516768,353793,144,49,47,48,114,5016,263.810,2741,4463,3000,0
2026-07-25T01:03:39Z,149091,1522128,503760,501600,516768,364033,144,49,47,48,114,5016,263.810,2625,4719,3000,0
2026-07-25T01:04:10Z,149122,1522128,503760,501600,516768,493057,144,49,47,48,114,5016,263.810,2527,4203,3000,0
2026-07-25T01:04:42Z,149154,1522128,503760,501600,516768,359937,144,49,47,48,114,5016,263.810,2593,4655,3000,0
2026-07-25T01:05:13Z,149185,1522128,503760,501600,516768,364033,144,49,47,48,114,5016,263.810,2719,4395,3000,0
2026-07-25T01:05:44Z,149216,1522128,503760,501600,516768,505345,144,49,47,48,114,5016,263.810,2877,4635,3000,0
2026-07-25T01:06:16Z,149248,1522132,503764,501600,516768,361985,144,49,47,48,114,5016,263.810,2887,4419,3000,0
2026-07-25T01:06:47Z,149279,1522132,503764,501600,516768,366081,144,49,47,48,114,5016,263.810,3109,4787,3000,0
2026-07-25T01:07:19Z,149311,1522132,503764,501600,516768,359937,144,49,47,48,114,5016,263.810,3135,4915,3000,0
2026-07-25T01:07:50Z,149342,1522132,503764,501600,516768,499201,144,49,47,48,114,5016,263.810,3005,4863,3000,0
2026-07-25T01:08:21Z,149373,1522132,503764,501600,516768,364033,144,49,47,48,114,5016,263.810,2859,4635,3000,0
2026-07-25T01:08:53Z,149405,1522136,503764,501604,516768,357889,144,49,47,48,114,5016,263.810,2971,4935,3000,0
2026-07-25T01:09:24Z,149436,1522136,503764,501604,516768,499201,144,49,47,48,114,5016,263.810,2801,4927,3000,0
2026-07-25T01:09:56Z,149468,1522144,503772,501604,516768,355841,144,49,47,48,114,5016,263.810,3123,4571,3000,0
2026-07-25T01:10:27Z,149499,1522144,503772,501604,516768,355841,144,49,47,48,114,5016,263.810,3063,5015,3000,0
2026-07-25T01:10:58Z,149530,1522144,503772,501604,516768,503297,144,49,47,48,114,5016,263.810,2951,5015,3000,0
2026-07-25T01:11:30Z,149562,1522144,503772,501604,516768,359937,144,49,47,48,114,5016,263.810,2569,4175,3000,0
2026-07-25T01:12:01Z,149593,1522144,503772,501604,516768,359937,144,49,47,48,114,5016,263.810,2729,4255,3000,0
2026-07-25T01:12:33Z,149625,1522144,503772,501604,516768,353793,144,49,47,48,114,5016,263.810,2663,4267,3000,0
2026-07-25T01:13:04Z,149656,1522144,503772,501604,516768,499201,144,49,47,48,114,5016,263.810,2793,4487,3000,0
2026-07-25T01:13:35Z,149687,1522144,503772,501604,516768,351745,144,49,47,48,114,5016,263.810,2921,4739,3000,0
2026-07-25T01:14:07Z,149719,1522144,503772,501604,516768,364033,144,49,47,48,114,5016,263.810,2869,4519,3000,0
2026-07-25T01:14:38Z,149750,1522144,503772,501604,516768,572929,144,49,47,48,114,5016,263.810,2851,4515,3000,0
2026-07-25T01:15:09Z,149781,1522144,503772,501604,516768,364033,144,49,47,48,114,5016,263.810,2635,4351,3000,0
2026-07-25T01:15:41Z,149813,1522144,503772,501604,516768,351745,144,49,47,48,114,5016,263.810,2751,4923,3000,0
2026-07-25T01:16:12Z,149844,1522144,503772,501604,516768,486913,144,49,47,48,114,5016,263.810,2645,4053,3000,0
2026-07-25T01:16:44Z,149876,1522144,503772,501604,516768,361985,144,49,47,48,114,5016,263.810,2571,4127,3000,0
2026-07-25T01:17:15Z,149907,1522144,503772,501604,516768,366081,144,49,47,48,114,5016,263.810,2961,4427,3000,0
2026-07-25T01:17:46Z,149938,1522156,503784,501604,516768,376321,144,49,47,48,114,5016,263.810,2711,4323,3000,0
2026-07-25T01:18:18Z,149970,1522156,503784,501604,516768,462337,144,49,47,48,114,5016,263.810,2867,5159,3000,0
2026-07-25T01:18:49Z,150001,1522156,503784,501604,516768,345601,144,49,47,48,114,5016,263.810,2893,4423,3000,0
2026-07-25T01:19:21Z,150033,1522156,503784,501604,516768,351745,144,49,47,48,114,5016,263.810,2675,4131,3000,0
2026-07-25T01:19:52Z,150064,1522156,503784,501604,516768,488961,144,49,47,48,114,5016,263.810,2579,4163,3000,0
2026-07-25T01:20:23Z,150095,1522156,503784,501604,516768,357889,144,49,47,48,114,5016,263.810,2635,4127,3000,0
2026-07-25T01:20:55Z,150127,1522156,503784,501604,516768,366081,144,49,47,48,114,5016,263.810,2747,4287,3000,0
2026-07-25T01:21:26Z,150158,1522156,503784,501604,516768,574977,144,49,47,48,114,5016,263.810,2837,4475,3000,0
2026-07-25T01:21:57Z,150189,1522180,503808,501604,516768,349697,144,49,47,48,114,5016,263.810,2779,4439,3000,0
2026-07-25T01:22:29Z,150221,1522184,503812,501604,516768,347649,144,49,47,48,114,5016,263.810,2767,5115,3000,0
2026-07-25T01:23:00Z,150252,1522184,503812,501604,516768,359937,144,49,47,48,114,5016,263.810,2777,4359,3000,0
2026-07-25T01:23:31Z,150283,1522184,503812,501604,516768,495105,144,49,47,48,114,5016,263.810,2567,4131,3000,0
2026-07-25T01:24:03Z,150315,1522184,503812,501604,516768,355841,144,49,47,48,114,5016,263.810,2621,4375,3000,0
2026-07-25T01:24:34Z,150346,1522184,503812,501604,516768,372225,144,49,47,48,114,5016,263.810,2975,4627,3000,0
2026-07-25T01:25:05Z,150377,1522256,503884,501604,516768,493058,144,49,47,48,114,5016,263.810,2805,4587,3000,0
2026-07-25T01:25:37Z,150409,1522256,503884,501604,516768,359938,144,49,47,48,114,5016,263.810,2789,4519,3000,0
2026-07-25T01:26:08Z,150440,1522256,503884,501604,516768,368130,144,49,47,48,114,5016,263.810,2683,4207,3000,0
2026-07-25T01:26:40Z,150472,1522256,503884,501604,516768,419330,144,49,47,48,114,5016,263.810,3183,4911,3000,0
2026-07-25T01:27:11Z,150503,1522256,503884,501604,516768,353794,144,49,47,48,114,5016,263.810,3401,5019,3000,0
2026-07-25T01:27:42Z,150534,1522256,503884,501604,516768,351746,144,49,47,48,114,5016,263.810,3443,5183,3000,0
2026-07-25T01:28:14Z,150566,1522256,503884,501604,516768,357890,144,49,47,48,114,5016,263.810,3289,5203,3000,0
2026-07-25T01:28:45Z,150597,1522256,503884,501604,516768,437762,144,49,47,48,114,5016,263.810,3145,5099,3000,0
2026-07-25T01:29:17Z,150629,1522256,503884,501604,516768,368130,144,49,47,48,114,5016,263.810,3399,5047,3000,0
2026-07-25T01:29:48Z,150660,1522256,503884,501604,516768,359938,144,49,47,48,114,5016,263.810,3311,5067,3000,0
2026-07-25T01:30:20Z,150692,1522256,503884,501604,516768,503298,144,49,47,48,114,5016,263.810,3417,5479,3000,0
2026-07-25T01:30:51Z,150723,1522256,503884,501604,516768,361986,144,49,47,48,114,5016,263.810,3341,5691,3000,0
2026-07-25T01:31:22Z,150754,1522256,503884,501604,516768,368130,144,49,47,48,114,5016,263.810,3357,5155,3000,0
2026-07-25T01:31:54Z,150786,1522264,503892,501604,516768,503300,144,49,47,48,114,5016,263.810,3479,5467,3000,0
2026-07-25T01:32:25Z,150817,1522264,503892,501604,516768,351748,144,49,47,48,114,5016,263.810,3197,4899,3000,0
2026-07-25T01:32:57Z,150849,1522332,503960,501604,516768,355844,144,49,47,48,114,5016,263.810,3165,4859,3000,0
2026-07-25T01:33:28Z,150880,1522332,503960,501604,516768,361990,144,49,47,48,114,5016,263.810,3193,4983,3000,0
2026-07-25T01:33:59Z,150911,1522332,503960,501604,516768,491014,144,49,47,48,114,5016,263.810,2551,4123,3000,0
2026-07-25T01:34:31Z,150943,1522332,503960,501604,516768,345606,144,49,47,48,114,5016,263.810,2625,4115,3000,0
2026-07-25T01:35:02Z,150974,1522332,503960,501604,516768,364038,144,49,47,48,114,5016,263.810,2811,4219,3000,0
2026-07-25T01:35:34Z,151006,1522332,503960,501604,516768,482822,144,49,47,48,114,5016,263.810,3063,4895,3000,0
2026-07-25T01:36:05Z,151037,1522332,503960,501604,516768,357894,144,49,47,48,114,5016,263.810,2577,4215,3000,0
2026-07-25T01:36:36Z,151068,1522332,503960,501604,516768,372230,144,49,47,48,114,5016,263.810,2663,4091,3000,0
2026-07-25T01:37:08Z,151100,1522332,503960,501604,516768,497158,144,49,47,48,114,5016,263.810,2871,4407,3000,0
2026-07-25T01:37:39Z,151131,1522340,503968,501604,516768,370182,144,49,47,48,114,5016,263.810,2927,4483,3000,0
2026-07-25T01:38:10Z,151162,1522340,503968,501604,516768,376326,144,49,47,48,114,5016,263.810,2607,4135,3000,0
2026-07-25T01:38:42Z,151194,1522340,503968,501604,516768,372230,144,49,47,48,114,5016,263.810,2609,4199,3000,0
2026-07-25T01:39:13Z,151225,1522340,503968,501604,516768,493062,144,49,47,48,114,5016,263.810,2615,4231,3000,0
2026-07-25T01:39:44Z,151256,1526336,507964,501604,516768,357894,144,49,47,48,114,5016,263.810,3017,4483,3000,0
2026-07-25T01:40:16Z,151288,1526336,507964,501604,516768,376326,144,49,47,48,114,5016,263.810,3113,4835,3000,0
2026-07-25T01:40:47Z,151319,1526364,507992,501604,516768,433685,144,49,47,48,114,5016,263.810,2881,4683,3000,0
2026-07-25T01:41:19Z,151351,1526364,507992,501604,516768,372245,144,49,47,48,114,5016,263.810,2785,4515,3000,0
2026-07-25T01:41:50Z,151382,1526364,507992,501604,516768,368149,144,49,47,48,114,5016,263.810,2633,4215,3000,0
2026-07-25T01:42:21Z,151413,1526380,508008,501604,516768,568853,144,49,47,48,114,5016,263.810,2843,4347,3000,0
2026-07-25T01:42:53Z,151445,1526380,508008,501604,516768,353813,144,49,47,48,114,5016,263.810,2643,4095,3000,0
2026-07-25T01:43:24Z,151476,1526380,508008,501604,516768,357909,144,49,47,48,114,5016,263.810,2703,4171,3000,0
2026-07-25T01:43:56Z,151508,1526380,508008,501604,516768,370197,144,49,47,48,114,5016,263.810,2669,4159,3000,0
2026-07-25T01:44:27Z,151539,1526380,508008,501604,516768,507413,144,49,47,48,114,5016,263.810,2617,4243,3000,0
2026-07-25T01:44:58Z,151570,1526380,508008,501604,516768,364053,144,49,47,48,114,5016,263.810,2687,4635,3000,0
2026-07-25T01:45:30Z,151602,1526380,508008,501604,516768,355861,144,49,47,48,114,5016,263.810,2725,4375,3000,0
2026-07-25T01:46:01Z,151633,1526380,508008,501604,516768,491029,144,49,47,48,114,5016,263.810,2563,4183,3000,0
2026-07-25T01:46:32Z,151664,1526380,508008,501604,516768,366101,144,49,47,48,114,5016,263.810,2845,4299,3000,0
2026-07-25T01:47:04Z,151696,1526380,508008,501604,516768,359957,144,49,47,48,114,5016,263.810,2829,4803,3000,0
2026-07-25T01:47:35Z,151727,1526388,508016,501604,516768,499221,144,49,47,48,114,5016,263.810,2691,4291,3000,0
2026-07-25T01:48:06Z,151758,1526388,508016,501604,516768,355861,144,49,47,48,114,5016,263.810,2665,4251,3000,0
2026-07-25T01:48:38Z,151790,1526388,508016,501604,516768,368149,144,49,47,48,114,5016,263.810,2619,4195,3000,0
2026-07-25T01:49:09Z,151821,1526388,508016,501604,516768,366101,144,49,47,48,114,5016,263.810,2613,4199,3000,0
2026-07-25T01:49:41Z,151853,1526388,508016,501604,516768,495125,144,49,47,48,114,5016,263.810,2587,4199,3000,0
2026-07-25T01:50:12Z,151884,1526388,508016,501604,516768,353813,144,49,47,48,114,5016,263.810,2597,4111,3000,0
2026-07-25T01:50:43Z,151915,1526388,508016,501604,516768,359957,144,49,47,48,114,5016,263.810,2869,4451,3000,0
2026-07-25T01:51:15Z,151947,1526388,508016,501604,516768,509461,144,49,47,48,114,5016,263.810,2981,4611,3000,0
2026-07-25T01:51:46Z,151978,1526392,508020,501604,516768,362005,144,49,47,48,114,5016,263.810,3015,4587,3000,0
2026-07-25T01:52:17Z,152009,1526392,508020,501604,516768,368149,144,49,47,48,114,5016,263.810,2953,4939,3000,0
2026-07-25T01:52:49Z,152041,1526392,508020,501604,516768,499221,144,49,47,48,114,5016,263.810,2817,4675,3000,0
2026-07-25T01:53:20Z,152072,1526392,508020,501604,516768,347669,144,49,47,48,114,5016,263.810,3023,4447,3000,0
2026-07-25T01:53:52Z,152104,1526392,508020,501604,516768,359957,144,49,47,48,114,5016,263.810,3193,4691,3000,0
2026-07-25T01:54:23Z,152135,1526392,508020,501604,516768,357909,144,49,47,48,114,5016,263.810,2965,5035,3000,0
2026-07-25T01:54:54Z,152166,1526392,508020,501604,516768,488981,144,49,47,48,114,5016,263.810,2535,4227,3000,0
2026-07-25T01:55:26Z,152198,1526392,508020,501604,516768,368149,144,49,47,48,114,5016,263.810,2553,4067,3000,0
2026-07-25T01:55:57Z,152229,1526392,508020,501604,516768,351765,144,49,47,48,114,5016,263.810,2789,4251,3000,0
2026-07-25T01:56:29Z,152261,1526392,508020,501604,516768,564757,144,49,47,48,114,5016,263.810,2637,4283,3000,0
2026-07-25T01:57:00Z,152292,1526392,508020,501604,516768,364053,144,49,47,48,114,5016,263.810,2703,4423,3000,0
2026-07-25T01:57:31Z,152323,1526392,508020,501604,516768,343573,144,49,47,48,114,5016,263.810,2589,4049,3000,0
2026-07-25T01:58:03Z,152355,1526392,508020,501604,516768,419349,144,49,47,48,114,5016,263.810,2625,4087,3000,0
2026-07-25T01:58:34Z,152386,1010000,508256,501744,0,302481,92,47,45,0,76,5016,263.810,360,3889,492,0
2026-07-25T01:59:05Z,152417,1369164,508400,512652,348112,340988,143,49,47,47,115,5016,263.810,2781,10783,3000,0
2026-07-25T01:59:37Z,152449,1378788,508500,512788,357500,334850,143,49,47,47,114,5016,263.810,2829,4675,3000,0
2026-07-25T02:00:08Z,152480,1440548,508376,512864,419308,412676,143,49,47,47,112,5016,263.810,2827,4463,3000,0
2026-07-25T02:00:40Z,152512,1476216,508376,512868,454972,449601,143,49,47,47,112,5016,263.810,2639,4459,3000,0
2026-07-25T02:01:11Z,152543,1491028,508376,512872,469780,365641,143,49,47,47,112,5016,263.810,2621,4287,3000,0
2026-07-25T02:01:42Z,152574,1492872,508376,512872,471624,371791,143,49,47,47,112,5016,263.810,2635,4347,3000,0
2026-07-25T02:02:14Z,152606,1494108,508376,512872,472860,498770,143,49,47,47,112,5016,263.810,2553,4515,3000,0
2026-07-25T02:02:45Z,152637,1494788,508376,512876,473536,367702,143,49,47,47,112,5016,263.810,2683,4311,3000,0
2026-07-25T02:03:16Z,152668,1494852,508376,512900,473576,373878,143,49,47,47,112,5016,263.810,2903,4407,3000,0
2026-07-25T02:03:48Z,152700,1496752,508376,512900,475476,427131,143,49,47,47,112,5016,263.810,2761,4511,3000,0
2026-07-25T02:04:19Z,152731,1496780,508376,512928,475476,365691,143,49,47,47,112,5016,263.810,2723,4251,3000,0
2026-07-25T02:04:51Z,152763,1496936,508376,512932,475628,377982,143,49,47,47,112,5016,263.810,2853,4675,3000,0
2026-07-25T02:05:22Z,152794,1497008,508376,512932,475700,439422,143,49,47,47,112,5016,263.810,2703,4343,3000,0
2026-07-25T02:05:53Z,152825,1497044,508376,512964,475704,425092,143,49,47,47,112,5016,263.810,2739,4135,3000,0
2026-07-25T02:06:25Z,152857,1497048,508376,512968,475704,359561,143,49,47,47,112,5016,263.810,2629,4431,3000,0
2026-07-25T02:06:56Z,152888,1497060,508380,512976,475704,380044,143,49,47,47,112,5016,263.810,3083,4595,3000,0
2026-07-25T02:07:27Z,152919,1497072,508380,512976,475716,439436,143,49,47,47,112,5016,263.810,2579,4483,3000,0
2026-07-25T02:07:59Z,152951,1497076,508380,512980,475716,363667,143,49,47,47,112,5016,263.810,2645,4155,3000,0
2026-07-25T02:08:30Z,152982,1497076,508380,512980,475716,375959,143,49,47,47,112,5016,263.810,2651,4219,3000,0
2026-07-25T02:09:02Z,153014,1497076,508380,512980,475716,498839,143,49,47,47,112,5016,263.810,2605,4291,3000,0
2026-07-25T02:09:33Z,153045,1497076,508380,512980,475716,373911,143,49,47,47,112,5016,263.810,2699,4057,3000,0
2026-07-25T02:10:04Z,153076,1497076,508380,512980,475716,382103,143,49,47,47,112,5016,263.810,2665,4119,3000,0
2026-07-25T02:10:36Z,153108,1497076,508380,512980,475716,439451,143,49,47,47,112,5016,263.810,2693,4239,3000,0
2026-07-25T02:11:07Z,153139,1497092,508380,512980,475732,447644,143,49,47,47,112,5016,263.810,2575,4139,3000,0
2026-07-25T02:11:38Z,153170,1497636,508924,512980,475732,386204,143,49,47,47,112,5016,263.810,2803,4159,3000,0
2026-07-25T02:12:10Z,153202,1497636,508924,512980,475732,365724,143,49,47,47,112,5016,263.810,2911,4707,3000,0
2026-07-25T02:12:41Z,153233,1497636,508924,512980,475732,423068,143,49,47,47,112,5016,263.810,2809,5011,3000,0
2026-07-25T02:13:13Z,153265,1497640,508924,512980,475736,369821,143,49,47,47,112,5016,263.810,3035,4643,3000,0
2026-07-25T02:13:44Z,153296,1497644,508924,512984,475736,369824,143,49,47,47,112,5016,263.810,2939,4563,3000,0
2026-07-25T02:14:15Z,153327,1497644,508924,512984,475736,437408,143,49,47,47,112,5016,263.810,2709,4283,3000,0
2026-07-25T02:14:47Z,153359,1497644,508924,512984,475736,369824,143,49,47,47,112,5016,263.810,2583,4295,3000,0
2026-07-25T02:15:18Z,153390,1497644,508924,512984,475736,375968,143,49,47,47,112,5016,263.810,2613,4073,3000,0
2026-07-25T02:15:49Z,153421,1497788,508924,512984,475880,504934,143,49,47,47,112,5016,263.810,2657,4147,3000,0
2026-07-25T02:16:21Z,153453,1497788,508924,512984,475880,431206,143,49,47,47,112,5016,263.810,2735,4187,3000,0
2026-07-25T02:16:52Z,153484,1497792,508924,512988,475880,359526,143,49,47,47,112,5016,263.810,3145,4819,3000,0
2026-07-25T02:17:24Z,153516,1497792,508924,512988,475880,361574,143,49,47,47,112,5016,263.810,3017,4427,3000,0
2026-07-25T02:17:55Z,153547,1497796,508924,512988,475884,439403,143,49,47,47,112,5016,263.810,3025,4995,3000,0
2026-07-25T02:18:26Z,153578,1497796,508924,512988,475884,353387,143,49,47,47,112,5016,263.810,2835,4259,3000,0
2026-07-25T02:18:58Z,153610,1497800,508924,512992,475884,380014,143,49,47,47,112,5016,263.810,2947,4671,3000,0
2026-07-25T02:19:29Z,153641,1497804,508924,512992,475888,429166,143,49,47,47,112,5016,263.810,3013,4723,3000,0
2026-07-25T02:20:00Z,153672,1497804,508924,512992,475888,365679,143,49,47,47,112,5016,263.810,2809,4299,3000,0
2026-07-25T02:20:32Z,153704,1497804,508924,512992,475888,373871,143,49,47,47,112,5016,263.810,2849,4495,3000,0
2026-07-25T02:21:03Z,153735,1497804,508924,512992,475888,435313,143,49,47,47,112,5016,263.810,2797,4515,3000,0
2026-07-25T02:21:35Z,153767,1497804,508924,512992,475888,429169,143,49,47,47,112,5016,263.810,2753,4351,3000,0
2026-07-25T02:22:06Z,153798,1497804,508924,512992,475888,367729,143,49,47,47,112,5016,263.810,2609,4255,3000,0
2026-07-25T02:22:37Z,153829,1497804,508924,512992,475888,369778,143,49,47,47,112,5016,263.810,2685,4223,3000,0
2026-07-25T02:23:09Z,153861,1497804,508924,512992,475888,500850,143,49,47,47,112,5016,263.810,2529,4615,3000,0
2026-07-25T02:23:40Z,153892,1497804,508924,512992,475888,351349,143,49,47,47,112,5016,263.810,2633,4323,3000,0
2026-07-25T02:24:11Z,153923,1497804,508924,512992,475888,361589,143,49,47,47,112,5016,263.810,2663,4259,3000,0
2026-07-25T02:24:43Z,153955,1497804,508924,512992,475888,423029,143,49,47,47,112,5016,263.810,2763,4431,3000,0
2026-07-25T02:25:14Z,153986,1497804,508924,512992,475888,361589,143,49,47,47,112,5016,263.810,2615,4187,3000,0
2026-07-25T02:25:46Z,154018,1497808,508924,512992,475892,365685,143,49,47,47,112,5016,263.810,2631,4207,3000,0
2026-07-25T02:26:17Z,154049,1497808,508924,512992,475892,433271,143,49,47,47,112,5016,263.810,2637,4059,3000,0
2026-07-25T02:26:48Z,154080,1497816,508924,512996,475896,425081,143,49,47,47,112,5016,263.810,2569,3947,3000,0
2026-07-25T02:27:20Z,154112,1497816,508924,512996,475896,347262,143,49,47,47,112,5016,263.810,2599,4167,3000,0
2026-07-25T02:27:51Z,154143,1497816,508924,512996,475896,355455,143,49,47,47,112,5016,263.810,2879,4339,3000,0
2026-07-25T02:28:22Z,154174,1497820,508924,512996,475900,416898,143,49,47,47,112,5016,263.810,2669,4223,3000,0
2026-07-25T02:28:54Z,154206,1497820,508924,512996,475900,365698,143,49,47,47,112,5016,263.810,2637,4089,3000,0
2026-07-25T02:29:25Z,154237,1497820,508924,512996,475900,353410,143,49,47,47,112,5016,263.810,2755,4211,3000,0
2026-07-25T02:29:57Z,154269,1497828,508924,513004,475900,423043,143,49,47,47,112,5016,263.810,2707,4571,3000,0
2026-07-25T02:30:28Z,154300,1497844,508940,513004,475900,359575,143,49,47,47,112,5016,263.810,2657,4347,3000,0
2026-07-25T02:30:59Z,154331,1497852,508940,513004,475908,363672,143,49,47,47,112,5016,263.810,2669,4127,3000,0
2026-07-25T02:31:31Z,154363,1497852,508940,513004,475908,492704,143,49,47,47,112,5016,263.810,2763,4487,3000,0
2026-07-25T02:32:02Z,154394,1497852,508940,513004,475908,418976,143,49,47,47,112,5016,263.810,2871,4295,3000,0
2026-07-25T02:32:34Z,154426,1497860,508940,513008,475912,367780,143,49,47,47,112,5016,263.810,3115,4831,3000,0
2026-07-25T02:33:05Z,154457,1497864,508940,513012,475912,378021,143,49,47,47,112,5016,263.810,3363,5011,3000,0
2026-07-25T02:33:36Z,154488,1497868,508940,513012,475916,353451,143,49,47,47,112,5016,263.810,3029,5331,3000,0
2026-07-25T02:34:08Z,154520,1497868,508940,513012,475916,357550,143,49,47,47,112,5016,263.810,2857,5031,3000,0
2026-07-25T02:34:39Z,154551,1497868,508940,513012,475916,371886,143,49,47,47,112,5016,263.810,2679,4375,3000,0
2026-07-25T02:35:11Z,154583,1497920,508940,513024,475956,441518,143,49,47,47,112,5016,263.810,2649,4151,3000,0
2026-07-25T02:35:42Z,154614,1497920,508940,513024,475956,369838,143,49,47,47,112,5016,263.810,2703,4155,3000,0
2026-07-25T02:36:13Z,154645,1497920,508940,513024,475956,373934,143,49,47,47,112,5016,263.810,2617,4071,3000,0
2026-07-25T02:36:45Z,154677,1498172,508940,513024,476208,511150,143,49,47,47,112,5016,263.810,2725,4339,3000,0
2026-07-25T02:37:16Z,154708,1498172,508940,513024,476208,500911,143,49,47,47,112,5016,263.810,2565,4099,3000,0
2026-07-25T02:37:47Z,154739,1498176,508940,513028,476208,363696,143,49,47,47,112,5016,263.810,2651,4163,3000,0
2026-07-25T02:38:19Z,154771,1498176,508940,513028,476208,359600,143,49,47,47,112,5016,263.810,2733,4487,3000,0
2026-07-25T02:38:50Z,154802,1498196,508940,513028,476228,462001,143,49,47,47,112,5016,263.810,2801,4327,3000,0
2026-07-25T02:39:21Z,154833,1498224,508940,513032,476252,361654,143,49,47,47,112,5016,263.810,2793,4291,3000,0
2026-07-25T02:39:53Z,154865,1498224,508940,513032,476252,375990,143,49,47,47,112,5016,263.810,2729,4259,3000,0
2026-07-25T02:40:24Z,154896,1498224,508940,513032,476252,566454,143,49,47,47,112,5016,263.810,2889,4443,3000,0
2026-07-25T02:40:56Z,154928,1498288,508940,513096,476252,380086,143,49,47,47,112,5016,263.810,3091,4611,3000,0
2026-07-25T02:41:27Z,154959,1498288,508940,513096,476252,367800,143,49,47,47,112,5016,263.810,3165,4851,3000,0
2026-07-25T02:41:58Z,154990,1498288,508940,513096,476252,509112,143,49,47,47,112,5016,263.810,3171,5039,3000,0
2026-07-25T02:42:30Z,155022,1498288,508940,513096,476252,505018,143,49,47,47,112,5016,263.810,3049,4611,3000,0
2026-07-25T02:43:01Z,155053,1498288,508940,513096,476252,369851,143,49,47,47,112,5016,263.810,2985,4911,3000,0
2026-07-25T02:43:33Z,155085,1498288,508940,513096,476252,373947,143,49,47,47,112,5016,263.810,2809,4391,3000,0
2026-07-25T02:44:04Z,155116,1498288,508940,513096,476252,429243,143,49,47,47,112,5016,263.810,2597,4371,3000,0
2026-07-25T02:44:35Z,155147,1498288,508940,513096,476252,371899,143,49,47,47,112,5016,263.810,2819,4251,3000,0
2026-07-25T02:45:07Z,155179,1498288,508940,513096,476252,363707,143,49,47,47,112,5016,263.810,2625,4219,3000,0
2026-07-25T02:45:38Z,155210,1498524,508940,513096,476488,439483,143,49,47,47,112,5016,263.810,2691,4471,3000,0
2026-07-25T02:46:10Z,155242,1498528,508940,513100,476488,347324,143,49,47,47,112,5016,263.810,2901,4771,3000,0
2026-07-25T02:46:41Z,155273,1498528,508940,513100,476488,353468,143,49,47,47,112,5016,263.810,2775,4683,3000,0
2026-07-25T02:47:12Z,155304,1498532,508940,513100,476492,500928,143,49,47,47,112,5016,263.810,3099,4959,3000,0
2026-07-25T02:47:44Z,155336,1498532,508940,513100,476492,435393,143,49,47,47,112,5016,263.810,2719,4511,3000,0
2026-07-25T02:48:15Z,155367,1498532,508940,513100,476492,367809,143,49,47,47,112,5016,263.810,2875,4483,3000,0
2026-07-25T02:48:46Z,155398,1498532,508940,513100,476492,367810,143,49,47,47,112,5016,263.810,2655,4243,3000,0
2026-07-25T02:49:18Z,155430,1498532,508940,513100,476492,441538,143,49,47,47,112,5016,263.810,2729,4355,3000,0
2026-07-25T02:49:49Z,155461,1498532,508940,513100,476492,349378,143,49,47,47,112,5016,263.810,2733,4271,3000,0
2026-07-25T02:50:21Z,155493,1498532,508940,513100,476492,357570,143,49,47,47,112,5016,263.810,2811,4827,3000,0
2026-07-25T02:50:52Z,155524,1498532,508940,513100,476492,423106,143,49,47,47,112,5016,263.810,2807,4895,3000,0
2026-07-25T02:51:23Z,155555,1498532,508940,513100,476492,355522,143,49,47,47,112,5016,263.810,2593,4315,3000,0
2026-07-25T02:51:55Z,155587,1498532,508940,513100,476492,369858,143,49,47,47,112,5016,263.810,2737,4319,3000,0
2026-07-25T02:52:26Z,155618,1498536,508940,513100,476496,433348,143,49,47,47,112,5016,263.810,2653,4247,3000,0
2026-07-25T02:52:57Z,155649,1498536,508940,513100,476496,427204,143,49,47,47,112,5016,263.810,2741,4219,3000,0
2026-07-25T02:53:29Z,155681,1498536,508940,513100,476496,367812,143,49,47,47,112,5016,263.810,2925,4643,3000,0
2026-07-25T02:54:00Z,155712,1498536,508940,513100,476496,371908,143,49,47,47,112,5016,263.810,3055,4931,3000,0
2026-07-25T02:54:32Z,155744,1498536,508940,513100,476496,429253,143,49,47,47,112,5016,263.810,2725,4803,3000,0
2026-07-25T02:55:03Z,155775,1498536,508940,513100,476496,373957,143,49,47,47,112,5016,263.810,2725,4263,3000,0
2026-07-25T02:55:34Z,155806,1498536,508940,513100,476496,371909,143,49,47,47,112,5016,263.810,2665,4415,3000,0
2026-07-25T02:56:06Z,155838,1498536,508940,513100,476496,513221,143,49,47,47,112,5016,263.810,3221,4911,3000,0
2026-07-25T02:56:37Z,155869,1498536,508940,513100,476496,371909,143,49,47,47,112,5016,263.810,2637,4511,3000,0
2026-07-25T02:57:08Z,155900,1498536,508940,513100,476496,363717,143,49,47,47,112,5016,263.810,2629,4175,3000,0
2026-07-25T02:57:40Z,155932,1498536,508940,513100,476496,435397,143,49,47,47,112,5016,263.810,2633,4163,3000,0
2026-07-25T02:58:11Z,155963,1498536,508940,513100,476496,431301,143,49,47,47,112,5016,263.810,2709,4255,3000,0
2026-07-25T02:58:43Z,155995,1498536,508940,513100,476496,365765,143,49,47,47,112,5016,263.810,2983,4851,3000,0
2026-07-25T02:59:14Z,156026,1498536,508940,513100,476496,361669,143,49,47,47,112,5016,263.810,3083,5203,3000,0
2026-07-25T02:59:45Z,156057,1498536,508940,513100,476496,429253,143,49,47,47,112,5016,263.810,2733,4427,3000,0
2026-07-25T03:00:17Z,156089,1498536,508940,513100,476496,361669,143,49,47,47,112,5016,263.810,2625,4803,3000,0
2026-07-25T03:00:48Z,156120,1498536,508940,513100,476496,361669,143,49,47,47,112,5016,263.810,2651,4235,3000,0
2026-07-25T03:01:20Z,156152,1498536,508940,513100,476496,429253,143,49,47,47,112,5016,263.810,2711,4395,3000,0
2026-07-25T03:01:51Z,156183,1498536,508940,513100,476496,359621,143,49,47,47,112,5016,263.810,2717,4239,3000,0
2026-07-25T03:02:22Z,156214,1498536,508940,513100,476496,361669,143,49,47,47,112,5016,263.810,2625,4123,3000,0
2026-07-25T03:02:54Z,156246,1498536,508940,513100,476496,570565,143,49,47,47,112,5016,263.810,2633,4527,3000,0
2026-07-25T03:03:25Z,156277,1498536,508940,513100,476496,502981,143,49,47,47,112,5016,263.810,2597,4107,3000,0
2026-07-25T03:03:56Z,156308,1498536,508940,513100,476496,347333,143,49,47,47,112,5016,263.810,2603,4235,3000,0
2026-07-25T03:04:28Z,156340,1498536,508940,513100,476496,361669,143,49,47,47,112,5016,263.810,2647,4215,3000,0
2026-07-25T03:04:59Z,156371,1498540,508944,513100,476496,502983,143,49,47,47,112,5016,263.810,2571,4151,3000,0
2026-07-25T03:05:30Z,156402,1498540,508944,513100,476496,359623,143,49,47,47,112,5016,263.810,2597,4135,3000,0
2026-07-25T03:06:02Z,156434,1498544,508944,513104,476496,365771,143,49,47,47,112,5016,263.810,2635,4079,3000,0
2026-07-25T03:06:33Z,156465,1498668,508944,513104,476620,505036,143,49,47,47,112,5016,263.810,2607,4403,3000,0
2026-07-25T03:07:05Z,156497,1498668,508944,513104,476620,351436,143,49,47,47,112,5016,263.810,2613,4215,3000,0
2026-07-25T03:07:36Z,156528,1498668,508944,513104,476620,353484,143,49,47,47,112,5016,263.810,2787,4327,3000,0
2026-07-25T03:08:07Z,156559,1498668,508944,513104,476620,496844,143,49,47,47,112,5016,263.810,3163,4859,3000,0
2026-07-25T03:08:39Z,156591,1498668,508944,513104,476620,496844,143,49,47,47,112,5016,263.810,2959,4551,3000,0
2026-07-25T03:09:10Z,156622,1498668,508944,513104,476620,371916,143,49,47,47,112,5016,263.810,3095,4623,3000,0
2026-07-25T03:09:42Z,156654,1498668,508944,513104,476620,363724,143,49,47,47,112,5016,263.810,2915,4503,3000,0
2026-07-25T03:10:13Z,156685,1498668,508944,513104,476620,447692,143,49,47,47,112,5016,263.810,3071,4563,3000,0
2026-07-25T03:10:44Z,156716,1498676,508944,513112,476620,349388,143,49,47,47,112,5016,263.810,3341,5431,3000,0
2026-07-25T03:11:16Z,156748,1498676,508944,513112,476620,365772,143,49,47,47,112,5016,263.810,3311,5103,3000,0
2026-07-25T03:11:47Z,156779,1498680,508944,513116,476620,435404,143,49,47,47,112,5016,263.810,3221,5103,3000,0
2026-07-25T03:12:19Z,156811,1498688,508944,513116,476628,357581,143,49,47,47,112,5016,263.810,3201,4923,3000,0
2026-07-25T03:12:50Z,156842,1498692,508944,513120,476628,359634,143,49,47,47,112,5016,263.810,3379,5195,3000,0
2026-07-25T03:13:21Z,156873,1498692,508944,513120,476628,355538,143,49,47,47,112,5016,263.810,3033,5035,3000,0
2026-07-25T03:13:53Z,156905,1498692,508944,513120,476628,343250,143,49,47,47,112,5016,263.810,2721,4227,3000,0
2026-07-25T03:14:24Z,156936,1498692,508944,513120,476628,367826,143,49,47,47,112,5016,263.810,2615,4231,3000,0
2026-07-25T03:14:55Z,156967,1498692,508944,513120,476628,367826,143,49,47,47,112,5016,263.810,2633,4195,3000,0
2026-07-25T03:15:27Z,156999,1498736,508944,513120,476672,429266,143,49,47,47,112,5016,263.810,2727,4479,3000,0
2026-07-25T03:15:58Z,157030,1498736,508944,513120,476672,361682,143,49,47,47,112,5016,263.810,2647,4195,3000,0
2026-07-25T03:16:30Z,157062,1498740,508944,513124,476672,365778,143,49,47,47,112,5016,263.810,2653,4199,3000,0
2026-07-25T03:17:01Z,157093,1498740,508944,513124,476672,494805,143,49,47,47,112,5016,263.810,2643,4435,3000,0
2026-07-25T03:17:32Z,157124,1498740,508944,513124,476672,365781,143,49,47,47,112,5016,263.810,2595,4119,3000,0
2026-07-25T03:18:04Z,157156,1498740,508944,513124,476672,363734,143,49,47,47,112,5016,263.810,2609,4187,3000,0
2026-07-25T03:18:35Z,157187,1498740,508944,513124,476672,429273,143,49,47,47,112,5016,263.810,2613,4147,3000,0
2026-07-25T03:19:06Z,157218,1498740,508944,513124,476672,429273,143,49,47,47,112,5016,263.810,2625,4131,3000,0
2026-07-25T03:19:38Z,157250,1498740,508944,513124,476672,369881,143,49,47,47,112,5016,263.810,2709,4231,3000,0
2026-07-25T03:20:09Z,157281,1498740,508944,513124,476672,369881,143,49,47,47,112,5016,263.810,2771,4275,3000,0
2026-07-25T03:20:41Z,157313,1498752,508944,513128,476680,431326,143,49,47,47,112,5016,263.810,2795,4451,3000,0
2026-07-25T03:21:12Z,157344,1498752,508944,513128,476680,355555,143,49,47,47,112,5016,263.810,3123,4703,3000,0
2026-07-25T03:21:43Z,157375,1498752,508944,513128,476680,363747,143,49,47,47,112,5016,263.810,2807,4395,3000,0
2026-07-25T03:22:15Z,157407,1498756,508944,513128,476684,355561,143,49,47,47,112,5016,263.810,3097,5099,3000,0
2026-07-25T03:22:46Z,157438,1498756,508944,513128,476684,363753,143,49,47,47,112,5016,263.810,2765,4151,3000,0
2026-07-25T03:23:17Z,157469,1498756,508944,513128,476684,373993,143,49,47,47,112,5016,263.810,2911,4479,3000,0
2026-07-25T03:23:49Z,157501,1499044,509232,513128,476684,492788,143,49,47,47,112,5016,263.810,2653,4187,3000,0
2026-07-25T03:24:20Z,157532,1499044,509232,513128,476684,431348,143,49,47,47,112,5016,263.810,2617,4163,3000,0
2026-07-25T03:24:51Z,157563,1499044,509232,513128,476684,367860,143,49,47,47,112,5016,263.810,2735,4351,3000,0
2026-07-25T03:25:23Z,157595,1499044,509232,513128,476684,363764,143,49,47,47,112,5016,263.810,2835,4527,3000,0
2026-07-25T03:25:54Z,157626,1499048,509232,513132,476684,419061,143,49,47,47,112,5016,263.810,2901,4923,3000,0
2026-07-25T03:26:26Z,157658,1499048,509232,513132,476684,355573,143,49,47,47,112,5016,263.810,2909,4491,3000,0
2026-07-25T03:26:57Z,157689,1499048,509232,513132,476684,382197,143,49,47,47,112,5016,263.810,2801,4415,3000,0
2026-07-25T03:27:28Z,157720,1499048,509232,513132,476684,423157,143,49,47,47,112,5016,263.810,2835,4599,3000,0
2026-07-25T03:28:00Z,157752,1499048,509232,513132,476684,363765,143,49,47,47,112,5016,263.810,3057,4923,3000,0
2026-07-25T03:28:31Z,157783,1499052,509232,513132,476688,361717,143,49,47,47,112,5016,263.810,3307,5107,3000,0
2026-07-25T03:29:03Z,157815,1499052,509232,513132,476688,439544,143,49,47,47,112,5016,263.810,3195,5339,3000,0
2026-07-25T03:29:34Z,157846,1499056,509232,513136,476688,427258,143,49,47,47,112,5016,263.810,2989,4823,3000,0
2026-07-25T03:30:05Z,157877,1499060,509232,513140,476688,359678,143,49,47,47,112,5016,263.810,3109,4703,3000,0
2026-07-25T03:30:37Z,157909,1499060,509232,513140,476688,365822,143,49,47,47,112,5016,263.810,2821,4591,3000,0
2026-07-25T03:31:08Z,157940,1499060,509232,513140,476688,494846,143,49,47,47,112,5016,263.810,2665,4403,3000,0
2026-07-25T03:31:39Z,157971,1499060,509232,513140,476688,353534,143,49,47,47,112,5016,263.810,2791,4543,3000,0
2026-07-25T03:32:11Z,158003,1499060,509232,513140,476688,365822,143,49,47,47,112,5016,263.810,2815,4579,3000,0
2026-07-25T03:32:42Z,158034,1499060,509232,513140,476688,437503,143,49,47,47,112,5016,263.810,2771,4299,3000,0
2026-07-25T03:33:13Z,158065,1499068,509232,513144,476692,367872,143,49,47,47,112,5016,263.810,2721,4175,3000,0
2026-07-25T03:33:45Z,158097,1499072,509232,513148,476692,355587,143,49,47,47,112,5016,263.810,2929,4415,3000,0
2026-07-25T03:34:16Z,158128,1499072,509232,513148,476692,433413,143,49,47,47,112,5016,263.810,2785,4455,3000,0
2026-07-25T03:34:48Z,158160,1499072,509232,513148,476692,425224,143,49,47,47,112,5016,263.810,2863,4371,3000,0
2026-07-25T03:35:19Z,158191,1499072,509232,513148,476692,361736,143,49,47,47,112,5016,263.810,2921,4451,3000,0
2026-07-25T03:35:50Z,158222,1499076,509232,513152,476692,371976,143,49,47,47,112,5016,263.810,2773,4491,3000,0
2026-07-25T03:36:22Z,158254,1499076,509232,513152,476692,425224,143,49,47,47,112,5016,263.810,2639,4523,3000,0
2026-07-25T03:36:53Z,158285,1499076,509232,513152,476692,361736,143,49,47,47,112,5016,263.810,2787,4555,3000,0
2026-07-25T03:37:24Z,158316,1499080,509236,513152,476692,367883,143,49,47,47,112,5016,263.810,2787,4291,3000,0
2026-07-25T03:37:56Z,158348,1499080,509236,513152,476692,441612,143,49,47,47,112,5016,263.810,2695,4347,3000,0
2026-07-25T03:38:27Z,158379,1499080,509236,513152,476692,357644,143,49,47,47,112,5016,263.810,2647,4435,3000,0
2026-07-25T03:38:59Z,158411,1499080,509236,513152,476692,374028,143,49,47,47,112,5016,263.810,2807,4387,3000,0
2026-07-25T03:39:30Z,158442,1499080,509236,513152,476692,576780,143,49,47,47,112,5016,263.810,2963,4763,3000,0
2026-07-25T03:40:01Z,158473,1499080,509236,513152,476692,515340,143,49,47,47,112,5016,263.810,2865,4655,3000,0
2026-07-25T03:40:33Z,158505,1499080,509236,513152,476692,365836,143,49,47,47,112,5016,263.810,3153,4867,3000,0
2026-07-25T03:41:04Z,158536,1499080,509236,513152,476692,369932,143,49,47,47,112,5016,263.810,3069,5163,3000,0
2026-07-25T03:41:35Z,158567,1499080,509236,513152,476692,427276,143,49,47,47,112,5016,263.810,3025,4835,3000,0
2026-07-25T03:42:07Z,158599,1499080,509236,513152,476692,367884,143,49,47,47,112,5016,263.810,3097,4879,3000,0
2026-07-25T03:42:38Z,158630,1499080,509236,513152,476692,365836,143,49,47,47,112,5016,263.810,3021,4939,3000,0
2026-07-25T03:43:10Z,158662,1499080,509236,513152,476692,498956,143,49,47,47,112,5016,263.810,2963,4775,3000,0
2026-07-25T03:43:41Z,158693,1499080,509236,513152,476692,367885,143,49,47,47,112,5016,263.810,2933,4479,3000,0
2026-07-25T03:44:12Z,158724,1499080,509236,513152,476692,369934,143,49,47,47,112,5016,263.810,2897,4579,3000,0
2026-07-25T03:44:44Z,158756,1499080,509236,513152,476692,439566,143,49,47,47,112,5016,263.810,2951,4815,3000,0
2026-07-25T03:45:15Z,158787,1499080,509236,513152,476692,429326,143,49,47,47,112,5016,263.810,2843,4411,3000,0
2026-07-25T03:45:47Z,158819,1499080,509236,513152,476692,361742,143,49,47,47,112,5016,263.810,2835,4459,3000,0
2026-07-25T03:46:18Z,158850,1499080,509236,513152,476692,371982,143,49,47,47,112,5016,263.810,2835,4647,3000,0
2026-07-25T03:46:49Z,158881,1499112,509236,513184,476692,429327,143,49,47,47,112,5016,263.810,2717,4739,3000,0
2026-07-25T03:47:21Z,158913,1499152,509236,513224,476692,359702,143,49,47,47,112,5016,263.810,2745,4551,3000,0
2026-07-25T03:47:52Z,158944,1499152,509236,513224,476692,378134,143,49,47,47,112,5016,263.810,2783,4243,3000,0
2026-07-25T03:48:24Z,158976,1499152,509236,513224,476692,490774,143,49,47,47,112,5016,263.810,2771,4399,3000,0
2026-07-25T03:48:55Z,159007,1499152,509236,513224,476692,353559,143,49,47,47,112,5016,263.810,2861,4519,3000,0
2026-07-25T03:49:26Z,159038,1499152,509236,513224,476692,363799,143,49,47,47,112,5016,263.810,2719,4291,3000,0
2026-07-25T03:49:58Z,159070,1499164,509236,513232,476696,439581,143,49,47,47,112,5016,263.810,2779,4499,3000,0
2026-07-25T03:50:29Z,159101,1499164,509236,513232,476696,425246,143,49,47,47,112,5016,263.810,2689,4491,3000,0
2026-07-25T03:51:00Z,159132,1499168,509236,513236,476696,359713,143,49,47,47,112,5016,263.810,2839,4531,3000,0
2026-07-25T03:51:32Z,159164,1499168,509236,513236,476696,359713,143,49,47,47,112,5016,263.810,2983,4527,3000,0
2026-07-25T03:52:03Z,159195,1499168,509236,513236,476696,417058,143,49,47,47,112,5016,263.810,2729,4427,3000,0
2026-07-25T03:52:34Z,159226,1499168,509236,513236,476696,378146,143,49,47,47,112,5016,263.810,2773,4275,3000,0
2026-07-25T03:53:06Z,159258,1499168,509236,513236,476696,372002,143,49,47,47,112,5016,263.810,3081,5099,3000,0
2026-07-25T03:53:37Z,159289,1499168,509236,513236,476696,501027,143,49,47,47,112,5016,263.810,3147,4951,3000,0
2026-07-25T03:54:09Z,159321,1499168,509236,513236,476696,355619,143,49,47,47,112,5016,263.810,2975,4483,3000,0
2026-07-25T03:54:40Z,159352,1499168,509236,513236,476696,369955,143,49,47,47,112,5016,263.810,3015,4851,3000,0
2026-07-25T03:55:11Z,159383,1499168,509236,513236,476696,560419,143,49,47,47,112,5016,263.810,3039,4691,3000,0
2026-07-25T03:55:43Z,159415,1499168,509236,513236,476696,490787,143,49,47,47,112,5016,263.810,3071,4803,3000,0
2026-07-25T03:56:14Z,159446,1499168,509236,513236,476696,367907,143,49,47,47,112,5016,263.810,2747,4235,3000,0
2026-07-25T03:56:46Z,159478,1499168,509236,513236,476696,367907,143,49,47,47,112,5016,263.810,2801,4555,3000,0
2026-07-25T03:57:17Z,159509,1499176,509236,513244,476696,431395,143,49,47,47,112,5016,263.810,2767,4551,3000,0
2026-07-25T03:57:48Z,159540,1499176,509236,513244,476696,369956,143,49,47,47,112,5016,263.810,2957,4583,3000,0
2026-07-25T03:58:20Z,159572,1499176,509236,513244,476696,365860,143,49,47,47,112,5016,263.810,2913,4339,3000,0
2026-07-25T03:58:51Z,159603,1499180,509236,513244,476700,417060,143,49,47,47,112,5016,263.810,2715,4355,3000,0
2026-07-25T03:59:22Z,159634,1499180,509236,513244,476700,363812,143,49,47,47,112,5016,263.810,2777,4387,3000,0
2026-07-25T03:59:54Z,159666,1499180,509236,513244,476700,355620,143,49,47,47,112,5016,263.810,2973,4715,3000,0
2026-07-25T04:00:25Z,159697,1500152,509236,514216,476700,505124,143,49,47,47,112,5016,263.810,2799,5091,3000,0
2026-07-25T04:00:57Z,159729,1500152,509236,514216,476700,501028,143,49,47,47,112,5016,263.810,2715,4307,3000,0
2026-07-25T04:01:28Z,159760,1500152,509236,514216,476700,355620,143,49,47,47,112,5016,263.810,2929,4523,3000,0
2026-07-25T04:01:59Z,159791,1500152,509236,514216,476700,367908,143,49,47,47,112,5016,263.810,2817,4619,3000,0
2026-07-25T04:02:31Z,159823,1500152,509236,514216,476700,496932,143,49,47,47,112,5016,263.810,2755,4523,3000,0
2026-07-25T04:03:02Z,159854,1500152,509236,514216,476700,359716,143,49,47,47,112,5016,263.810,2859,4627,3000,0
2026-07-25T04:03:33Z,159885,1500152,509236,514216,476700,365860,143,49,47,47,112,5016,263.810,2939,4659,3000,0
2026-07-25T04:04:05Z,159917,1500152,509236,514216,476700,501028,143,49,47,47,112,5016,263.810,2715,4339,3000,0
2026-07-25T04:04:36Z,159948,1500152,509236,514216,476700,351524,143,49,47,47,112,5016,263.810,2765,4199,3000,0
2026-07-25T04:05:08Z,159980,1500152,509236,514216,476700,347428,143,49,47,47,112,5016,263.810,2809,4435,3000,0
2026-07-25T04:05:39Z,160011,1500160,509236,514216,476708,435501,143,49,47,47,112,5016,263.810,2845,4455,3000,0
2026-07-25T04:06:10Z,160042,1500160,509236,514216,476708,423213,143,49,47,47,112,5016,263.810,2711,4243,3000,0
2026-07-25T04:06:42Z,160074,1500160,509236,514216,476708,365870,143,49,47,47,112,5016,263.810,2759,4363,3000,0
2026-07-25T04:07:13Z,160105,1500160,509236,514216,476708,353582,143,49,47,47,112,5016,263.810,2755,4575,3000,0
2026-07-25T04:07:45Z,160137,1500160,509236,514216,476708,419118,143,49,47,47,112,5016,263.810,2683,4315,3000,0
2026-07-25T04:08:16Z,160168,1500160,509236,514216,476708,357678,143,49,47,47,112,5016,263.810,2735,4579,3000,0
2026-07-25T04:08:47Z,160199,1500160,509236,514216,476708,372014,143,49,47,47,112,5016,263.810,2995,4759,3000,0
2026-07-25T04:09:19Z,160231,1500164,509236,514220,476708,492846,143,49,47,47,112,5016,263.810,2729,4471,3000,0
2026-07-25T04:09:50Z,160262,1500164,509236,514220,476708,359727,143,49,47,47,112,5016,263.810,2821,4343,3000,0
2026-07-25T04:10:21Z,160293,1500164,509236,514220,476708,353583,143,49,47,47,112,5016,263.810,2779,4423,3000,0
2026-07-25T04:10:53Z,160325,1500164,509236,514220,476708,431407,143,49,47,47,112,5016,263.810,2753,4319,3000,0
2026-07-25T04:11:24Z,160356,1500164,509236,514220,476708,427311,143,49,47,47,112,5016,263.810,2751,4463,3000,0
2026-07-25T04:11:56Z,160388,1500164,509236,514220,476708,361775,143,49,47,47,112,5016,263.810,2765,4371,3000,0
2026-07-25T04:12:27Z,160419,1500164,509236,514220,476708,363823,143,49,47,47,112,5016,263.810,2899,4455,3000,0
2026-07-25T04:12:58Z,160450,1500164,509236,514220,476708,496943,143,49,47,47,112,5016,263.810,2843,4355,3000,0
2026-07-25T04:13:30Z,160482,1500164,509236,514220,476708,349487,143,49,47,47,112,5016,263.810,2833,4399,3000,0
2026-07-25T04:14:01Z,160513,1500164,509236,514220,476708,367919,143,49,47,47,112,5016,263.810,2697,4491,3000,0
2026-07-25T04:14:32Z,160544,1500164,509236,514220,476708,429359,143,49,47,47,112,5016,263.810,2729,4651,3000,0
2026-07-25T04:15:04Z,160576,1500164,509236,514220,476708,355631,143,49,47,47,112,5016,263.810,2665,4503,3000,0
2026-07-25T04:15:35Z,160607,1500164,509236,514220,476708,363823,143,49,47,47,112,5016,263.810,2691,4583,3000,0
2026-07-25T04:16:07Z,160639,1500164,509236,514220,476708,494895,143,49,47,47,112,5016,263.810,2809,4575,3000,0
2026-07-25T04:16:38Z,160670,1500164,509236,514220,476708,431407,143,49,47,47,112,5016,263.810,2715,4243,3000,0
2026-07-25T04:17:09Z,160701,1500164,509236,514220,476708,361775,143,49,47,47,112,5016,263.810,2771,4243,3000,0
2026-07-25T04:17:41Z,160733,1500168,509236,514220,476712,359727,143,49,47,47,112,5016,263.810,2789,4443,3000,0
2026-07-25T04:18:12Z,160764,1500168,509236,514220,476712,419119,143,49,47,47,112,5016,263.810,2901,4491,3000,0
2026-07-25T04:18:43Z,160795,1500168,509236,514220,476712,357679,143,49,47,47,112,5016,263.810,2671,4439,3000,0
2026-07-25T04:19:15Z,160827,1500168,509236,514220,476712,351535,143,49,47,47,112,5016,263.810,2755,4615,3000,0
2026-07-25T04:19:46Z,160858,1500168,509236,514220,476712,423215,143,49,47,47,112,5016,263.810,2693,4523,3000,0
2026-07-25T04:20:17Z,160889,1500168,509236,514220,476712,353583,143,49,47,47,112,5016,263.810,2757,4683,3000,0
2026-07-25T04:20:49Z,160921,1500168,509236,514220,476712,361775,143,49,47,47,112,5016,263.810,2783,4603,3000,0
2026-07-25T04:21:20Z,160952,1500168,509236,514220,476712,425263,143,49,47,47,112,5016,263.810,2775,4263,3000,0
2026-07-25T04:21:52Z,160984,1500168,509236,514220,476712,419119,143,49,47,47,112,5016,263.810,2675,4175,3000,0
2026-07-25T04:22:23Z,161015,1500168,509236,514220,476712,369967,143,49,47,47,112,5016,263.810,3055,4503,3000,0
2026-07-25T04:22:54Z,161046,1500168,509236,514220,476712,372015,143,49,47,47,112,5016,263.810,3039,4667,3000,0
2026-07-25T04:23:26Z,161078,1500168,509236,514220,476712,564527,143,49,47,47,112,5016,263.810,2999,4811,3000,0
2026-07-25T04:23:57Z,161109,1500168,509236,514220,476712,365872,143,49,47,47,112,5016,263.810,3191,4847,3000,0
2026-07-25T04:24:29Z,161141,1500168,509236,514220,476712,363824,143,49,47,47,112,5016,263.810,3163,4979,3000,0
2026-07-25T04:25:00Z,161172,1500168,509236,514220,476712,417072,143,49,47,47,112,5016,263.810,3177,4923,3000,0
2026-07-25T04:25:31Z,161203,1500168,509236,514220,476712,369968,143,49,47,47,112,5016,263.810,2759,4747,3000,0
2026-07-25T04:26:03Z,161235,1500168,509236,514220,476712,359728,143,49,47,47,112,5016,263.810,2761,4415,3000,0
2026-07-25T04:26:34Z,161266,1500168,509236,514220,476712,419120,143,49,47,47,112,5016,263.810,2785,4383,3000,0
2026-07-25T04:27:06Z,161298,1500168,509236,514220,476712,415024,143,49,47,47,112,5016,263.810,2713,4323,3000,0
2026-07-25T04:27:37Z,161329,1500168,509236,514220,476712,359728,143,49,47,47,112,5016,263.810,2687,4503,3000,0
2026-07-25T04:28:08Z,161360,1500168,509236,514220,476712,357680,143,49,47,47,112,5016,263.810,2963,4611,3000,0
2026-07-25T04:28:40Z,161392,1500168,509236,514220,476712,412976,143,49,47,47,112,5016,263.810,2743,4555,3000,0
2026-07-25T04:29:11Z,161423,1500168,509236,514220,476712,357680,143,49,47,47,112,5016,263.810,3097,4775,3000,0
2026-07-25T04:29:43Z,161455,1500168,509236,514220,476712,372016,143,49,47,47,112,5016,263.810,3205,4939,3000,0
2026-07-25T04:30:14Z,161486,1500168,509236,514220,476712,568624,143,49,47,47,112,5016,263.810,3023,5331,3000,0
2026-07-25T04:30:45Z,161517,1500168,509236,514220,476712,359728,143,49,47,47,112,5016,263.810,3009,4859,3000,0
2026-07-25T04:31:17Z,161549,1500176,509236,514228,476712,363831,143,49,47,47,112,5016,263.810,2855,4563,3000,0
2026-07-25T04:31:48Z,161580,1500176,509236,514228,476712,431415,143,49,47,47,112,5016,263.810,2911,4531,3000,0
2026-07-25T04:32:20Z,161612,1500180,509236,514228,476716,423226,143,49,47,47,112,5016,263.810,2943,4539,3000,0
2026-07-25T04:32:51Z,161643,1500180,509236,514228,476716,372026,143,49,47,47,112,5016,263.810,2701,4543,3000,0
2026-07-25T04:33:22Z,161674,1500180,509236,514228,476716,374074,143,49,47,47,112,5016,263.810,2813,4555,3000,0
2026-07-25T04:33:54Z,161706,1500180,509236,514228,476716,433466,143,49,47,47,112,5016,263.810,2761,4531,3000,0
2026-07-25T04:34:25Z,161737,1500180,509236,514228,476716,374074,143,49,47,47,112,5016,263.810,2753,4679,3000,0
2026-07-25T04:34:57Z,161769,1500180,509236,514228,476716,369978,143,49,47,47,112,5016,263.810,2861,4495,3000,0
2026-07-25T04:35:28Z,161800,1500184,509236,514232,476716,431419,143,49,47,47,112,5016,263.810,2743,4531,3000,0
2026-07-25T04:35:59Z,161831,1500184,509236,514232,476716,357691,143,49,47,47,112,5016,263.810,2813,4479,3000,0
2026-07-25T04:36:31Z,161863,1500184,509236,514232,476716,363835,143,49,47,47,112,5016,263.810,2737,4371,3000,0
2026-07-25T04:37:02Z,161894,1500184,509236,514232,476716,494907,143,49,47,47,112,5016,263.810,2713,4483,3000,0
2026-07-25T04:37:33Z,161925,1500184,509236,514232,476716,427323,143,49,47,47,112,5016,263.810,2741,4259,3000,0
2026-07-25T04:38:05Z,161957,1500184,509236,514232,476716,353595,143,49,47,47,112,5016,263.810,2731,4447,3000,0
2026-07-25T04:38:36Z,161988,1500184,509236,514232,476716,361787,143,49,47,47,112,5016,263.810,2735,4599,3000,0
2026-07-25T04:39:08Z,162020,1500184,509236,514232,476716,423227,143,49,47,47,112,5016,263.810,2671,4171,3000,0
2026-07-25T04:39:39Z,162051,1500184,509236,514232,476716,357691,143,49,47,47,112,5016,263.810,2723,4247,3000,0
2026-07-25T04:40:10Z,162082,1500184,509236,514232,476716,359739,143,49,47,47,112,5016,263.810,2893,4459,3000,0
2026-07-25T04:40:42Z,162114,1500184,509236,514232,476716,490811,143,49,47,47,112,5016,263.810,3025,4743,3000,0
2026-07-25T04:41:13Z,162145,1500184,509236,514232,476716,357691,143,49,47,47,112,5016,263.810,3047,5039,3000,0
2026-07-25T04:41:45Z,162177,1500704,509236,514752,476716,363835,143,49,47,47,112,5016,263.810,3083,4575,3000,0
2026-07-25T04:42:16Z,162208,1500704,509236,514752,476716,435516,143,49,47,47,112,5016,263.810,2949,5215,3000,0
2026-07-25T04:42:47Z,162239,1500704,509236,514752,476716,427324,143,49,47,47,112,5016,263.810,2689,4227,3000,0
2026-07-25T04:43:19Z,162271,1500704,509236,514752,476716,357692,143,49,47,47,112,5016,263.810,2863,4287,3000,0
2026-07-25T04:43:50Z,162302,1500704,509236,514752,476716,361788,143,49,47,47,112,5016,263.810,2723,4379,3000,0
2026-07-25T04:44:21Z,162333,1500704,509236,514752,476716,558396,143,49,47,47,112,5016,263.810,2685,4619,3000,0
2026-07-25T04:44:53Z,162365,1500704,509236,514752,476716,365884,143,49,47,47,112,5016,263.810,2855,4355,3000,0
2026-07-25T04:45:24Z,162396,1500704,509236,514752,476716,361788,143,49,47,47,112,5016,263.810,2761,4347,3000,0
2026-07-25T04:45:56Z,162428,1500704,509236,514752,476716,417084,143,49,47,47,112,5016,263.810,2827,4647,3000,0
2026-07-25T04:46:27Z,162459,1500704,509236,514752,476716,361788,143,49,47,47,112,5016,263.810,3031,4967,3000,0
2026-07-25T04:46:58Z,162490,1500704,509236,514752,476716,365884,143,49,47,47,112,5016,263.810,2959,4535,3000,0
2026-07-25T04:47:30Z,162522,1500704,509236,514752,476716,501052,143,49,47,47,112,5016,263.810,3213,5427,3000,0
2026-07-25T04:48:01Z,162553,1500704,509236,514752,476716,488764,143,49,47,47,112,5016,263.810,3067,4819,3000,0
2026-07-25T04:48:33Z,162585,1500704,509236,514752,476716,365884,143,49,47,47,112,5016,263.810,2913,4767,3000,0
2026-07-25T04:49:04Z,162616,1500704,509236,514752,476716,363836,143,49,47,47,112,5016,263.810,2787,4623,3000,0
2026-07-25T04:49:35Z,162647,1500760,509236,514756,476768,466242,143,49,47,47,112,5016,263.810,2753,4479,3000,0
2026-07-25T04:50:07Z,162679,1500760,509236,514756,476768,363842,143,49,47,47,112,5016,263.810,2889,4675,3000,0
2026-07-25T04:50:38Z,162710,1500760,509236,514756,476768,372034,143,49,47,47,112,5016,263.810,3113,4803,3000,0
2026-07-25T04:51:10Z,162742,1500764,509236,514756,476772,542020,143,49,47,47,112,5016,263.810,2933,4971,3000,0
2026-07-25T04:51:41Z,162773,1500764,509236,514756,476772,355652,143,49,47,47,112,5016,263.810,2789,4335,3000,0
2026-07-25T04:52:12Z,162804,1500772,509236,514764,476772,367948,143,49,47,47,112,5016,263.810,2789,4535,3000,0
2026-07-25T04:52:44Z,162836,1500772,509236,514764,476772,439628,143,49,47,47,112,5016,263.810,2985,4995,3000,0
2026-07-25T04:53:15Z,162867,1500772,509236,514764,476772,435532,143,49,47,47,112,5016,263.810,2989,4523,3000,0
2026-07-25T04:53:46Z,162898,1500772,509236,514764,476772,357709,143,49,47,47,112,5016,263.810,2983,5095,3000,0
2026-07-25T04:54:18Z,162930,1500772,509236,514764,476772,374093,143,49,47,47,112,5016,263.810,3059,5039,3000,0
2026-07-25T04:54:49Z,162961,1500772,509236,514764,476772,429389,143,49,47,47,112,5016,263.810,2751,5047,3000,0
2026-07-25T04:55:20Z,162992,1500772,509236,514764,476772,361805,143,49,47,47,112,5016,263.810,2921,4827,3000,0
2026-07-25T04:55:52Z,163024,1500772,509236,514764,476772,369997,143,49,47,47,112,5016,263.810,3073,4643,3000,0
2026-07-25T04:56:23Z,163055,1500772,509236,514764,476772,576847,143,49,47,47,112,5016,263.810,3207,5027,3000,0
2026-07-25T04:56:55Z,163087,1500772,509236,514764,476772,367951,143,49,47,47,112,5016,263.810,2745,4495,3000,0
2026-07-25T04:57:26Z,163118,1500772,509236,514764,476772,363855,143,49,47,47,112,5016,263.810,2787,4819,3000,0
2026-07-25T04:57:57Z,163149,1500772,509236,514764,476772,421199,143,49,47,47,112,5016,263.810,2791,4711,3000,0
2026-07-25T04:58:29Z,163181,1500772,509236,514764,476772,421199,143,49,47,47,112,5016,263.810,2967,4467,3000,0
2026-07-25T04:59:00Z,163212,1500772,509236,514764,476772,365903,143,49,47,47,112,5016,263.810,3037,4927,3000,0
2026-07-25T04:59:32Z,163244,1500772,509236,514764,476772,369999,143,49,47,47,112,5016,263.810,2849,4923,3000,0
2026-07-25T05:00:03Z,163275,1500788,509252,514764,476772,427343,143,49,47,47,112,5016,263.810,2901,4779,3000,0
2026-07-25T05:00:34Z,163306,1500788,509252,514764,476772,365903,143,49,47,47,112,5016,263.810,2761,4407,3000,0
2026-07-25T05:01:06Z,163338,1500788,509252,514764,476772,369999,143,49,47,47,112,5016,263.810,2843,4659,3000,0
2026-07-25T05:01:37Z,163369,1500788,509252,514764,476772,443727,143,49,47,47,112,5016,263.810,2809,4507,3000,0
2026-07-25T05:02:08Z,163400,1500788,509252,514764,476772,357711,143,49,47,47,112,5016,263.810,2739,4403,3000,0
2026-07-25T05:02:40Z,163432,1500788,509252,514764,476772,353615,143,49,47,47,112,5016,263.810,2931,4579,3000,0
2026-07-25T05:03:11Z,163463,1500788,509252,514764,476772,492879,143,49,47,47,112,5016,263.810,2791,4583,3000,0
2026-07-25T05:03:43Z,163495,1500788,509252,514764,476772,425295,143,49,47,47,112,5016,263.810,2705,4167,3000,0
2026-07-25T05:04:14Z,163526,1500788,509252,514764,476772,357711,143,49,47,47,112,5016,263.810,2727,4423,3000,0
2026-07-25T05:04:45Z,163557,1500788,509252,514764,476772,369999,143,49,47,47,112,5016,263.810,2885,4831,3000,0
2026-07-25T05:05:17Z,163589,1500788,509252,514764,476772,496975,143,49,47,47,112,5016,263.810,2683,4715,3000,0
2026-07-25T05:05:48Z,163620,1500788,509252,514764,476772,355663,143,49,47,47,112,5016,263.810,2865,4471,3000,0
2026-07-25T05:06:20Z,163652,1500788,509252,514764,476772,367951,143,49,47,47,112,5016,263.810,2797,4251,3000,0
2026-07-25T05:06:51Z,163683,1500788,509252,514764,476772,492879,143,49,47,47,112,5016,263.810,2917,4543,3000,0
2026-07-25T05:07:22Z,163714,1500788,509252,514764,476772,365903,143,49,47,47,112,5016,263.810,2857,4543,3000,0
2026-07-25T05:07:54Z,163746,1500788,509252,514764,476772,374095,143,49,47,47,112,5016,263.810,2743,4395,3000,0
2026-07-25T05:08:25Z,163777,1500788,509252,514764,476772,499023,143,49,47,47,112,5016,263.810,3095,4767,3000,0
2026-07-25T05:08:56Z,163808,1500792,509252,514764,476776,494927,143,49,47,47,112,5016,263.810,2911,4919,3000,0
2026-07-25T05:09:28Z,163840,1500792,509252,514764,476776,374095,143,49,47,47,112,5016,263.810,2961,4511,3000,0
2026-07-25T05:09:59Z,163871,1500792,509252,514764,476776,380239,143,49,47,47,112,5016,263.810,3049,5043,3000,0
2026-07-25T05:10:31Z,163903,1500792,509252,514764,476776,505167,143,49,47,47,112,5016,263.810,2849,4711,3000,0
2026-07-25T05:11:02Z,163934,1500792,509252,514764,476776,359759,143,49,47,47,112,5016,263.810,3093,4823,3000,0
2026-07-25T05:11:34Z,163966,1500792,509252,514764,476776,355663,143,49,47,47,112,5016,263.810,3251,4923,3000,0
2026-07-25T05:12:05Z,163997,1500792,509252,514764,476776,423247,143,49,47,47,112,5016,263.810,2849,4815,3000,0
2026-07-25T05:12:36Z,164028,1500792,509252,514764,476776,372047,143,49,47,47,112,5016,263.810,2895,4963,3000,0
2026-07-25T05:13:08Z,164060,1500792,509252,514764,476776,372047,143,49,47,47,112,5016,263.810,2989,4751,3000,0
2026-07-25T05:13:39Z,164091,1500792,509252,514764,476776,499023,143,49,47,47,112,5016,263.810,3007,4651,3000,0
2026-07-25T05:14:10Z,164122,1500792,509252,514764,476776,490831,143,49,47,47,112,5016,263.810,2639,4691,3000,0
2026-07-25T05:14:42Z,164154,1500792,509252,514764,476776,363855,143,49,47,47,112,5016,263.810,2783,4431,3000,0
2026-07-25T05:15:13Z,164185,1500792,509252,514764,476776,369999,143,49,47,47,112,5016,263.810,2807,4711,3000,0
2026-07-25T05:15:45Z,164217,1500792,509252,514764,476776,503119,143,49,47,47,112,5016,263.810,2903,4659,3000,0
2026-07-25T05:16:16Z,164248,1500792,509252,514764,476776,367951,143,49,47,47,112,5016,263.810,2663,4315,3000,0
2026-07-25T05:16:47Z,164279,1500792,509252,514764,476776,365903,143,49,47,47,112,5016,263.810,2697,4511,3000,0
2026-07-25T05:17:19Z,164311,1500796,509252,514764,476780,572751,143,49,47,47,112,5016,263.810,2695,4507,3000,0
2026-07-25T05:17:50Z,164342,1500808,509252,514776,476780,347471,143,49,47,47,112,5016,263.810,2811,4515,3000,0
2026-07-25T05:18:21Z,164373,1500808,509252,514776,476780,351567,143,49,47,47,112,5016,263.810,2767,4455,3000,0
2026-07-25T05:18:53Z,164405,1500808,509252,514776,476780,517455,143,49,47,47,112,5016,263.810,2839,4711,3000,0
2026-07-25T05:19:24Z,164436,1500808,509252,514776,476780,507215,143,49,47,47,112,5016,263.810,2745,4895,3000,0
2026-07-25T05:19:56Z,164468,1500808,509252,514776,476780,361807,143,49,47,47,112,5016,263.810,2729,4439,3000,0
2026-07-25T05:20:27Z,164499,1500808,509252,514776,476780,365903,143,49,47,47,112,5016,263.810,2759,4919,3000,0
2026-07-25T05:20:58Z,164530,1500816,509252,514776,476788,345423,143,49,47,47,112,5016,263.810,2827,4603,3000,0
2026-07-25T05:21:30Z,164562,1500816,509252,514776,476788,357711,143,49,47,47,112,5016,263.810,2731,4731,3000,0
2026-07-25T05:22:01Z,164593,1500816,509252,514776,476788,365903,143,49,47,47,112,5016,263.810,2825,4547,3000,0
2026-07-25T05:22:33Z,164625,1500816,509252,514776,476788,439632,143,49,47,47,112,5016,263.810,2705,4619,3000,0
2026-07-25T05:23:04Z,164656,1500816,509252,514776,476788,357712,143,49,47,47,112,5016,263.810,2711,4339,3000,0
2026-07-25T05:23:35Z,164687,1500816,509252,514776,476788,361808,143,49,47,47,112,5016,263.810,2789,4443,3000,0
2026-07-25T05:24:07Z,164719,1500816,509252,514776,476788,492880,143,49,47,47,112,5016,263.810,2841,4715,3000,0
2026-07-25T05:24:38Z,164750,1500816,509252,514776,476788,423248,143,49,47,47,112,5016,263.810,2687,4175,3000,0
2026-07-25T05:25:09Z,164781,1500816,509252,514776,476788,353616,143,49,47,47,112,5016,263.810,2965,4655,3000,0
2026-07-25T05:25:41Z,164813,1500816,509252,514776,476788,361808,143,49,47,47,112,5016,263.810,2795,4847,3000,0
2026-07-25T05:26:12Z,164844,1500816,509252,514776,476788,423248,143,49,47,47,112,5016,263.810,2767,4707,3000,0
2026-07-25T05:26:44Z,164876,1500816,509252,514776,476788,370000,143,49,47,47,112,5016,263.810,2785,4383,3000,0
2026-07-25T05:27:15Z,164907,1500816,509252,514776,476788,359760,143,49,47,47,112,5016,263.810,2815,4483,3000,0
2026-07-25T05:27:46Z,164938,1500816,509252,514776,476788,431440,143,49,47,47,112,5016,263.810,3021,4751,3000,0
2026-07-25T05:28:18Z,164970,1500816,509252,514776,476788,355664,143,49,47,47,112,5016,263.810,2705,4367,3000,0
2026-07-25T05:28:49Z,165001,1500816,509252,514776,476788,365904,143,49,47,47,112,5016,263.810,3017,4703,3000,0
2026-07-25T05:29:21Z,165033,1500816,509252,514776,476788,509264,143,49,47,47,112,5016,263.810,2823,4539,3000,0
2026-07-25T05:29:52Z,165064,1500816,509252,514776,476788,509264,143,49,47,47,112,5016,263.810,2805,4203,3000,0
2026-07-25T05:30:23Z,165095,1500820,509252,514776,476792,367953,143,49,47,47,112,5016,263.810,2741,4239,3000,0
2026-07-25T05:30:55Z,165127,1500820,509252,514776,476792,359761,143,49,47,47,112,5016,263.810,2819,4659,3000,0
2026-07-25T05:31:26Z,165158,1500820,509252,514776,476792,490833,143,49,47,47,112,5016,263.810,2723,4671,3000,0
2026-07-25T05:31:57Z,165189,1500820,509252,514776,476792,351569,143,49,47,47,112,5016,263.810,2929,4659,3000,0
2026-07-25T05:32:29Z,165221,1500820,509252,514776,476792,361809,143,49,47,47,112,5016,263.810,2815,4475,3000,0
2026-07-25T05:33:00Z,165252,1500820,509252,514776,476792,419153,143,49,47,47,112,5016,263.810,3015,4843,3000,0
2026-07-25T05:33:32Z,165284,1500820,509252,514776,476792,357713,143,49,47,47,112,5016,263.810,2759,4567,3000,0
2026-07-25T05:34:03Z,165315,1500820,509252,514776,476792,365905,143,49,47,47,112,5016,263.810,2935,4431,3000,0
2026-07-25T05:34:34Z,165346,1500820,509252,514776,476792,499025,143,49,47,47,112,5016,263.810,3029,4791,3000,0
2026-07-25T05:35:06Z,165378,1500840,509252,514796,476792,494948,143,49,47,47,112,5016,263.810,3021,4683,3000,0
2026-07-25T05:35:37Z,165409,1500840,509252,514796,476792,365924,143,49,47,47,112,5016,263.810,2913,4651,3000,0
2026-07-25T05:36:08Z,165440,1500852,509252,514808,476792,359780,143,49,47,47,112,5016,263.810,3057,4827,3000,0
2026-07-25T05:36:40Z,165472,1500852,509252,514808,476792,421220,143,49,47,47,112,5016,263.810,2789,4431,3000,0
2026-07-25T05:37:11Z,165503,1500852,509252,514808,476792,357732,143,49,47,47,112,5016,263.810,2795,4759,3000,0
2026-07-25T05:37:43Z,165535,1500852,509252,514808,476792,367972,143,49,47,47,112,5016,263.810,3031,4751,3000,0
2026-07-25T05:38:14Z,165566,1500852,509252,514808,476792,570724,143,49,47,47,112,5016,263.810,2933,4815,3000,0
2026-07-25T05:38:45Z,165597,1500856,509252,514808,476796,378212,143,49,47,47,112,5016,263.810,2819,4195,3000,0
2026-07-25T05:39:17Z,165629,1500856,509252,514808,476796,361829,143,49,47,47,112,5016,263.810,2929,4555,3000,0
2026-07-25T05:39:48Z,165660,1500856,509252,514808,476796,499045,143,49,47,47,112,5016,263.810,2875,4823,3000,0
2026-07-25T05:40:19Z,165691,1500856,509252,514808,476796,503141,143,49,47,47,112,5016,263.810,2751,4887,3000,0
2026-07-25T05:40:51Z,165723,1500856,509252,514808,476796,365925,143,49,47,47,112,5016,263.810,2943,4611,3000,0
2026-07-25T05:41:22Z,165754,1500856,509252,514808,476796,359781,143,49,47,47,112,5016,263.810,2885,4743,3000,0
2026-07-25T05:41:54Z,165786,1500856,509252,514808,476796,503142,143,49,47,47,112,5016,263.810,2737,4499,3000,0
2026-07-25T05:42:25Z,165817,1500856,509252,514808,476796,367974,143,49,47,47,112,5016,263.810,2777,4323,3000,0
2026-07-25T05:42:56Z,165848,1500856,509252,514808,476796,367974,143,49,47,47,112,5016,263.810,2995,4883,3000,0
2026-07-25T05:43:28Z,165880,1500856,509252,514808,476796,519526,143,49,47,47,112,5016,263.810,2975,4659,3000,0
2026-07-25T05:43:59Z,165911,1500856,509252,514808,476796,357734,143,49,47,47,112,5016,263.810,2769,4403,3000,0
2026-07-25T05:44:30Z,165942,1500856,509252,514808,476796,357734,143,49,47,47,112,5016,263.810,2919,4483,3000,0
2026-07-25T05:45:02Z,165974,1500856,509252,514808,476796,437606,143,49,47,47,112,5016,263.810,2887,4711,3000,0
2026-07-25T05:45:33Z,166005,1500856,509252,514808,476796,429414,143,49,47,47,112,5016,263.810,2733,4263,3000,0
2026-07-25T05:46:05Z,166037,1500856,509252,514808,476796,355686,143,49,47,47,112,5016,263.810,2793,4883,3000,0
2026-07-25T05:46:36Z,166068,1500856,509252,514808,476796,370022,143,49,47,47,112,5016,263.810,2807,4795,3000,0
2026-07-25T05:47:07Z,166099,1500856,509252,514808,476796,496998,143,49,47,47,112,5016,263.810,2843,4815,3000,0
2026-07-25T05:47:39Z,166131,1500856,509252,514808,476796,353638,143,49,47,47,112,5016,263.810,2763,4583,3000,0
2026-07-25T05:48:10Z,166162,1500856,509252,514808,476796,363878,143,49,47,47,112,5016,263.810,2941,4479,3000,0
2026-07-25T05:48:42Z,166194,1500856,509252,514808,476796,488806,143,49,47,47,112,5016,263.810,2849,4707,3000,0
2026-07-25T05:49:13Z,166225,1500856,509252,514808,476796,361830,143,49,47,47,112,5016,263.810,2879,4627,3000,0
2026-07-25T05:49:44Z,166256,1500856,509252,514808,476796,365926,143,49,47,47,112,5016,263.810,2755,4507,3000,0
2026-07-25T05:50:16Z,166288,1500856,509252,514808,476796,503142,143,49,47,47,112,5016,263.810,2923,4471,3000,0
2026-07-25T05:50:47Z,166319,1500856,509252,514808,476796,496998,143,49,47,47,112,5016,263.810,2847,4283,3000,0
2026-07-25T05:51:18Z,166350,1504828,509252,514808,480768,361830,143,49,47,47,112,5016,263.810,2755,4251,3000,0
2026-07-25T05:51:50Z,166382,1504828,509252,514808,480768,361830,143,49,47,47,112,5016,263.810,2845,4471,3000,0
2026-07-25T05:52:21Z,166413,1504828,509252,514808,480768,392550,143,49,47,47,112,5016,263.810,2917,4979,3000,0
2026-07-25T05:52:53Z,166445,1504828,509252,514808,480768,361830,143,49,47,47,112,5016,263.810,2741,4363,3000,0
2026-07-25T05:53:24Z,166476,1504828,509252,514808,480768,374118,143,49,47,47,112,5016,263.810,2905,4639,3000,0
2026-07-25T05:53:55Z,166507,1504828,509252,514808,480768,501094,143,49,47,47,112,5016,263.810,2959,4791,3000,0
2026-07-25T05:54:27Z,166539,1504828,509252,514808,480768,361830,143,49,47,47,112,5016,263.810,2799,4403,3000,0
2026-07-25T05:54:58Z,166570,1504828,509252,514808,480768,372070,143,49,47,47,112,5016,263.810,3033,4527,3000,0
2026-07-25T05:55:30Z,166602,1504828,509252,514808,480768,431462,143,49,47,47,112,5016,263.810,3099,4903,3000,0
2026-07-25T05:56:01Z,166633,1504828,509252,514808,480768,431462,143,49,47,47,112,5016,263.810,2885,4523,3000,0
2026-07-25T05:56:32Z,166664,1504836,509252,514816,480768,361836,143,49,47,47,112,5016,263.810,2807,4871,3000,0
2026-07-25T05:57:04Z,166696,1504836,509252,514816,480768,353644,143,49,47,47,112,5016,263.810,2821,4359,3000,0
2026-07-25T05:57:35Z,166727,1504836,509252,514816,480768,507244,143,49,47,47,112,5016,263.810,2731,4507,3000,0
2026-07-25T05:58:07Z,166759,1504836,509252,514816,480768,351596,143,49,47,47,112,5016,263.810,2783,4619,3000,0
2026-07-25T05:58:38Z,166790,1504836,509252,514816,480768,351596,143,49,47,47,112,5016,263.810,2793,4551,3000,0
2026-07-25T05:59:09Z,166821,1504836,509252,514816,480768,497004,143,49,47,47,112,5016,263.810,2877,4879,3000,0
2026-07-25T05:59:41Z,166853,1504836,509252,514816,480768,361836,143,49,47,47,112,5016,263.810,2937,4531,3000,0
2026-07-25T06:00:12Z,166884,1504836,509252,514816,480768,359788,143,49,47,47,112,5016,263.810,2959,4591,3000,0
2026-07-25T06:00:43Z,166915,1504836,509252,514816,480768,572780,143,49,47,47,112,5016,263.810,2775,5011,3000,0
2026-07-25T06:01:15Z,166947,1504836,509252,514816,480768,509292,143,49,47,47,112,5016,263.810,2891,4411,3000,0
2026-07-25T06:01:46Z,166978,1504836,509252,514816,480768,365932,143,49,47,47,112,5016,263.810,2721,4739,3000,0
2026-07-25T06:02:18Z,167010,1504836,509252,514816,480768,367980,143,49,47,47,112,5016,263.810,2779,4527,3000,0
2026-07-25T06:02:49Z,167041,1504836,509252,514816,480768,490860,143,49,47,47,112,5016,263.810,2779,4675,3000,0
2026-07-25T06:03:20Z,167072,1504836,509252,514816,480768,363884,143,49,47,47,112,5016,263.810,2747,4403,3000,0
2026-07-25T06:03:52Z,167104,1504836,509252,514816,480768,359788,143,49,47,47,112,5016,263.810,2821,4727,3000,0
2026-07-25T06:04:23Z,167135,1504836,509252,514816,480768,494956,143,49,47,47,112,5016,263.810,2751,4635,3000,0
2026-07-25T06:04:54Z,167166,1504836,509252,514816,480768,359788,143,49,47,47,112,5016,263.810,2667,4327,3000,0
2026-07-25T06:05:26Z,167198,1504836,509252,514816,480768,363884,143,49,47,47,112,5016,263.810,2997,4719,3000,0
2026-07-25T06:05:57Z,167229,1504836,509252,514816,480768,497004,143,49,47,47,112,5016,263.810,2809,5159,3000,0
2026-07-25T06:06:28Z,167260,1504836,509252,514816,480768,494956,143,49,47,47,112,5016,263.810,2759,4495,3000,0
2026-07-25T06:07:00Z,167292,1504836,509252,514816,480768,347500,143,49,47,47,112,5016,263.810,2781,4731,3000,0
2026-07-25T06:07:31Z,167323,1504836,509252,514816,480768,359788,143,49,47,47,112,5016,263.810,3021,4671,3000,0
2026-07-25T06:08:03Z,167355,1504836,509252,514816,480768,503148,143,49,47,47,112,5016,263.810,2729,4635,3000,0
2026-07-25T06:08:34Z,167386,1504836,509252,514816,480768,359788,143,49,47,47,112,5016,263.810,2779,4675,3000,0
2026-07-25T06:09:05Z,167417,1504836,509252,514816,480768,365932,143,49,47,47,112,5016,263.810,2795,4439,3000,0
2026-07-25T06:09:37Z,167449,1504836,509252,514816,480768,435564,143,49,47,47,112,5016,263.810,2789,4943,3000,0
2026-07-25T06:10:08Z,167480,1504836,509252,514816,480768,349548,143,49,47,47,112,5016,263.810,2937,4627,3000,0
2026-07-25T06:10:40Z,167512,1504836,509252,514816,480768,353644,143,49,47,47,112,5016,263.810,2775,4491,3000,0
2026-07-25T06:11:11Z,167543,1504836,509252,514816,480768,429420,143,49,47,47,112,5016,263.810,2977,4427,3000,0
2026-07-25T06:11:42Z,167574,1504836,509252,514816,480768,423276,143,49,47,47,112,5016,263.810,2667,4279,3000,0
2026-07-25T06:12:14Z,167606,1504836,509252,514816,480768,361836,143,49,47,47,112,5016,263.810,2731,4587,3000,0
2026-07-25T06:12:45Z,167637,1504840,509252,514820,480768,357740,143,49,47,47,112,5016,263.810,2835,4343,3000,0
2026-07-25T06:13:16Z,167668,1504840,509252,514820,480768,433516,143,49,47,47,112,5016,263.810,2725,4463,3000,0
2026-07-25T06:13:48Z,167700,1504840,509252,514820,480768,370028,143,49,47,47,112,5016,263.810,2919,4583,3000,0
2026-07-25T06:14:19Z,167731,1504844,509252,514820,480772,376175,143,49,47,47,112,5016,263.810,2997,4547,3000,0
2026-07-25T06:14:51Z,167763,1504844,509252,514820,480772,540015,143,49,47,47,112,5016,263.810,2859,4911,3000,0
2026-07-25T06:15:22Z,167794,1504844,509252,514820,480772,353647,143,49,47,47,112,5016,263.810,2703,4419,3000,0
2026-07-25T06:15:53Z,167825,1504844,509252,514820,480772,353647,143,49,47,47,112,5016,263.810,2753,4431,3000,0
2026-07-25T06:16:25Z,167857,1504844,509252,514820,480772,511343,143,49,47,47,112,5016,263.810,2767,4475,3000,0
2026-07-25T06:16:56Z,167888,1504844,509252,514820,480772,503151,143,49,47,47,112,5016,263.810,2655,4295,3000,0
2026-07-25T06:17:27Z,167919,1504844,509252,514820,480772,361839,143,49,47,47,112,5016,263.810,2733,4599,3000,0
2026-07-25T06:17:59Z,167951,1504844,509252,514820,480772,359791,143,49,47,47,112,5016,263.810,2785,4607,3000,0
2026-07-25T06:18:30Z,167982,1504848,509252,514820,480776,492916,143,49,47,47,112,5016,263.810,2739,4675,3000,0
2026-07-25T06:19:01Z,168013,1504848,509252,514820,480776,367988,143,49,47,47,112,5016,263.810,2767,4747,3000,0
2026-07-25T06:19:33Z,168045,1504848,509252,514820,480776,372084,143,49,47,47,112,5016,263.810,2955,4471,3000,0
2026-07-25T06:20:04Z,168076,1504848,509252,514820,480776,515444,143,49,47,47,112,5016,263.810,2713,4395,3000,0
2026-07-25T06:20:36Z,168108,1504848,509252,514820,480776,361844,143,49,47,47,112,5016,263.810,2691,4187,3000,0
2026-07-25T06:21:07Z,168139,1504848,509252,514820,480776,361844,143,49,47,47,112,5016,263.810,2833,4695,3000,0
2026-07-25T06:21:38Z,168170,1505056,509252,515028,480776,490868,143,49,47,47,112,5016,263.810,3021,5027,3000,0
2026-07-25T06:22:10Z,168202,1505056,509252,515028,480776,433524,143,49,47,47,112,5016,263.810,2933,4467,3000,0
2026-07-25T06:22:41Z,168233,1505056,509252,515028,480776,351604,143,49,47,47,112,5016,263.810,2937,5635,3000,0
2026-07-25T06:23:12Z,168264,1505056,509252,515028,480776,361844,143,49,47,47,112,5016,263.810,2785,4503,3000,0
2026-07-25T06:23:44Z,168296,1505056,509252,515028,480776,429428,143,49,47,47,112,5016,263.810,2739,4283,3000,0
2026-07-25T06:24:15Z,168327,1505056,509252,515028,480776,376180,143,49,47,47,112,5016,263.810,2977,4507,3000,0
2026-07-25T06:24:47Z,168359,1505056,509252,515028,480776,363892,143,49,47,47,112,5016,263.810,2809,4427,3000,0
2026-07-25T06:25:18Z,168390,1505056,509252,515028,480776,431476,143,49,47,47,112,5016,263.810,2815,4751,3000,0
2026-07-25T06:25:49Z,168421,1505056,509252,515028,480776,367988,143,49,47,47,112,5016,263.810,2825,4347,3000,0
2026-07-25T06:26:21Z,168453,1505056,509252,515028,480776,363892,143,49,47,47,112,5016,263.810,2793,4323,3000,0
2026-07-25T06:26:52Z,168484,1505056,509252,515028,480776,515444,143,49,47,47,112,5016,263.810,2813,4755,3000,0
2026-07-25T06:27:24Z,168516,1505056,509252,515028,480776,509300,143,49,47,47,112,5016,263.810,2689,4391,3000,0
2026-07-25T06:27:55Z,168547,1505056,509252,515028,480776,359796,143,49,47,47,112,5016,263.810,2757,4355,3000,0
2026-07-25T06:28:26Z,168578,1505056,509252,515028,480776,365940,143,49,47,47,112,5016,263.810,2845,4879,3000,0
2026-07-25T06:28:58Z,168610,1505056,509252,515028,480776,501108,143,49,47,47,112,5016,263.810,2733,4907,3000,0
2026-07-25T06:29:29Z,168641,1505056,509252,515028,480776,359796,143,49,47,47,112,5016,263.810,2705,4419,3000,0
2026-07-25T06:30:00Z,168672,1505056,509252,515028,480776,357748,143,49,47,47,112,5016,263.810,2815,4735,3000,0
2026-07-25T06:30:32Z,168704,1505056,509252,515028,480776,503156,143,49,47,47,112,5016,263.810,2729,4639,3000,0
2026-07-25T06:31:03Z,168735,1505056,509252,515028,480776,359796,143,49,47,47,112,5016,263.810,2769,4423,3000,0
2026-07-25T06:31:35Z,168767,1505056,509252,515028,480776,357748,143,49,47,47,112,5016,263.810,2809,4491,3000,0
2026-07-25T06:32:06Z,168798,1505056,509252,515028,480776,499060,143,49,47,47,112,5016,263.810,2891,4387,3000,0
2026-07-25T06:32:37Z,168829,1505056,509252,515028,480776,494964,143,49,47,47,112,5016,263.810,2653,4099,3000,0
2026-07-25T06:33:09Z,168861,1505056,509252,515028,480776,359796,143,49,47,47,112,5016,263.810,2787,4499,3000,0
2026-07-25T06:33:40Z,168892,1505056,509252,515028,480776,359796,143,49,47,47,112,5016,263.810,2825,4515,3000,0
2026-07-25T06:34:11Z,168923,1505056,509252,515028,480776,501108,143,49,47,47,112,5016,263.810,2701,4531,3000,0
2026-07-25T06:34:43Z,168955,1505056,509252,515028,480776,357748,143,49,47,47,112,5016,263.810,2825,4559,3000,0
2026-07-25T06:35:14Z,168986,1505056,509252,515028,480776,367988,143,49,47,47,112,5016,263.810,2781,4307,3000,0
2026-07-25T06:35:46Z,169018,1505056,509252,515028,480776,566644,143,49,47,47,112,5016,263.810,2811,4567,3000,0
2026-07-25T06:36:17Z,169049,1505056,509252,515028,480776,357748,143,49,47,47,112,5016,263.810,2933,4419,3000,0
2026-07-25T06:36:48Z,169080,1505056,509252,515028,480776,347508,143,49,47,47,112,5016,263.810,2851,4571,3000,0
2026-07-25T06:37:20Z,169112,1505056,509252,515028,480776,494964,143,49,47,47,112,5016,263.810,2869,4423,3000,0
2026-07-25T06:37:51Z,169143,1505056,509252,515028,480776,499060,143,49,47,47,112,5016,263.810,2731,4139,3000,0
2026-07-25T06:38:22Z,169174,1505056,509252,515028,480776,370036,143,49,47,47,112,5016,263.810,2761,4507,3000,0
2026-07-25T06:38:54Z,169206,1505056,509252,515028,480776,359796,143,49,47,47,112,5016,263.810,2811,4351,3000,0
2026-07-25T06:39:25Z,169237,1505056,509252,515028,480776,423284,143,49,47,47,112,5016,263.810,2813,4667,3000,0
2026-07-25T06:39:57Z,169269,1505056,509252,515028,480776,353652,143,49,47,47,112,5016,263.810,2787,4327,3000,0
2026-07-25T06:40:28Z,169300,1505056,509252,515028,480776,353652,143,49,47,47,112,5016,263.810,2827,4443,3000,0
2026-07-25T06:40:59Z,169331,1505056,509252,515028,480776,425332,143,49,47,47,112,5016,263.810,2817,4551,3000,0
2026-07-25T06:41:31Z,169363,1505056,509252,515028,480776,351604,143,49,47,47,112,5016,263.810,2937,4583,3000,0
2026-07-25T06:42:02Z,169394,1505056,509252,515028,480776,357748,143,49,47,47,112,5016,263.810,2885,4543,3000,0
2026-07-25T06:42:33Z,169425,1505056,509252,515028,480776,509300,143,49,47,47,112,5016,263.810,2911,4887,3000,0
2026-07-25T06:43:05Z,169457,1505056,509252,515028,480776,437620,143,49,47,47,112,5016,263.810,2727,4327,3000,0
2026-07-25T06:43:36Z,169488,1505056,509252,515028,480776,363892,143,49,47,47,112,5016,263.810,2839,4427,3000,0
2026-07-25T06:44:08Z,169520,1505056,509252,515028,480776,365940,143,49,47,47,112,5016,263.810,2873,4591,3000,0
2026-07-25T06:44:39Z,169551,1505056,509252,515028,480776,435572,143,49,47,47,112,5016,263.810,2827,4563,3000,0
2026-07-25T06:45:10Z,169582,1505056,509252,515028,480776,367988,143,49,47,47,112,5016,263.810,2767,4375,3000,0
2026-07-25T06:45:42Z,169614,1505056,509252,515028,480776,361844,143,49,47,47,112,5016,263.810,3019,4651,3000,0
2026-07-25T06:46:13Z,169645,1505056,509252,515028,480776,425332,143,49,47,47,112,5016,263.810,3087,4647,3000,0
2026-07-25T06:46:45Z,169677,1505056,509252,515028,480776,353652,143,49,47,47,112,5016,263.810,2935,4643,3000,0
2026-07-25T06:47:16Z,169708,1505056,509252,515028,480776,361844,143,49,47,47,112,5016,263.810,2811,4423,3000,0
2026-07-25T06:47:47Z,169739,1505056,509252,515028,480776,499060,143,49,47,47,112,5016,263.810,2819,4483,3000,0
2026-07-25T06:48:19Z,169771,1505056,509252,515028,480776,505204,143,49,47,47,112,5016,263.810,2935,4511,3000,0
2026-07-25T06:48:50Z,169802,1505056,509252,515028,480776,353652,143,49,47,47,112,5016,263.810,2811,4367,3000,0
2026-07-25T06:49:21Z,169833,1505056,509252,515028,480776,370036,143,49,47,47,112,5016,263.810,2903,4719,3000,0
2026-07-25T06:49:53Z,169865,1505056,509252,515028,480776,572788,143,49,47,47,112,5016,263.810,2835,5027,3000,0
2026-07-25T06:50:24Z,169896,1505064,509252,515028,480784,365940,143,49,47,47,112,5016,263.810,2749,5067,3000,0
2026-07-25T06:50:56Z,169928,1505064,509252,515028,480784,365940,143,49,47,47,112,5016,263.810,2961,4667,3000,0
2026-07-25T06:51:27Z,169959,1505064,509252,515028,480784,429428,143,49,47,47,112,5016,263.810,2799,4767,3000,0
2026-07-25T06:51:58Z,169990,1505064,509252,515028,480784,363892,143,49,47,47,112,5016,263.810,2813,4375,3000,0
2026-07-25T06:52:30Z,170022,1505064,509252,515028,480784,359796,143,49,47,47,112,5016,263.810,2835,4571,3000,0
2026-07-25T06:53:01Z,170053,1505064,509252,515028,480784,490868,143,49,47,47,112,5016,263.810,2919,5007,3000,0
2026-07-25T06:53:32Z,170084,1505064,509252,515028,480784,484724,143,49,47,47,112,5016,263.810,2671,4255,3000,0
2026-07-25T06:54:04Z,170116,1505064,509252,515028,480784,357748,143,49,47,47,112,5016,263.810,2777,4531,3000,0
2026-07-25T06:54:35Z,170147,1505064,509252,515028,480784,353652,143,49,47,47,112,5016,263.810,3135,4815,3000,0
2026-07-25T06:55:07Z,170179,1505064,509252,515028,480784,494964,143,49,47,47,112,5016,263.810,2771,4771,3000,0
2026-07-25T06:55:38Z,170210,1505064,509252,515028,480784,353652,143,49,47,47,112,5016,263.810,2971,4447,3000,0
2026-07-25T06:56:09Z,170241,1505064,509252,515028,480784,363892,143,49,47,47,112,5016,263.810,3023,4543,3000,0
2026-07-25T06:56:41Z,170273,1505064,509252,515028,480784,505204,143,49,47,47,112,5016,263.810,2813,4639,3000,0
2026-07-25T06:57:12Z,170304,1505064,509252,515028,480784,372084,143,49,47,47,112,5016,263.810,2733,4435,3000,0
2026-07-25T06:57:44Z,170336,1505064,509252,515028,480784,359796,143,49,47,47,112,5016,263.810,2875,4531,3000,0
2026-07-25T06:58:15Z,170367,1505064,509252,515028,480784,423284,143,49,47,47,112,5016,263.810,2833,4935,3000,0
2026-07-25T06:58:46Z,170398,1505064,509252,515028,480784,417140,143,49,47,47,112,5016,263.810,2751,4303,3000,0
2026-07-25T06:59:18Z,170430,1505064,509252,515028,480784,365940,143,49,47,47,112,5016,263.810,2815,4667,3000,0
2026-07-25T06:59:49Z,170461,1505064,509252,515028,480784,365940,143,49,47,47,112,5016,263.810,3059,4883,3000,0
2026-07-25T07:00:21Z,170493,1505064,509252,515028,480784,429428,143,49,47,47,112,5016,263.810,2801,4899,3000,0
2026-07-25T07:00:52Z,170524,1505064,509252,515028,480784,361844,143,49,47,47,112,5016,263.810,2759,4663,3000,0
2026-07-25T07:01:23Z,170555,1505064,509252,515028,480784,374132,143,49,47,47,112,5016,263.810,2849,4463,3000,0
2026-07-25T07:01:55Z,170587,1505064,509252,515028,480784,501108,143,49,47,47,112,5016,263.810,2933,4871,3000,0
2026-07-25T07:02:26Z,170618,1505064,509252,515028,480784,367988,143,49,47,47,112,5016,263.810,2745,4503,3000,0
2026-07-25T07:02:57Z,170649,1505064,509252,515028,480784,361844,143,49,47,47,112,5016,263.810,2751,4343,3000,0
2026-07-25T07:03:29Z,170681,1505064,509252,515028,480784,499060,143,49,47,47,112,5016,263.810,2857,4839,3000,0
2026-07-25T07:04:00Z,170712,1505064,509252,515028,480784,431476,143,49,47,47,112,5016,263.810,2687,4379,3000,0
2026-07-25T07:04:32Z,170744,1505064,509252,515028,480784,367988,143,49,47,47,112,5016,263.810,2779,4683,3000,0
2026-07-25T07:05:03Z,170775,1505064,509252,515028,480784,367988,143,49,47,47,112,5016,263.810,3023,4639,3000,0
2026-07-25T07:05:34Z,170806,1505084,509272,515028,480784,421236,143,49,47,47,112,5016,263.810,2925,4555,3000,0
2026-07-25T07:06:06Z,170838,1505084,509272,515028,480784,361844,143,49,47,47,112,5016,263.810,2773,4307,3000,0
2026-07-25T07:06:37Z,170869,1505084,509272,515028,480784,361844,143,49,47,47,112,5016,263.810,2863,4871,3000,0
2026-07-25T07:07:09Z,170901,1505084,509272,515028,480784,427380,143,49,47,47,112,5016,263.810,2851,4751,3000,0
2026-07-25T07:07:40Z,170932,1505084,509272,515028,480784,367988,143,49,47,47,112,5016,263.810,2753,4435,3000,0
2026-07-25T07:08:11Z,170963,1505084,509272,515028,480784,367988,143,49,47,47,112,5016,263.810,2839,4995,3000,0
2026-07-25T07:08:43Z,170995,1505084,509272,515028,480784,433524,143,49,47,47,112,5016,263.810,3091,4679,3000,0
2026-07-25T07:09:14Z,171026,1505084,509272,515028,480784,431476,143,49,47,47,112,5016,263.810,2743,4463,3000,0
2026-07-25T07:09:45Z,171057,1505084,509272,515028,480784,355700,143,49,47,47,112,5016,263.810,2789,4471,3000,0
2026-07-25T07:10:17Z,171089,1505088,509272,515032,480784,357748,143,49,47,47,112,5016,263.810,2803,4671,3000,0
2026-07-25T07:10:48Z,171120,1505104,509288,515032,480784,499060,143,49,47,47,112,5016,263.810,2859,4751,3000,0
2026-07-25T07:11:19Z,171151,1505104,509288,515032,480784,361844,143,49,47,47,112,5016,263.810,2843,4567,3000,0
2026-07-25T07:11:51Z,171183,1505104,509288,515032,480784,370036,143,49,47,47,112,5016,263.810,2855,4567,3000,0
2026-07-25T07:12:22Z,171214,1505104,509288,515032,480784,431476,143,49,47,47,112,5016,263.810,2727,4843,3000,0
2026-07-25T07:12:54Z,171246,1505104,509288,515032,480784,349556,143,49,47,47,112,5016,263.810,2689,4247,3000,0
2026-07-25T07:13:25Z,171277,1505104,509288,515032,480784,351604,143,49,47,47,112,5016,263.810,2855,4615,3000,0
2026-07-25T07:13:56Z,171308,1505104,509288,515032,480784,429428,143,49,47,47,112,5016,263.810,2777,4467,3000,0
2026-07-25T07:14:28Z,171340,1505104,509288,515032,480784,429428,143,49,47,47,112,5016,263.810,2691,4319,3000,0
2026-07-25T07:14:59Z,171371,1505104,509288,515032,480784,363892,143,49,47,47,112,5016,263.810,2699,4559,3000,0
2026-07-25T07:15:30Z,171402,1505104,509288,515032,480784,353652,143,49,47,47,112,5016,263.810,2809,4683,3000,0
2026-07-25T07:16:02Z,171434,1505104,509288,515032,480784,433524,143,49,47,47,112,5016,263.810,2701,4919,3000,0
2026-07-25T07:16:33Z,171465,1505104,509288,515032,480784,365940,143,49,47,47,112,5016,263.810,2861,4347,3000,0
2026-07-25T07:17:05Z,171497,1505104,509288,515032,480784,367988,143,49,47,47,112,5016,263.810,2897,4587,3000,0
2026-07-25T07:17:36Z,171528,1505104,509288,515032,480784,507252,143,49,47,47,112,5016,263.810,2777,4939,3000,0
2026-07-25T07:18:07Z,171559,1505104,509288,515032,480784,361844,143,49,47,47,112,5016,263.810,2831,4271,3000,0
2026-07-25T07:18:39Z,171591,1505104,509288,515032,480784,359796,143,49,47,47,112,5016,263.810,2707,4487,3000,0
2026-07-25T07:19:10Z,171622,1505104,509288,515032,480784,439668,143,49,47,47,112,5016,263.810,2915,4759,3000,0
2026-07-25T07:19:42Z,171654,1505104,509288,515032,480784,437620,143,49,47,47,112,5016,263.810,2739,4271,3000,0
2026-07-25T07:20:13Z,171685,1505104,509288,515032,480784,351604,143,49,47,47,112,5016,263.810,3013,4719,3000,0
2026-07-25T07:20:44Z,171716,1505104,509288,515032,480784,370036,143,49,47,47,112,5016,263.810,2835,4991,3000,0
2026-07-25T07:21:16Z,171748,1505104,509288,515032,480784,421236,143,49,47,47,112,5016,263.810,2759,4571,3000,0
2026-07-25T07:21:47Z,171779,1505104,509288,515032,480784,367988,143,49,47,47,112,5016,263.810,2779,4419,3000,0
2026-07-25T07:22:19Z,171811,1505104,509288,515032,480784,363892,143,49,47,47,112,5016,263.810,3065,4479,3000,0
2026-07-25T07:22:50Z,171842,1505104,509288,515032,480784,431476,143,49,47,47,112,5016,263.810,2753,4443,3000,0
2026-07-25T07:23:21Z,171873,1505104,509288,515032,480784,353652,143,49,47,47,112,5016,263.810,2867,4575,3000,0
2026-07-25T07:23:53Z,171905,1505104,509288,515032,480784,357748,143,49,47,47,112,5016,263.810,2795,4795,3000,0
2026-07-25T07:24:24Z,171936,1505104,509288,515032,480784,501108,143,49,47,47,112,5016,263.810,2807,4759,3000,0
2026-07-25T07:24:55Z,171967,1505104,509288,515032,480784,419188,143,49,47,47,112,5016,263.810,2873,4331,3000,0
2026-07-25T07:25:27Z,171999,1505104,509288,515032,480784,365940,143,49,47,47,112,5016,263.810,2827,4375,3000,0
2026-07-25T07:25:58Z,172030,1505104,509288,515032,480784,351604,143,49,47,47,112,5016,263.810,2903,4823,3000,0
2026-07-25T07:26:30Z,172062,1505104,509288,515032,480784,419188,143,49,47,47,112,5016,263.810,2757,4663,3000,0
2026-07-25T07:27:01Z,172093,1505104,509288,515032,480784,357748,143,49,47,47,112,5016,263.810,2837,4439,3000,0
2026-07-25T07:27:32Z,172124,1505104,509288,515032,480784,359796,143,49,47,47,112,5016,263.810,2875,4739,3000,0
2026-07-25T07:28:04Z,172156,1505104,509288,515032,480784,433524,143,49,47,47,112,5016,263.810,2817,4519,3000,0
2026-07-25T07:28:35Z,172187,1505104,509288,515032,480784,363892,143,49,47,47,112,5016,263.810,2735,4423,3000,0
2026-07-25T07:29:07Z,172219,1505104,509288,515032,480784,357748,143,49,47,47,112,5016,263.810,2825,4707,3000,0
2026-07-25T07:29:38Z,172250,1505104,509288,515032,480784,427380,143,49,47,47,112,5016,263.810,2869,4579,3000,0
2026-07-25T07:30:09Z,172281,1505108,509292,515032,480784,421236,143,49,47,47,112,5016,263.810,2765,4403,3000,0
2026-07-25T07:30:41Z,172313,1505108,509292,515032,480784,363892,143,49,47,47,112,5016,263.810,2773,4551,3000,0
2026-07-25T07:31:12Z,172344,1505116,509300,515032,480784,355700,143,49,47,47,112,5016,263.810,2861,4863,3000,0
2026-07-25T07:31:44Z,172376,1505116,509300,515032,480784,494964,143,49,47,47,112,5016,263.810,2801,4483,3000,0
2026-07-25T07:32:15Z,172407,1505116,509300,515032,480784,361844,143,49,47,47,112,5016,263.810,2743,4355,3000,0
2026-07-25T07:32:46Z,172438,1505116,509300,515032,480784,363892,143,49,47,47,112,5016,263.810,2963,4727,3000,0
2026-07-25T07:33:18Z,172470,1505116,509300,515032,480784,417142,143,49,47,47,112,5016,263.810,2859,4631,3000,0
2026-07-25T07:33:49Z,172501,1505116,509300,515032,480784,367990,143,49,47,47,112,5016,263.810,2941,4491,3000,0
2026-07-25T07:34:21Z,172533,1505120,509304,515032,480784,372086,143,49,47,47,112,5016,263.810,2811,4475,3000,0
2026-07-25T07:34:52Z,172564,1505120,509304,515032,480784,431478,143,49,47,47,112,5016,263.810,3033,4943,3000,0
2026-07-25T07:35:23Z,172595,1505120,509304,515032,480784,433526,143,49,47,47,112,5016,263.810,2855,4439,3000,0
2026-07-25T07:35:55Z,172627,1505120,509304,515032,480784,357750,143,49,47,47,112,5016,263.810,2963,4843,3000,0
2026-07-25T07:36:26Z,172658,1505120,509304,515032,480784,374134,143,49,47,47,112,5016,263.810,2993,4719,3000,0
2026-07-25T07:36:57Z,172689,1505120,509304,515032,480784,437622,143,49,47,47,112,5016,263.810,2775,4843,3000,0
2026-07-25T07:37:29Z,172721,1505120,509304,515032,480784,365942,143,49,47,47,112,5016,263.810,2685,4627,3000,0
2026-07-25T07:38:00Z,172752,1505120,509304,515032,480784,374134,143,49,47,47,112,5016,263.810,2813,4475,3000,0
2026-07-25T07:38:32Z,172784,1505120,509304,515032,480784,513398,143,49,47,47,112,5016,263.810,2797,4847,3000,0
2026-07-25T07:39:03Z,172815,1505120,509304,515032,480784,365942,143,49,47,47,112,5016,263.810,2735,4475,3000,0
2026-07-25T07:39:34Z,172846,1505120,509304,515032,480784,361846,143,49,47,47,112,5016,263.810,2945,4547,3000,0
2026-07-25T07:40:06Z,172878,1505120,509304,515032,480784,507255,143,49,47,47,112,5016,263.810,2769,4967,3000,0
2026-07-25T07:40:37Z,172909,1505120,509304,515032,480784,503159,143,49,47,47,112,5016,263.810,2679,4239,3000,0
2026-07-25T07:41:09Z,172941,1505124,509308,515032,480784,353656,143,49,47,47,112,5016,263.810,2901,4683,3000,0
2026-07-25T07:41:40Z,172972,1505124,509308,515032,480784,365944,143,49,47,47,112,5016,263.810,2833,4739,3000,0
2026-07-25T07:42:11Z,173003,1505124,509308,515032,480784,421240,143,49,47,47,112,5016,263.810,2893,4547,3000,0
2026-07-25T07:42:43Z,173035,1505124,509308,515032,480784,359800,143,49,47,47,112,5016,263.810,2769,4371,3000,0
2026-07-25T07:43:14Z,173066,1505124,509308,515032,480784,370040,143,49,47,47,112,5016,263.810,2797,4371,3000,0
2026-07-25T07:43:45Z,173097,1505124,509308,515032,480784,425336,143,49,47,47,112,5016,263.810,3011,4739,3000,0
2026-07-25T07:44:17Z,173129,1505124,509308,515032,480784,353656,143,49,47,47,112,5016,263.810,2709,4331,3000,0
2026-07-25T07:44:48Z,173160,1505132,509308,515032,480792,363896,143,49,47,47,112,5016,263.810,2973,4723,3000,0
2026-07-25T07:45:20Z,173192,1505136,509308,515032,480796,501114,143,49,47,47,112,5016,263.810,2811,4631,3000,0
2026-07-25T07:45:51Z,173223,1505136,509308,515032,480796,435578,143,49,47,47,112,5016,263.810,2723,4447,3000,0
2026-07-25T07:46:22Z,173254,1505136,509308,515032,480796,367994,143,49,47,47,112,5016,263.810,2757,4407,3000,0
2026-07-25T07:46:54Z,173286,1505136,509308,515032,480796,388474,143,49,47,47,112,5016,263.810,2813,4759,3000,0
2026-07-25T07:47:25Z,173317,1505136,509308,515032,480796,429434,143,49,47,47,112,5016,263.810,2747,4539,3000,0
2026-07-25T07:47:57Z,173349,1505136,509308,515032,480796,359802,143,49,47,47,112,5016,263.810,2917,4471,3000,0
2026-07-25T07:48:28Z,173380,1505136,509308,515032,480796,374138,143,49,47,47,112,5016,263.810,2793,4607,3000,0
2026-07-25T07:48:59Z,173411,1505136,509308,515032,480796,417146,143,49,47,47,112,5016,263.810,2783,4479,3000,0
2026-07-25T07:49:31Z,173443,1505136,509308,515032,480796,355706,143,49,47,47,112,5016,263.810,2757,4775,3000,0
2026-07-25T07:50:02Z,173474,1505136,509308,515032,480796,351610,143,49,47,47,112,5016,263.810,2951,4499,3000,0
2026-07-25T07:50:34Z,173506,1505136,509308,515032,480796,429436,143,49,47,47,112,5016,263.810,2885,4899,3000,0
2026-07-25T07:51:05Z,173537,1505140,509312,515032,480796,419196,143,49,47,47,112,5016,263.810,2699,4287,3000,0
2026-07-25T07:51:36Z,173568,1505140,509312,515032,480796,363900,143,49,47,47,112,5016,263.810,2807,4687,3000,0
2026-07-25T07:52:08Z,173600,1505140,509312,515032,480796,367996,143,49,47,47,112,5016,263.810,2857,4507,3000,0
2026-07-25T07:52:39Z,173631,1505140,509312,515032,480796,564604,143,49,47,47,112,5016,263.810,2695,4491,3000,0
2026-07-25T07:53:11Z,173663,1505140,509312,515032,480796,359804,143,49,47,47,112,5016,263.810,2773,4895,3000,0
2026-07-25T07:53:42Z,173694,1505140,509312,515032,480796,355708,143,49,47,47,112,5016,263.810,2985,4739,3000,0
2026-07-25T07:54:13Z,173725,1505140,509312,515032,480796,494972,143,49,47,47,112,5016,263.810,2777,4899,3000,0
2026-07-25T07:54:45Z,173757,1505144,509312,515032,480800,367996,143,49,47,47,112,5016,263.810,2769,4583,3000,0
2026-07-25T07:55:16Z,173788,1505144,509312,515032,480800,374140,143,49,47,47,112,5016,263.810,2769,4123,3000,0
2026-07-25T07:55:47Z,173819,1505144,509312,515032,480800,509308,143,49,47,47,112,5016,263.810,2869,4799,3000,0
2026-07-25T07:56:19Z,173851,1505144,509312,515032,480800,501116,143,49,47,47,112,5016,263.810,2741,4323,3000,0
2026-07-25T07:56:50Z,173882,1505208,509312,515096,480800,359804,143,49,47,47,112,5016,263.810,2757,4423,3000,0
2026-07-25T07:57:22Z,173914,1505208,509312,515096,480800,367996,143,49,47,47,112,5016,263.810,2783,4483,3000,0
2026-07-25T07:57:53Z,173945,1505208,509312,515096,480800,486780,143,49,47,47,112,5016,263.810,2727,4527,3000,0
2026-07-25T07:58:24Z,173976,1505208,509312,515096,480800,361852,143,49,47,47,112,5016,263.810,2893,4547,3000,0
2026-07-25T07:58:56Z,174008,1505208,509312,515096,480800,363900,143,49,47,47,112,5016,263.810,2839,4339,3000,0
2026-07-25T07:59:27Z,174039,1687620,0,1206796,480824,1138035,90,0,45,45,75,5016,263.810,2835,4783,3000,0
2026-07-25T07:59:59Z,174071,2743948,1028332,1234672,480944,1023889,140,46,47,47,113,5016,263.810,2821,6519,3000,0
2026-07-25T08:00:30Z,174102,2865184,1149388,1234672,481124,346702,141,47,47,47,114,5016,263.810,3081,6495,3000,0
2026-07-25T08:01:02Z,174134,2871228,1155500,1234672,481056,311929,141,47,47,47,112,5016,263.810,2851,4783,3000,0
2026-07-25T08:01:33Z,174165,2874220,1158492,1234672,481056,381574,141,47,47,47,112,5016,263.810,2875,4463,3000,0
2026-07-25T08:02:05Z,174197,2875316,1159588,1234672,481056,367248,141,47,47,47,112,5016,263.810,2763,4383,3000,0
2026-07-25T08:02:36Z,174228,2875532,1159604,1234872,481056,375451,141,47,47,47,112,5016,263.810,2933,4511,3000,0
2026-07-25T08:03:07Z,174259,2875544,1159616,1234872,481056,512672,141,47,47,47,112,5016,263.810,2899,4591,3000,0
2026-07-25T08:03:39Z,174291,2876596,1159672,1235868,481056,383652,141,47,47,47,112,5016,263.810,2747,4475,3000,0
2026-07-25T08:04:10Z,174322,2876708,1159784,1235868,481056,377511,141,47,47,47,112,5016,263.810,3045,4583,3000,0
2026-07-25T08:04:41Z,174353,2879348,1162424,1235868,481056,516785,141,47,47,47,112,5016,263.810,3035,4731,3000,0
2026-07-25T08:05:13Z,174385,2879728,1162804,1235868,481056,373427,141,47,47,47,112,5016,263.810,2901,4295,3000,0
2026-07-25T08:05:44Z,174416,2879752,1162828,1235868,481056,381619,141,47,47,47,112,5016,263.810,2835,4511,3000,0
2026-07-25T08:06:16Z,174448,2879824,1162848,1235920,481056,514743,141,47,47,47,112,5016,263.810,2839,4671,3000,0
2026-07-25T08:06:47Z,174479,2879936,1162856,1236024,481056,510647,141,47,47,47,112,5016,263.810,2735,4375,3000,0
2026-07-25T08:07:18Z,174510,2879948,1162868,1236024,481056,383676,141,47,47,47,112,5016,263.810,2765,4471,3000,0
2026-07-25T08:07:50Z,174542,2879948,1162868,1236024,481056,391869,141,47,47,47,112,5016,263.810,2771,4903,3000,0
2026-07-25T08:08:21Z,174573,2879972,1162892,1236024,481056,365247,141,47,47,47,112,5016,263.810,2725,4827,3000,0
2026-07-25T08:08:52Z,174604,2879992,1162912,1236024,481056,385729,141,47,47,47,112,5016,263.810,2793,4567,3000,0
2026-07-25T08:09:24Z,174636,2880284,1163204,1236024,481056,395973,141,47,47,47,112,5016,263.810,2773,4359,3000,0
2026-07-25T08:09:55Z,174667,2880556,1163232,1236268,481056,576197,141,47,47,47,112,5016,263.810,2771,4811,3000,0
2026-07-25T08:10:27Z,174699,2880588,1163264,1236268,481056,363206,141,47,47,47,112,5016,263.810,2867,4479,3000,0
2026-07-25T08:10:58Z,174730,2880604,1163280,1236268,481056,369350,141,47,47,47,112,5016,263.810,2731,4339,3000,0
2026-07-25T08:11:29Z,174761,2880612,1163288,1236268,481056,404174,141,47,47,47,112,5016,263.810,2797,4599,3000,0
2026-07-25T08:12:01Z,174793,2880616,1163292,1236268,481056,406222,141,47,47,47,112,5016,263.810,2767,4415,3000,0
2026-07-25T08:12:32Z,174824,2880636,1163312,1236268,481056,385748,141,47,47,47,112,5016,263.810,2727,4451,3000,0
2026-07-25T08:13:03Z,174855,2880684,1163360,1236268,481056,395989,141,47,47,47,112,5016,263.810,2947,4715,3000,0
2026-07-25T08:13:35Z,174887,2880684,1163360,1236268,481056,449238,141,47,47,47,112,5016,263.810,2831,4571,3000,0
2026-07-25T08:14:06Z,174918,2880692,1163368,1236268,481056,389846,141,47,47,47,112,5016,263.810,2923,4443,3000,0
2026-07-25T08:14:38Z,174950,2880692,1163368,1236268,481056,377559,141,47,47,47,112,5016,263.810,2999,4507,3000,0
2026-07-25T08:15:09Z,174981,2880728,1163404,1236268,481056,506581,141,47,47,47,112,5016,263.810,2645,4467,3000,0
2026-07-25T08:15:40Z,175012,2880728,1163404,1236268,481056,369303,141,47,47,47,112,5016,263.810,2681,4811,3000,0
2026-07-25T08:16:12Z,175044,2880736,1163412,1236268,481056,371351,141,47,47,47,112,5016,263.810,2783,4555,3000,0
2026-07-25T08:16:43Z,175075,2880736,1163412,1236268,481056,574104,141,47,47,47,112,5016,263.810,2773,4375,3000,0
2026-07-25T08:17:15Z,175107,2880748,1163424,1236268,481056,494232,141,47,47,47,112,5016,263.810,2687,4179,3000,0
2026-07-25T08:17:46Z,175138,2880748,1163424,1236268,481056,373403,141,47,47,47,112,5016,263.810,2913,4495,3000,0
2026-07-25T08:18:17Z,175169,2880748,1163424,1236268,481056,385692,141,47,47,47,112,5016,263.810,3039,4727,3000,0
2026-07-25T08:18:49Z,175201,2880764,1163440,1236268,481056,500385,141,47,47,47,112,5016,263.810,2647,4711,3000,0
2026-07-25T08:19:20Z,175232,2880776,1163452,1236268,481056,373416,141,47,47,47,112,5016,263.810,2663,4319,3000,0
2026-07-25T08:19:51Z,175263,2880780,1163456,1236268,481056,369323,141,47,47,47,112,5016,263.810,2781,4551,3000,0
2026-07-25T08:20:23Z,175295,2880792,1163468,1236268,481056,430769,141,47,47,47,112,5016,263.810,2737,4595,3000,0
2026-07-25T08:20:54Z,175326,2880792,1163468,1236268,481056,369336,141,47,47,47,112,5016,263.810,2693,4203,3000,0
2026-07-25T08:21:26Z,175358,2880796,1163472,1236268,481056,369336,141,47,47,47,112,5016,263.810,2691,4491,3000,0
2026-07-25T08:21:57Z,175389,2880800,1163476,1236268,481056,375483,141,47,47,47,112,5016,263.810,2939,4843,3000,0
2026-07-25T08:22:28Z,175420,2880824,1163500,1236268,481056,365248,141,47,47,47,112,5016,263.810,2765,4423,3000,0
2026-07-25T08:23:00Z,175452,2880828,1163504,1236268,481056,373443,141,47,47,47,112,5016,263.810,2729,4283,3000,0
2026-07-25T08:23:31Z,175483,2880828,1163504,1236268,481056,377539,141,47,47,47,112,5016,263.810,2755,4475,3000,0
2026-07-25T08:24:02Z,175514,2880828,1163504,1236268,481056,506565,141,47,47,47,112,5016,263.810,2689,4427,3000,0
2026-07-25T08:24:34Z,175546,2880832,1163508,1236268,481056,367302,141,47,47,47,112,5016,263.810,2711,4379,3000,0
2026-07-25T08:25:05Z,175577,2880832,1163508,1236268,481056,363207,141,47,47,47,112,5016,263.810,2753,4323,3000,0
2026-07-25T08:25:37Z,175609,2880852,1163516,1236268,481068,430806,141,47,47,47,112,5016,263.810,2803,4491,3000,0
2026-07-25T08:26:08Z,175640,2880852,1163516,1236268,481068,383704,141,47,47,47,112,5016,263.810,2647,4171,3000,0
2026-07-25T08:26:39Z,175671,2880852,1163516,1236268,481068,379608,141,47,47,47,112,5016,263.810,2805,4575,3000,0
2026-07-25T08:27:11Z,175703,2880856,1163520,1236268,481068,361179,141,47,47,47,112,5016,263.810,2873,4799,3000,0
2026-07-25T08:27:42Z,175734,2880888,1163552,1236268,481068,365285,141,47,47,47,112,5016,263.810,2637,3993,3000,0
2026-07-25T08:28:14Z,175766,2880888,1163552,1236268,481068,367334,141,47,47,47,112,5016,263.810,2821,4543,3000,0
2026-07-25T08:28:45Z,175797,2880888,1163552,1236268,481068,373479,141,47,47,47,112,5016,263.810,2839,4479,3000,0
2026-07-25T08:29:16Z,175828,2880892,1163556,1236268,481068,373483,141,47,47,47,112,5016,263.810,2885,4507,3000,0
2026-07-25T08:29:48Z,175860,2880892,1163556,1236268,481068,375531,141,47,47,47,112,5016,263.810,2749,4455,3000,0
2026-07-25T08:30:19Z,175891,2880904,1163568,1236268,481068,389868,141,47,47,47,112,5016,263.810,2817,4415,3000,0
2026-07-25T08:30:51Z,175923,2880908,1163572,1236268,481068,434925,141,47,47,47,112,5016,263.810,2795,4487,3000,0
2026-07-25T08:31:22Z,175954,2880908,1163572,1236268,481068,350958,141,47,47,47,112,5016,263.810,2731,4335,3000,0
2026-07-25T08:31:53Z,175985,2880932,1163596,1236268,481068,357102,141,47,47,47,112,5016,263.810,2763,4727,3000,0
2026-07-25T08:32:25Z,176017,2880948,1163612,1236268,481068,445192,141,47,47,47,112,5016,263.810,2945,4695,3000,0
2026-07-25T08:32:56Z,176048,2880948,1163612,1236268,481068,434952,141,47,47,47,112,5016,263.810,2833,4287,3000,0
2026-07-25T08:33:27Z,176079,2880960,1163624,1236268,481068,379657,141,47,47,47,112,5016,263.810,2733,4339,3000,0
2026-07-25T08:33:59Z,176111,2880960,1163624,1236268,481068,377615,141,47,47,47,112,5016,263.810,2823,4671,3000,0
2026-07-25T08:34:30Z,176142,2880968,1163632,1236268,481068,430863,141,47,47,47,112,5016,263.810,2731,4651,3000,0
2026-07-25T08:35:02Z,176174,2880968,1163632,1236268,481068,369425,141,47,47,47,112,5016,263.810,2899,4343,3000,0
2026-07-25T08:35:33Z,176205,2881028,1163692,1236268,481068,383763,141,47,47,47,112,5016,263.810,2833,4611,3000,0
2026-07-25T08:36:04Z,176236,2881032,1163696,1236268,481068,441114,141,47,47,47,112,5016,263.810,2759,4743,3000,0
2026-07-25T08:36:36Z,176268,2881032,1163696,1236268,481068,387869,141,47,47,47,112,5016,263.810,2689,4291,3000,0
2026-07-25T08:37:07Z,176299,2881052,1163716,1236268,481068,391965,141,47,47,47,112,5016,263.810,2759,4263,3000,0
2026-07-25T08:37:38Z,176330,2881052,1163716,1236268,481068,445217,141,47,47,47,112,5016,263.810,2763,4663,3000,0
2026-07-25T08:38:10Z,176362,2881052,1163716,1236268,481068,381729,141,47,47,47,112,5016,263.810,2667,4655,3000,0
2026-07-25T08:38:41Z,176393,2881052,1163716,1236268,481068,381730,141,47,47,47,112,5016,263.810,2761,4327,3000,0
2026-07-25T08:39:13Z,176425,2881052,1163716,1236268,481068,387877,141,47,47,47,112,5016,263.810,2773,4859,3000,0
2026-07-25T08:39:44Z,176456,2881052,1163716,1236268,481068,363301,141,47,47,47,112,5016,263.810,2703,4323,3000,0
2026-07-25T08:40:15Z,176487,2881052,1163716,1236268,481068,375590,141,47,47,47,112,5016,263.810,2725,4679,3000,0
2026-07-25T08:40:47Z,176519,2881060,1163724,1236268,481068,379688,141,47,47,47,112,5016,263.810,2711,4399,3000,0
2026-07-25T08:41:18Z,176550,2881288,1163792,1236428,481068,434984,141,47,47,47,112,5016,263.810,2699,4563,3000,0
2026-07-25T08:41:49Z,176581,2881288,1163792,1236428,481068,371496,141,47,47,47,112,5016,263.810,2825,4511,3000,0
2026-07-25T08:42:21Z,176613,2881288,1163792,1236428,481068,373544,141,47,47,47,112,5016,263.810,2693,4343,3000,0
2026-07-25T08:42:52Z,176644,2881288,1163792,1236428,481068,432937,141,47,47,47,112,5016,263.810,2837,4903,3000,0
2026-07-25T08:43:24Z,176676,2881324,1163792,1236464,481068,426793,141,47,47,47,112,5016,263.810,2723,4037,3000,0
2026-07-25T08:43:55Z,176707,2881324,1163792,1236464,481068,373545,141,47,47,47,112,5016,263.810,2727,4299,3000,0
2026-07-25T08:44:26Z,176738,2881324,1163792,1236464,481068,371498,141,47,47,47,112,5016,263.810,2989,4615,3000,0
2026-07-25T08:44:58Z,176770,2881324,1163792,1236464,481068,428844,141,47,47,47,112,5016,263.810,2691,4687,3000,0
2026-07-25T08:45:29Z,176801,2881328,1163796,1236464,481068,361263,141,47,47,47,112,5016,263.810,2691,4375,3000,0
2026-07-25T08:46:00Z,176832,2881328,1163796,1236464,481068,377647,141,47,47,47,112,5016,263.810,2755,4647,3000,0
2026-07-25T08:46:32Z,176864,2881328,1163796,1236464,481068,353071,141,47,47,47,112,5016,263.810,2751,4583,3000,0
2026-07-25T08:47:03Z,176895,2881328,1163796,1236464,481068,373551,141,47,47,47,112,5016,263.810,2725,4211,3000,0
2026-07-25T08:47:35Z,176927,2881336,1163804,1236464,481068,373551,141,47,47,47,112,5016,263.810,2791,4543,3000,0
2026-07-25T08:48:06Z,176958,2881340,1163808,1236464,481068,432945,141,47,47,47,112,5016,263.810,2997,5431,3000,0
2026-07-25T08:48:37Z,176989,2881568,1163808,1236692,481068,430897,141,47,47,47,112,5016,263.810,2777,4367,3000,0
2026-07-25T08:49:09Z,177021,2881568,1163808,1236692,481068,377649,141,47,47,47,112,5016,263.810,3071,4955,3000,0
2026-07-25T08:49:40Z,177052,2881568,1163808,1236692,481068,385841,141,47,47,47,112,5016,263.810,2901,4679,3000,0
2026-07-25T08:50:11Z,177083,2881568,1163808,1236692,481068,424753,141,47,47,47,112,5016,263.810,2709,4823,3000,0
2026-07-25T08:50:43Z,177115,2881568,1163808,1236692,481068,369457,141,47,47,47,112,5016,263.810,2873,4439,3000,0
2026-07-25T08:51:14Z,177146,2881572,1163812,1236692,481068,377650,141,47,47,47,112,5016,263.810,2811,4239,3000,0
2026-07-25T08:51:46Z,177178,2881576,1163816,1236692,481068,559926,141,47,47,47,112,5016,263.810,2771,4479,3000,0
2026-07-25T08:52:17Z,177209,2881576,1163816,1236692,481068,365366,141,47,47,47,112,5016,263.810,2705,4499,3000,0
2026-07-25T08:52:48Z,177240,2881576,1163816,1236692,481068,363318,141,47,47,47,112,5016,263.810,2769,4323,3000,0
2026-07-25T08:53:20Z,177272,2881576,1163816,1236692,481068,363318,141,47,47,47,112,5016,263.810,2741,4783,3000,0
2026-07-25T08:53:51Z,177303,2881576,1163816,1236692,481068,359222,141,47,47,47,112,5016,263.810,2681,4251,3000,0
2026-07-25T08:54:22Z,177334,2881576,1163816,1236692,481068,377655,141,47,47,47,112,5016,263.810,2631,4727,3000,0
2026-07-25T08:54:54Z,177366,2881608,1163848,1236692,481068,373559,141,47,47,47,112,5016,263.810,2657,4367,3000,0
2026-07-25T08:55:25Z,177397,2881612,1163852,1236692,481068,437047,141,47,47,47,112,5016,263.810,2641,4199,3000,0
2026-07-25T08:55:57Z,177429,2881612,1163852,1236692,481068,369465,141,47,47,47,112,5016,263.810,2787,4427,3000,0
2026-07-25T08:56:28Z,177460,2881620,1163860,1236692,481068,375615,141,47,47,47,112,5016,263.810,2997,4643,3000,0
2026-07-25T08:56:59Z,177491,2881628,1163868,1236692,481068,504643,141,47,47,47,112,5016,263.810,2811,4827,3000,0
2026-07-25T08:57:31Z,177523,2881628,1163868,1236692,481068,357190,141,47,47,47,112,5016,263.810,2859,4799,3000,0
2026-07-25T08:58:02Z,177554,2881632,1163872,1236692,481068,367430,141,47,47,47,112,5016,263.810,2909,4839,3000,0
2026-07-25T08:58:33Z,177585,2881640,1163880,1236692,481068,580427,141,47,47,47,112,5016,263.810,2895,4843,3000,0
2026-07-25T08:59:05Z,177617,2881640,1163880,1236692,481068,510795,141,47,47,47,112,5016,263.810,2955,4551,3000,0
2026-07-25T08:59:36Z,177648,2881648,1163888,1236692,481068,361294,141,47,47,47,112,5016,263.810,2841,4907,3000,0
2026-07-25T09:00:08Z,177679,2881648,1163888,1236692,481068,377680,141,47,47,47,112,5016,263.810,2833,4543,3000,0
2026-07-25T09:00:39Z,177711,2881684,1163924,1236692,481068,430933,141,47,47,47,112,5016,263.810,2797,4823,3000,0
2026-07-25T09:01:10Z,177742,2881684,1163924,1236692,481068,381785,141,47,47,47,112,5016,263.810,2961,4527,3000,0
2026-07-25T09:01:42Z,177774,2881684,1163924,1236692,481068,375641,141,47,47,47,112,5016,263.810,2885,4551,3000,0
2026-07-25T09:02:13Z,177805,2881684,1163924,1236692,481068,443226,141,47,47,47,112,5016,263.810,2949,4791,3000,0
2026-07-25T09:02:44Z,177836,2881692,1163932,1236692,481068,369504,141,47,47,47,112,5016,263.810,2797,4499,3000,0
2026-07-25T09:03:16Z,177868,2881692,1163932,1236692,481068,375648,141,47,47,47,112,5016,263.810,2847,4415,3000,0
2026-07-25T09:03:47Z,177899,2881708,1163948,1236692,481068,363378,141,47,47,47,112,5016,263.810,3073,4587,3000,0
2026-07-25T09:04:18Z,177930,2881708,1163948,1236692,481068,361330,141,47,47,47,112,5016,263.810,2727,4251,3000,0
2026-07-25T09:04:50Z,177962,2881716,1163956,1236692,481068,363378,141,47,47,47,112,5016,263.810,2985,4683,3000,0
2026-07-25T09:05:21Z,177993,2881728,1163968,1236692,481068,371572,141,47,47,47,112,5016,263.810,2883,4823,3000,0
2026-07-25T09:05:53Z,178025,2881732,1163972,1236692,481068,500596,141,47,47,47,112,5016,263.810,2797,4655,3000,0
2026-07-25T09:06:24Z,178056,2881732,1163972,1236692,481068,361334,141,47,47,47,112,5016,263.810,2809,4415,3000,0
2026-07-25T09:06:55Z,178087,2881744,1163984,1236692,481068,363390,141,47,47,47,112,5016,263.810,2911,4663,3000,0
2026-07-25T09:07:27Z,178119,2881744,1163984,1236692,481068,351105,141,47,47,47,112,5016,263.810,2841,4555,3000,0
2026-07-25T09:07:58Z,178150,2881748,1163988,1236692,481068,379777,141,47,47,47,112,5016,263.810,2865,4519,3000,0
2026-07-25T09:08:30Z,178182,2881748,1163988,1236692,481068,377729,141,47,47,47,112,5016,263.810,2819,4935,3000,0
2026-07-25T09:09:01Z,178213,2881748,1163988,1236692,481068,523137,141,47,47,47,112,5016,263.810,3053,4747,3000,0
2026-07-25T09:09:32Z,178244,2881748,1163988,1236692,481068,514945,141,47,47,47,112,5016,263.810,2711,4467,3000,0
2026-07-25T09:10:04Z,178276,2881748,1163988,1236692,481068,375681,141,47,47,47,112,5016,263.810,2813,4447,3000,0
2026-07-25T09:10:35Z,178307,2881748,1163988,1236692,481068,375681,141,47,47,47,112,5016,263.810,3077,4699,3000,0
2026-07-25T09:11:07Z,178339,2881752,1163992,1236692,481068,433025,141,47,47,47,112,5016,263.810,2811,4647,3000,0
2026-07-25T09:11:38Z,178370,2881752,1163992,1236692,481068,373633,141,47,47,47,112,5016,263.810,2825,4663,3000,0
2026-07-25T09:12:09Z,178401,2881752,1163992,1236692,481068,375681,141,47,47,47,112,5016,263.810,2843,4587,3000,0
2026-07-25T09:12:41Z,178433,2881752,1163992,1236692,481068,504707,141,47,47,47,112,5016,263.810,2831,4695,3000,0
2026-07-25T09:13:12Z,178464,2881760,1164000,1236692,481068,377731,141,47,47,47,112,5016,263.810,2935,4611,3000,0
2026-07-25T09:13:44Z,178496,2881760,1164000,1236692,481068,373635,141,47,47,47,112,5016,263.810,2797,4535,3000,0
2026-07-25T09:14:15Z,178527,2881764,1164004,1236692,481068,377731,141,47,47,47,112,5016,263.810,2831,4699,3000,0
2026-07-25T09:14:46Z,178558,2881764,1164004,1236692,481068,361347,141,47,47,47,112,5016,263.810,2891,4547,3000,0
2026-07-25T09:15:18Z,178590,2881764,1164004,1236692,481068,375683,141,47,47,47,112,5016,263.810,2823,4523,3000,0
2026-07-25T09:15:49Z,178621,2881764,1164004,1236692,481068,377731,141,47,47,47,112,5016,263.810,2839,4867,3000,0
2026-07-25T09:16:20Z,178652,2881764,1164004,1236692,481068,445315,141,47,47,47,112,5016,263.810,2797,4631,3000,0
2026-07-25T09:16:52Z,178684,2881764,1164004,1236692,481068,373635,141,47,47,47,112,5016,263.810,2943,4739,3000,0
2026-07-25T09:17:23Z,178715,2881764,1164004,1236692,481068,377731,141,47,47,47,112,5016,263.810,3051,4743,3000,0
2026-07-25T09:17:55Z,178747,2881768,1164008,1236692,481068,375684,141,47,47,47,112,5016,263.810,2831,4895,3000,0
2026-07-25T09:18:26Z,178778,2881768,1164008,1236692,481068,377732,141,47,47,47,112,5016,263.810,2807,4395,3000,0
2026-07-25T09:18:57Z,178809,2881768,1164008,1236692,481068,379780,141,47,47,47,112,5016,263.810,3017,4499,3000,0
2026-07-25T09:19:29Z,178841,2881772,1164012,1236692,481068,433033,141,47,47,47,112,5016,263.810,2859,4827,3000,0
2026-07-25T09:20:00Z,178872,2881772,1164012,1236692,481068,359305,141,47,47,47,112,5016,263.810,2739,4711,3000,0
2026-07-25T09:20:31Z,178903,2881772,1164012,1236692,481068,375689,141,47,47,47,112,5016,263.810,2793,4755,3000,0
2026-07-25T09:21:03Z,178935,2881772,1164012,1236692,481068,375689,141,47,47,47,112,5016,263.810,2883,4727,3000,0
2026-07-25T09:21:34Z,178966,2881776,1164016,1236692,481068,428941,141,47,47,47,112,5016,263.810,2783,4763,3000,0
2026-07-25T09:22:06Z,178998,2881776,1164016,1236692,481068,371597,141,47,47,47,112,5016,263.810,2791,4535,3000,0
2026-07-25T09:22:37Z,179029,2881840,1164016,1236756,481068,373645,141,47,47,47,112,5016,263.810,2819,4483,3000,0
2026-07-25T09:23:08Z,179060,2881844,1164020,1236756,481068,508817,141,47,47,47,112,5016,263.810,2807,4863,3000,0
2026-07-25T09:23:40Z,179092,2881844,1164020,1236756,481068,371601,141,47,47,47,112,5016,263.810,2783,4447,3000,0
2026-07-25T09:24:11Z,179123,2881844,1164020,1236756,481068,375697,141,47,47,47,112,5016,263.810,2857,4735,3000,0
2026-07-25T09:24:43Z,179155,2881844,1164020,1236756,481068,359325,141,47,47,47,112,5016,263.810,3099,4927,3000,0
2026-07-25T09:25:14Z,179186,2881848,1164024,1236756,481068,347037,141,47,47,47,112,5016,263.810,2759,4363,3000,0
2026-07-25T09:25:45Z,179217,2881848,1164024,1236756,481068,367517,141,47,47,47,112,5016,263.810,2839,4487,3000,0
2026-07-25T09:26:17Z,179249,2881848,1164024,1236756,481068,373661,141,47,47,47,112,5016,263.810,2931,4687,3000,0
2026-07-25T09:26:48Z,179280,2881848,1164024,1236756,481068,439197,141,47,47,47,112,5016,263.810,2817,4627,3000,0
2026-07-25T09:27:20Z,179312,2881848,1164024,1236756,481068,363421,141,47,47,47,112,5016,263.810,2775,4367,3000,0
2026-07-25T09:27:51Z,179343,2881848,1164024,1236756,481068,373661,141,47,47,47,112,5016,263.810,3045,4619,3000,0
2026-07-25T09:28:22Z,179374,2881852,1164028,1236756,481068,498590,141,47,47,47,112,5016,263.810,2871,4687,3000,0
2026-07-25T09:28:54Z,179406,2881856,1164032,1236756,481068,371614,141,47,47,47,112,5016,263.810,2755,4675,3000,0
2026-07-25T09:29:25Z,179437,2881856,1164032,1236756,481068,379806,141,47,47,47,112,5016,263.810,2849,4819,3000,0
2026-07-25T09:29:56Z,179468,2881856,1164032,1236756,481068,439198,141,47,47,47,112,5016,263.810,2923,4679,3000,0
2026-07-25T09:30:28Z,179500,2881876,1164052,1236756,481068,435102,141,47,47,47,112,5016,263.810,2777,4391,3000,0
2026-07-25T09:30:59Z,179531,2881876,1164052,1236756,481068,369589,141,47,47,47,112,5016,263.810,3011,4683,3000,0
2026-07-25T09:31:31Z,179563,2881876,1164052,1236756,481068,396213,141,47,47,47,112,5016,263.810,2793,4695,3000,0
2026-07-25T09:32:02Z,179594,2881880,1164056,1236756,481068,508853,141,47,47,47,112,5016,263.810,2827,4863,3000,0
2026-07-25T09:32:33Z,179625,2881880,1164056,1236756,481068,381877,141,47,47,47,112,5016,263.810,2797,4451,3000,0
2026-07-25T09:33:05Z,179657,2881880,1164056,1236756,481068,377781,141,47,47,47,112,5016,263.810,2927,4655,3000,0
2026-07-25T09:33:36Z,179688,2881888,1164064,1236756,481068,447413,141,47,47,47,112,5016,263.810,3081,4963,3000,0
2026-07-25T09:34:08Z,179720,2881908,1164084,1236756,481068,371651,141,47,47,47,112,5016,263.810,2763,4479,3000,0
2026-07-25T09:34:39Z,179751,2881908,1164084,1236756,481068,373699,141,47,47,47,112,5016,263.810,2847,4627,3000,0
2026-07-25T09:35:10Z,179782,2881912,1164088,1236756,481068,574409,141,47,47,47,112,5016,263.810,2873,5071,3000,0
2026-07-25T09:35:42Z,179814,2881912,1164088,1236756,481068,496585,141,47,47,47,112,5016,263.810,2723,4235,3000,0
2026-07-25T09:36:13Z,179845,2881912,1164088,1236756,481068,359370,141,47,47,47,112,5016,263.810,2967,4527,3000,0
2026-07-25T09:36:44Z,179876,2881912,1164088,1236756,481068,373706,141,47,47,47,112,5016,263.810,3057,4771,3000,0
2026-07-25T09:37:16Z,179908,2881916,1164092,1236756,481068,429005,141,47,47,47,112,5016,263.810,2901,4707,3000,0
2026-07-25T09:37:47Z,179939,2881916,1164092,1236756,481068,359373,141,47,47,47,112,5016,263.810,2893,4579,3000,0
2026-07-25T09:38:19Z,179971,2881916,1164092,1236756,481068,377805,141,47,47,47,112,5016,263.810,2943,4623,3000,0
2026-07-25T09:38:50Z,180002,2881916,1164092,1236756,481068,433101,141,47,47,47,112,5016,263.810,2915,4895,3000,0
2026-07-25T09:39:21Z,180033,2881920,1164096,1236756,481068,365517,141,47,47,47,112,5016,263.810,2789,4511,3000,0
2026-07-25T09:39:53Z,180065,2881920,1164096,1236756,481068,367565,141,47,47,47,112,5016,263.810,3047,4679,3000,0
2026-07-25T09:40:24Z,180096,2881924,1164100,1236756,481068,377808,141,47,47,47,112,5016,263.810,3061,4683,3000,0
2026-07-25T09:40:56Z,180128,2881944,1164120,1236756,481068,351184,141,47,47,47,112,5016,263.810,2951,4283,3000,0
2026-07-25T09:41:27Z,180159,2881944,1164120,1236756,481068,373732,141,47,47,47,112,5016,263.810,2831,4515,3000,0
2026-07-25T09:41:58Z,180190,2881948,1164124,1236756,481068,386020,141,47,47,47,112,5016,263.810,2881,4483,3000,0
2026-07-25T09:42:30Z,180222,2881948,1164124,1236756,481068,408548,141,47,47,47,112,5016,263.810,2775,4763,3000,0
2026-07-25T09:43:01Z,180253,2881948,1164124,1236756,481068,377828,141,47,47,47,112,5016,263.810,2763,4975,3000,0
2026-07-25T09:43:32Z,180284,2881948,1164124,1236756,481068,375780,141,47,47,47,112,5016,263.810,2955,4627,3000,0
2026-07-25T09:44:04Z,180316,2881948,1164124,1236756,481068,373732,141,47,47,47,112,5016,263.810,2781,4559,3000,0
2026-07-25T09:44:35Z,180347,2881948,1164124,1236756,481068,383972,141,47,47,47,112,5016,263.810,2775,4455,3000,0
2026-07-25T09:45:07Z,180379,2881948,1164124,1236756,481068,383972,141,47,47,47,112,5016,263.810,2879,4543,3000,0
2026-07-25T09:45:38Z,180410,2881948,1164124,1236756,481068,375780,141,47,47,47,112,5016,263.810,3089,4847,3000,0
2026-07-25T09:46:09Z,180441,2881952,1164128,1236756,481068,363492,141,47,47,47,112,5016,263.810,2777,4415,3000,0
2026-07-25T09:46:41Z,180473,2881952,1164128,1236756,481068,373736,141,47,47,47,112,5016,263.810,2841,4459,3000,0
2026-07-25T09:47:12Z,180504,2881952,1164128,1236756,481068,371688,141,47,47,47,112,5016,263.810,2879,4811,3000,0
2026-07-25T09:47:44Z,180535,2881952,1164128,1236756,481068,367593,141,47,47,47,112,5016,263.810,2777,4739,3000,0
2026-07-25T09:48:15Z,180567,2881952,1164128,1236756,481068,375785,141,47,47,47,112,5016,263.810,2795,4363,3000,0
2026-07-25T09:48:46Z,180598,2881952,1164128,1236756,481068,369641,141,47,47,47,112,5016,263.810,2881,4911,3000,0
2026-07-25T09:49:18Z,180630,2881952,1164128,1236756,481068,431081,141,47,47,47,112,5016,263.810,2925,4719,3000,0
2026-07-25T09:49:49Z,180661,2881952,1164128,1236756,481068,377833,141,47,47,47,112,5016,263.810,2747,4287,3000,0
2026-07-25T09:50:20Z,180692,2881956,1164132,1236756,481068,371689,141,47,47,47,112,5016,263.810,3005,4651,3000,0
2026-07-25T09:50:52Z,180724,2881956,1164132,1236756,481068,375785,141,47,47,47,112,5016,263.810,2873,4839,3000,0
2026-07-25T09:51:23Z,180755,2881956,1164132,1236756,481068,375785,141,47,47,47,112,5016,263.810,2933,4411,3000,0
2026-07-25T09:51:55Z,180787,2881956,1164132,1236756,481068,369641,141,47,47,47,112,5016,263.810,2905,4559,3000,0
2026-07-25T09:52:26Z,180818,2881960,1164136,1236756,481068,377834,141,47,47,47,112,5016,263.810,2857,5323,3000,0
2026-07-25T09:52:57Z,180849,2881960,1164136,1236756,481068,361450,141,47,47,47,112,5016,263.810,2949,4875,3000,0
2026-07-25T09:53:29Z,180881,2881960,1164136,1236756,481068,363498,141,47,47,47,112,5016,263.810,2815,4439,3000,0
2026-07-25T09:54:00Z,180912,2881960,1164136,1236756,481068,371691,141,47,47,47,112,5016,263.810,2917,4679,3000,0
2026-07-25T09:54:32Z,180944,2881960,1164136,1236756,481068,435180,141,47,47,47,112,5016,263.810,2825,5131,3000,0
2026-07-25T09:55:03Z,180975,2881960,1164136,1236756,481068,373740,141,47,47,47,112,5016,263.810,2943,4539,3000,0
2026-07-25T09:55:34Z,181006,2881960,1164136,1236756,481068,371692,141,47,47,47,112,5016,263.810,3035,4675,3000,0
2026-07-25T09:56:06Z,181038,2881960,1164136,1236756,481068,558060,141,47,47,47,112,5016,263.810,2889,4667,3000,0
2026-07-25T09:56:37Z,181069,2881960,1164136,1236756,481068,496620,141,47,47,47,112,5016,263.810,2821,4391,3000,0
2026-07-25T09:57:09Z,181101,2881960,1164136,1236756,481068,359405,141,47,47,47,112,5016,263.810,3001,4591,3000,0
2026-07-25T09:57:40Z,181132,2881960,1164136,1236756,481068,375789,141,47,47,47,112,5016,263.810,3081,4939,3000,0
2026-07-25T09:58:11Z,181163,2881960,1164136,1236756,481068,498669,141,47,47,47,112,5016,263.810,2789,5107,3000,0
2026-07-25T09:58:43Z,181195,2881964,1164140,1236756,481068,377842,141,47,47,47,112,5016,263.810,2781,4631,3000,0
2026-07-25T09:59:14Z,181226,2881964,1164140,1236756,481068,371698,141,47,47,47,112,5016,263.810,2933,4891,3000,0
2026-07-25T09:59:45Z,181257,2882008,1164184,1236756,481068,433139,141,47,47,47,112,5016,263.810,2997,4823,3000,0
2026-07-25T10:00:17Z,181289,2882012,1164188,1236756,481068,371700,141,47,47,47,112,5016,263.810,2801,4623,3000,0
2026-07-25T10:00:48Z,181320,2882012,1164188,1236756,481068,373748,141,47,47,47,112,5016,263.810,2717,4355,3000,0
2026-07-25T10:01:20Z,181352,2882012,1164188,1236756,481068,521204,141,47,47,47,112,5016,263.810,2983,4799,3000,0
2026-07-25T10:01:51Z,181383,2882012,1164188,1236756,481068,525300,141,47,47,47,112,5016,263.810,2669,4131,3000,0
2026-07-25T10:02:22Z,181414,2882012,1164188,1236756,481068,369654,141,47,47,47,112,5016,263.810,2715,4243,3000,0
2026-07-25T10:02:54Z,181446,2882016,1164192,1236756,481068,379894,141,47,47,47,112,5016,263.810,2793,4435,3000,0
2026-07-25T10:03:25Z,181477,2882024,1164200,1236756,481068,576507,141,47,47,47,112,5016,263.810,2885,4607,3000,0
2026-07-25T10:03:57Z,181509,2882024,1164200,1236756,481068,361469,141,47,47,47,112,5016,263.810,2735,4727,3000,0
2026-07-25T10:04:28Z,181540,2882028,1164204,1236756,481068,361475,141,47,47,47,112,5016,263.810,2913,4427,3000,0
2026-07-25T10:04:59Z,181571,2882036,1164212,1236756,481068,498699,141,47,47,47,112,5016,263.810,2723,4479,3000,0
2026-07-25T10:05:31Z,181603,2882040,1164216,1236756,481068,369680,141,47,47,47,112,5016,263.810,2809,4351,3000,0
2026-07-25T10:06:02Z,181634,2882044,1164220,1236756,481068,375824,141,47,47,47,112,5016,263.810,2709,4367,3000,0
2026-07-25T10:06:33Z,181665,2882064,1164240,1236756,481068,371748,141,47,47,47,112,5016,263.810,2711,4339,3000,0
2026-07-25T10:07:05Z,181697,2882064,1164240,1236756,481068,369700,141,47,47,47,112,5016,263.810,2649,4127,3000,0
2026-07-25T10:07:36Z,181728,2882100,1164276,1236756,481068,384068,141,47,47,47,112,5016,263.810,2779,4315,3000,0
2026-07-25T10:08:08Z,181760,2882100,1164276,1236756,481068,398410,141,47,47,47,112,5016,263.810,2749,4423,3000,0
2026-07-25T10:08:39Z,181791,2882108,1164284,1236756,481068,367691,141,47,47,47,112,5016,263.810,2721,4631,3000,0
2026-07-25T10:09:10Z,181822,2882108,1164284,1236756,481068,375883,141,47,47,47,112,5016,263.810,2673,4163,3000,0
2026-07-25T10:09:42Z,181854,2882108,1164284,1236756,481068,379979,141,47,47,47,112,5016,263.810,2909,4363,3000,0
2026-07-25T10:10:13Z,181885,2882108,1164284,1236756,481068,543819,141,47,47,47,112,5016,263.810,2673,4327,3000,0
2026-07-25T10:10:44Z,181916,2882120,1164296,1236756,481068,367703,141,47,47,47,112,5016,263.810,2665,4023,3000,0
2026-07-25T10:11:16Z,181948,2882120,1164296,1236756,481068,371799,141,47,47,47,112,5016,263.810,2695,4271,3000,0
2026-07-25T10:11:47Z,181979,2882120,1164296,1236756,481068,431193,141,47,47,47,112,5016,263.810,2775,4763,3000,0
2026-07-25T10:12:18Z,182010,2882120,1164296,1236756,481068,427097,141,47,47,47,112,5016,263.810,2813,4223,3000,0
2026-07-25T10:12:50Z,182042,2882120,1164296,1236756,481068,373849,141,47,47,47,112,5016,263.810,2883,4555,3000,0
2026-07-25T10:13:21Z,182073,2882136,1164312,1236756,481068,371807,141,47,47,47,112,5016,263.810,2963,4535,3000,0
2026-07-25T10:13:53Z,182105,2882164,1164340,1236756,481068,441478,141,47,47,47,112,5016,263.810,2789,4359,3000,0
2026-07-25T10:14:24Z,182136,2882168,1164344,1236756,481068,359560,141,47,47,47,112,5016,263.810,2677,4783,3000,0
2026-07-25T10:14:55Z,182167,2882172,1164348,1236756,481068,380045,141,47,47,47,112,5016,263.810,2935,4483,3000,0
2026-07-25T10:15:27Z,182199,2882172,1164348,1236756,481068,443533,141,47,47,47,112,5016,263.810,2691,4715,3000,0
2026-07-25T10:15:58Z,182230,2882172,1164348,1236756,481068,371853,141,47,47,47,112,5016,263.810,2661,4219,3000,0
2026-07-25T10:16:29Z,182261,2882172,1164348,1236756,481068,377997,141,47,47,47,112,5016,263.810,2943,4343,3000,0
2026-07-25T10:17:01Z,182293,2882172,1164348,1236756,481068,500877,141,47,47,47,112,5016,263.810,2853,4799,3000,0
2026-07-25T10:17:32Z,182324,2882172,1164348,1236756,481068,425101,141,47,47,47,112,5016,263.810,2613,4199,3000,0
2026-07-25T10:18:04Z,182356,2882172,1164348,1236756,481068,375950,141,47,47,47,112,5016,263.810,2681,4119,3000,0
2026-07-25T10:18:35Z,182387,2882172,1164348,1236756,481068,371856,141,47,47,47,112,5016,263.810,2723,4243,3000,0
2026-07-25T10:19:06Z,182418,2882172,1164348,1236756,481068,435344,141,47,47,47,112,5016,263.810,2707,4463,3000,0
2026-07-25T10:19:38Z,182450,2882172,1164348,1236756,481068,375952,141,47,47,47,112,5016,263.810,2691,4443,3000,0
2026-07-25T10:20:09Z,182481,2882176,1164352,1236756,481068,380049,141,47,47,47,112,5016,263.810,2693,4251,3000,0
2026-07-25T10:20:40Z,182512,2882176,1164352,1236756,481068,367761,141,47,47,47,112,5016,263.810,2717,4343,3000,0
2026-07-25T10:21:12Z,182544,2882180,1164356,1236756,481068,369814,141,47,47,47,112,5016,263.810,2673,4251,3000,0
2026-07-25T10:21:43Z,182575,2882180,1164356,1236756,481068,371862,141,47,47,47,112,5016,263.810,2699,4455,3000,0
2026-07-25T10:22:14Z,182606,2882180,1164356,1236756,481068,437398,141,47,47,47,112,5016,263.810,2731,4379,3000,0
2026-07-25T10:22:46Z,182638,2882180,1164356,1236756,481068,445590,141,47,47,47,112,5016,263.810,2607,4595,3000,0
2026-07-25T10:23:17Z,182669,2882184,1164360,1236756,481068,359574,141,47,47,47,112,5016,263.810,2651,4735,3000,0
2026-07-25T10:23:48Z,182700,2882184,1164360,1236756,481068,371862,141,47,47,47,112,5016,263.810,2753,4467,3000,0
2026-07-25T10:24:20Z,182732,2882184,1164360,1236756,481068,511126,141,47,47,47,112,5016,263.810,2801,4791,3000,0
2026-07-25T10:24:51Z,182763,2882184,1164360,1236756,481068,343190,141,47,47,47,112,5016,263.810,2705,4355,3000,0
2026-07-25T10:25:22Z,182794,2882184,1164360,1236756,481068,363670,141,47,47,47,112,5016,263.810,2761,4239,3000,0
2026-07-25T10:25:54Z,182826,2882184,1164360,1236756,481068,435350,141,47,47,47,112,5016,263.810,2705,4327,3000,0
2026-07-25T10:26:25Z,182857,2882184,1164360,1236756,481068,367766,141,47,47,47,112,5016,263.810,2681,4643,3000,0
2026-07-25T10:26:57Z,182889,2882184,1164360,1236756,481068,369814,141,47,47,47,112,5016,263.810,2817,4439,3000,0
2026-07-25T10:27:28Z,182920,2882184,1164360,1236756,481068,361622,141,47,47,47,112,5016,263.810,2939,5147,3000,0
2026-07-25T10:27:59Z,182951,2882184,1164360,1236756,481068,365718,141,47,47,47,112,5016,263.810,2987,4647,3000,0
2026-07-25T10:28:31Z,182983,2882188,1164364,1236756,481068,382102,141,47,47,47,112,5016,263.810,2995,4963,3000,0
2026-07-25T10:29:02Z,183014,2882188,1164364,1236756,481068,380054,141,47,47,47,112,5016,263.810,2945,4583,3000,0
2026-07-25T10:29:34Z,183046,2882188,1164364,1236756,481068,433302,141,47,47,47,112,5016,263.810,2799,4615,3000,0
2026-07-25T10:30:05Z,183077,2882188,1164364,1236756,481068,380054,141,47,47,47,112,5016,263.810,2777,4431,3000,0
2026-07-25T10:30:36Z,183108,2882188,1164364,1236756,481068,382102,141,47,47,47,112,5016,263.810,2785,4479,3000,0
2026-07-25T10:31:08Z,183140,2882188,1164364,1236756,481068,449686,141,47,47,47,112,5016,263.810,2951,4711,3000,0
2026-07-25T10:31:39Z,183171,2882188,1164364,1236756,481068,369814,141,47,47,47,112,5016,263.810,2715,4395,3000,0
2026-07-25T10:32:10Z,183202,2882196,1164372,1236756,481068,367766,141,47,47,47,112,5016,263.810,2867,4455,3000,0
2026-07-25T10:32:42Z,183234,2882196,1164372,1236756,481068,445590,141,47,47,47,112,5016,263.810,2881,4583,3000,0
2026-07-25T10:33:13Z,183265,2882196,1164372,1236756,481068,361622,141,47,47,47,112,5016,263.810,2857,4375,3000,0
2026-07-25T10:33:45Z,183297,2882196,1164372,1236756,481068,361622,141,47,47,47,112,5016,263.810,2769,4695,3000,0
2026-07-25T10:34:16Z,183328,2882196,1164372,1236756,481068,375958,141,47,47,47,112,5016,263.810,2921,4459,3000,0
2026-07-25T10:34:47Z,183359,2882196,1164372,1236756,481068,363670,141,47,47,47,112,5016,263.810,2979,4739,3000,0
2026-07-25T10:35:19Z,183391,2882200,1164376,1236756,481068,365718,141,47,47,47,112,5016,263.810,2945,4535,3000,0
2026-07-25T10:35:50Z,183422,2882200,1164376,1236756,481068,365718,141,47,47,47,112,5016,263.810,2859,4535,3000,0
2026-07-25T10:36:22Z,183454,2882200,1164376,1236756,481068,439446,141,47,47,47,112,5016,263.810,2845,4563,3000,0
2026-07-25T10:36:53Z,183485,2882200,1164376,1236756,481068,380054,141,47,47,47,112,5016,263.810,2731,4287,3000,0
2026-07-25T10:37:24Z,183516,2882204,1164380,1236756,481068,367767,141,47,47,47,112,5016,263.810,2919,4567,3000,0
2026-07-25T10:37:56Z,183548,2882204,1164380,1236756,481068,371863,141,47,47,47,112,5016,263.810,2825,4575,3000,0
2026-07-25T10:38:27Z,183579,2882204,1164380,1236756,481068,357527,141,47,47,47,112,5016,263.810,2705,4575,3000,0
2026-07-25T10:38:58Z,183610,2882204,1164380,1236756,481068,371863,141,47,47,47,112,5016,263.810,2911,4815,3000,0
2026-07-25T10:39:30Z,183642,2882204,1164380,1236756,481068,386199,141,47,47,47,112,5016,263.810,2821,4627,3000,0
2026-07-25T10:40:01Z,183673,2882204,1164380,1236756,481068,500887,141,47,47,47,112,5016,263.810,2717,4667,3000,0
2026-07-25T10:40:33Z,183705,2882204,1164380,1236756,481068,361623,141,47,47,47,112,5016,263.810,2709,4715,3000,0
2026-07-25T10:41:04Z,183736,2882204,1164380,1236756,481068,375959,141,47,47,47,112,5016,263.810,2971,4647,3000,0
2026-07-25T10:41:35Z,183767,2882208,1164384,1236756,481068,363674,141,47,47,47,112,5016,263.810,2799,4803,3000,0
2026-07-25T10:42:07Z,183799,2882208,1164384,1236756,481068,375962,141,47,47,47,112,5016,263.810,2705,4683,3000,0
2026-07-25T10:42:38Z,183830,2882208,1164384,1236756,481068,369818,141,47,47,47,112,5016,263.810,2785,4503,3000,0
2026-07-25T10:43:10Z,183862,2882208,1164384,1236756,481068,375963,141,47,47,47,112,5016,263.810,2829,4379,3000,0
2026-07-25T10:43:41Z,183893,2882208,1164384,1236756,481068,373915,141,47,47,47,112,5016,263.810,2739,4571,3000,0
2026-07-25T10:44:12Z,183924,2882208,1164384,1236756,481068,390299,141,47,47,47,112,5016,263.810,2759,4347,3000,0
2026-07-25T10:44:44Z,183956,2882208,1164384,1236756,481068,382107,141,47,47,47,112,5016,263.810,3003,4799,3000,0
2026-07-25T10:45:15Z,183987,2882208,1164384,1236756,481068,447643,141,47,47,47,112,5016,263.810,2681,4675,3000,0
2026-07-25T10:45:46Z,184018,2882208,1164384,1236756,481068,371867,141,47,47,47,112,5016,263.810,2741,4291,3000,0
2026-07-25T10:46:18Z,184050,2882216,1164392,1236756,481068,375963,141,47,47,47,112,5016,263.810,2781,4439,3000,0
2026-07-25T10:46:49Z,184081,2882216,1164392,1236756,481068,509083,141,47,47,47,112,5016,263.810,2741,4719,3000,0
2026-07-25T10:47:21Z,184113,2882216,1164392,1236756,481068,357531,141,47,47,47,112,5016,263.810,2733,4735,3000,0
2026-07-25T10:47:52Z,184144,2882220,1164396,1236756,481068,363675,141,47,47,47,112,5016,263.810,2829,4983,3000,0
2026-07-25T10:48:23Z,184175,2882236,1164412,1236756,481068,429214,141,47,47,47,112,5016,263.810,2941,4731,3000,0
2026-07-25T10:48:55Z,184207,2882236,1164412,1236756,481068,429214,141,47,47,47,112,5016,263.810,2667,4475,3000,0
2026-07-25T10:49:26Z,184238,2882236,1164412,1236756,481068,365726,141,47,47,47,112,5016,263.810,2795,4527,3000,0
2026-07-25T10:49:58Z,184270,2882236,1164412,1236756,481068,373918,141,47,47,47,112,5016,263.810,2805,4595,3000,0
2026-07-25T10:50:29Z,184301,2882244,1164420,1236756,481068,363682,141,47,47,47,112,5016,263.810,2747,4627,3000,0
2026-07-25T10:51:00Z,184332,2882248,1164424,1236756,481068,369826,141,47,47,47,112,5016,263.810,2897,4347,3000,0
2026-07-25T10:51:32Z,184364,2882248,1164424,1236756,481068,382114,141,47,47,47,112,5016,263.810,2723,4547,3000,0
2026-07-25T10:52:03Z,184395,2882256,1164432,1236756,481068,445602,141,47,47,47,112,5016,263.810,2743,4351,3000,0
2026-07-25T10:52:34Z,184426,2882256,1164432,1236756,481068,373922,141,47,47,47,112,5016,263.810,2665,4259,3000,0
2026-07-25T10:53:06Z,184458,2882256,1164432,1236756,481068,380066,141,47,47,47,112,5016,263.810,2821,4303,3000,0
2026-07-25T10:53:37Z,184489,2882256,1164432,1236756,481068,507042,141,47,47,47,112,5016,263.810,2831,4595,3000,0
2026-07-25T10:54:09Z,184521,2882256,1164432,1236756,481068,423074,141,47,47,47,112,5016,263.810,2657,4379,3000,0
2026-07-25T10:54:40Z,184552,2882256,1164432,1236756,481068,363682,141,47,47,47,112,5016,263.810,2687,4407,3000,0
2026-07-25T10:55:11Z,184583,2882256,1164432,1236756,481068,369826,141,47,47,47,112,5016,263.810,2723,4411,3000,0
2026-07-25T10:55:43Z,184615,2882256,1164432,1236756,481068,347299,141,47,47,47,112,5016,263.810,2731,4315,3000,0
2026-07-25T10:56:14Z,184646,2882256,1164432,1236756,481068,367779,141,47,47,47,112,5016,263.810,2661,4319,3000,0
2026-07-25T10:56:45Z,184677,2882296,1164432,1236796,481068,361635,141,47,47,47,112,5016,263.810,2665,4135,3000,0
2026-07-25T10:57:17Z,184709,2882308,1164444,1236796,481068,437412,141,47,47,47,112,5016,263.810,2691,4519,3000,0
2026-07-25T10:57:48Z,184740,2882308,1164444,1236796,481068,369828,141,47,47,47,112,5016,263.810,2611,4231,3000,0
2026-07-25T10:58:20Z,184772,2882308,1164444,1236796,481068,378020,141,47,47,47,112,5016,263.810,2753,4339,3000,0
2026-07-25T10:58:51Z,184803,2882308,1164444,1236796,481068,373924,141,47,47,47,112,5016,263.810,2685,4323,3000,0
2026-07-25T10:59:22Z,184834,2882308,1164444,1236796,481068,359588,141,47,47,47,112,5016,263.810,2667,4531,3000,0
2026-07-25T10:59:54Z,184866,2882308,1164444,1236796,481068,378020,141,47,47,47,112,5016,263.810,2647,4539,3000,0
2026-07-25T11:00:25Z,184897,2882308,1164444,1236796,481068,378020,141,47,47,47,112,5016,263.810,2765,4343,3000,0
2026-07-25T11:00:56Z,184928,2882308,1164444,1236796,481068,365732,141,47,47,47,112,5016,263.810,2845,4703,3000,0
2026-07-25T11:01:28Z,184960,2882308,1164444,1236796,481068,375972,141,47,47,47,112,5016,263.810,2919,4371,3000,0
2026-07-25T11:01:59Z,184991,2882308,1164444,1236796,481068,380068,141,47,47,47,112,5016,263.810,3031,4823,3000,0
2026-07-25T11:02:31Z,185023,2882308,1164444,1236796,481068,494756,141,47,47,47,112,5016,263.810,2949,4875,3000,0
2026-07-25T11:03:02Z,185054,2882308,1164444,1236796,481068,359588,141,47,47,47,112,5016,263.810,2755,4535,3000,0
2026-07-25T11:03:33Z,185085,2882308,1164444,1236796,481068,361636,141,47,47,47,112,5016,263.810,3153,4807,3000,0
2026-07-25T11:04:05Z,185117,2882316,1164452,1236796,481068,445605,141,47,47,47,112,5016,263.810,3145,4783,3000,0
2026-07-25T11:04:36Z,185148,2882316,1164452,1236796,481068,431269,141,47,47,47,112,5016,263.810,2863,4711,3000,0
2026-07-25T11:05:07Z,185179,2882316,1164452,1236796,481068,357541,141,47,47,47,112,5016,263.810,3015,4795,3000,0
2026-07-25T11:05:39Z,185211,2882316,1164452,1236796,481068,380069,141,47,47,47,112,5016,263.810,2881,4695,3000,0
2026-07-25T11:06:10Z,185242,2882316,1164452,1236796,481068,445605,141,47,47,47,112,5016,263.810,2927,4619,3000,0
2026-07-25T11:06:42Z,185274,2882320,1164456,1236796,481068,375974,141,47,47,47,112,5016,263.810,2599,4599,3000,0
2026-07-25T11:07:13Z,185305,2882320,1164456,1236796,481068,375974,141,47,47,47,112,5016,263.810,2691,4359,3000,0
2026-07-25T11:07:44Z,185336,2882320,1164456,1236796,481068,369830,141,47,47,47,112,5016,263.810,2697,4919,3000,0
2026-07-25T11:08:16Z,185368,2882320,1164456,1236796,481068,382118,141,47,47,47,112,5016,263.810,2747,4603,3000,0
2026-07-25T11:08:47Z,185399,2882320,1164456,1236796,481068,384166,141,47,47,47,112,5016,263.810,2943,4455,3000,0
2026-07-25T11:09:18Z,185430,2882320,1164456,1236796,481068,443558,141,47,47,47,112,5016,263.810,3099,5219,3000,0
2026-07-25T11:09:50Z,185462,2882320,1164456,1236796,481068,353446,141,47,47,47,112,5016,263.810,2653,4455,3000,0
2026-07-25T11:10:21Z,185493,2882324,1164460,1236796,481068,367782,141,47,47,47,112,5016,263.810,2669,4387,3000,0
2026-07-25T11:10:53Z,185525,2882328,1164464,1236796,481068,382118,141,47,47,47,112,5016,263.810,2877,4555,3000,0
2026-07-25T11:11:24Z,185556,2882352,1164488,1236796,481068,429227,141,47,47,47,112,5016,263.810,2901,4999,3000,0
2026-07-25T11:11:55Z,185587,2882352,1164488,1236796,481068,373931,141,47,47,47,112,5016,263.810,2837,4427,3000,0
2026-07-25T11:12:27Z,185619,2882368,1164504,1236796,481068,382127,141,47,47,47,112,5016,263.810,3067,4839,3000,0
2026-07-25T11:12:58Z,185650,2882372,1164508,1236796,481068,363695,141,47,47,47,112,5016,263.810,2851,4703,3000,0
2026-07-25T11:13:30Z,185682,2882440,1164576,1236796,481068,380094,141,47,47,47,112,5016,263.810,2847,4423,3000,0
2026-07-25T11:14:01Z,185713,2882464,1164600,1236796,481068,375998,141,47,47,47,112,5016,263.810,2681,4351,3000,0
2026-07-25T11:14:32Z,185744,2882576,1164712,1236796,481068,373969,141,47,47,47,112,5016,263.810,2837,4395,3000,0
2026-07-25T11:15:04Z,185776,2882576,1164712,1236796,481068,363733,141,47,47,47,112,5016,263.810,2883,4431,3000,0
2026-07-25T11:15:35Z,185807,2882576,1164712,1236796,481068,376021,141,47,47,47,112,5016,263.810,3011,4803,3000,0
2026-07-25T11:16:06Z,185838,2882580,1164716,1236796,481068,380117,141,47,47,47,112,5016,263.810,2959,4651,3000,0
2026-07-25T11:16:38Z,185870,2882580,1164716,1236796,481068,437461,141,47,47,47,112,5016,263.810,2875,4723,3000,0
2026-07-25T11:17:09Z,185901,2882580,1164716,1236796,481068,367831,141,47,47,47,112,5016,263.810,2997,4683,3000,0
2026-07-25T11:17:41Z,185933,2882616,1164752,1236796,481068,369883,141,47,47,47,112,5016,263.810,2939,4803,3000,0
2026-07-25T11:18:12Z,185964,2882624,1164760,1236796,481068,441563,141,47,47,47,112,5016,263.810,2903,4799,3000,0
2026-07-25T11:18:43Z,185995,2882648,1164784,1236796,481068,382175,141,47,47,47,112,5016,263.810,2863,4475,3000,0
2026-07-25T11:19:15Z,186027,2882652,1164784,1236800,481068,384223,141,47,47,47,112,5016,263.810,3123,4815,3000,0
2026-07-25T11:19:46Z,186058,2882652,1164784,1236800,481068,376031,141,47,47,47,112,5016,263.810,2917,4723,3000,0
2026-07-25T11:20:18Z,186090,2882700,1164832,1236800,481068,371939,141,47,47,47,112,5016,263.810,2837,4679,3000,0
2026-07-25T11:20:49Z,186121,2882716,1164848,1236800,481068,388327,141,47,47,47,112,5016,263.810,3059,4919,3000,0
2026-07-25T11:21:20Z,186152,2882716,1164848,1236800,481068,392423,141,47,47,47,112,5016,263.810,3123,4643,3000,0
2026-07-25T11:21:52Z,186184,2882720,1164852,1236800,481068,431336,141,47,47,47,112,5016,263.810,2851,5003,3000,0
2026-07-25T11:22:23Z,186215,2882720,1164852,1236800,481068,373992,141,47,47,47,112,5016,263.810,2827,4807,3000,0
2026-07-25T11:22:55Z,186247,2882720,1164852,1236800,481068,373992,141,47,47,47,112,5016,263.810,2851,4527,3000,0
2026-07-25T11:23:26Z,186278,2882720,1164852,1236800,481068,431336,141,47,47,47,112,5016,263.810,2935,4823,3000,0
2026-07-25T11:23:57Z,186309,2882720,1164852,1236800,481068,363752,141,47,47,47,112,5016,263.810,2835,4603,3000,0
2026-07-25T11:24:29Z,186341,2882724,1164856,1236800,481068,363752,141,47,47,47,112,5016,263.810,2895,4587,3000,0
2026-07-25T11:25:00Z,186372,2882724,1164856,1236800,481068,361704,141,47,47,47,112,5016,263.810,3175,4955,3000,0
2026-07-25T11:25:32Z,186404,2882724,1164856,1236800,481068,355560,141,47,47,47,112,5016,263.810,2847,5027,3000,0
2026-07-25T11:26:03Z,186435,2882724,1164856,1236800,481068,376040,141,47,47,47,112,5016,263.810,2813,4675,3000,0
2026-07-25T11:26:34Z,186466,2882724,1164856,1236800,481068,376040,141,47,47,47,112,5016,263.810,2877,5143,3000,0
2026-07-25T11:27:06Z,186498,2882724,1164856,1236800,481068,431336,141,47,47,47,112,5016,263.810,2825,4787,3000,0
2026-07-25T11:27:37Z,186529,2882724,1164856,1236800,481068,376040,141,47,47,47,112,5016,263.810,2875,4531,3000,0
2026-07-25T11:28:09Z,186561,2882732,1164864,1236800,481068,376044,141,47,47,47,112,5016,263.810,2977,4711,3000,0
2026-07-25T11:28:40Z,186592,2882732,1164864,1236800,481068,437484,141,47,47,47,112,5016,263.810,3027,4851,3000,0
2026-07-25T11:29:11Z,186623,2882732,1164864,1236800,481068,367852,141,47,47,47,112,5016,263.810,2809,4451,3000,0
2026-07-25T11:29:43Z,186655,2882732,1164864,1236800,481068,373996,141,47,47,47,112,5016,263.810,3055,4795,3000,0
2026-07-25T11:30:14Z,186686,2882732,1164864,1236800,481068,367852,141,47,47,47,112,5016,263.810,2961,5175,3000,0
2026-07-25T11:30:46Z,186718,2882732,1164864,1236800,481068,357612,141,47,47,47,112,5016,263.810,2953,4423,3000,0
2026-07-25T11:31:17Z,186749,2882736,1164868,1236800,481068,378092,141,47,47,47,112,5016,263.810,3051,4751,3000,0
2026-07-25T11:31:48Z,186780,2882736,1164868,1236800,481068,378092,141,47,47,47,112,5016,263.810,2925,4667,3000,0
2026-07-25T11:32:20Z,186812,2882736,1164868,1236800,481068,505068,141,47,47,47,112,5016,263.810,3093,5123,3000,0
2026-07-25T11:32:51Z,186843,2882736,1164868,1236800,481068,363756,141,47,47,47,112,5016,263.810,2885,4779,3000,0
2026-07-25T11:33:23Z,186875,2882736,1164868,1236800,481068,371948,141,47,47,47,112,5016,263.810,2929,4567,3000,0
2026-07-25T11:33:54Z,186906,2882736,1164868,1236800,481068,357612,141,47,47,47,112,5016,263.810,2873,4719,3000,0
2026-07-25T11:34:25Z,186937,2882736,1164868,1236800,481068,367852,141,47,47,47,112,5016,263.810,3023,4479,3000,0
2026-07-25T11:34:57Z,186969,2882736,1164868,1236800,481068,369900,141,47,47,47,112,5016,263.810,2857,4519,3000,0
2026-07-25T11:35:28Z,187000,2882736,1164868,1236800,481068,447724,141,47,47,47,112,5016,263.810,2963,4971,3000,0
2026-07-25T11:36:00Z,187032,2882736,1164868,1236800,481068,443628,141,47,47,47,112,5016,263.810,2831,4515,3000,0
2026-07-25T11:36:31Z,187063,2882736,1164868,1236800,481068,380140,141,47,47,47,112,5016,263.810,2833,4803,3000,0
2026-07-25T11:37:02Z,187094,2882736,1164868,1236800,481068,394476,141,47,47,47,112,5016,263.810,2993,4999,3000,0
2026-07-25T11:37:34Z,187126,2882736,1164868,1236800,481068,361708,141,47,47,47,112,5016,263.810,2793,4799,3000,0
2026-07-25T11:38:05Z,187157,2882740,1164872,1236800,481068,369900,141,47,47,47,112,5016,263.810,2921,4483,3000,0
2026-07-25T11:38:37Z,187189,2882740,1164872,1236800,481068,386284,141,47,47,47,112,5016,263.810,2927,4603,3000,0
2026-07-25T11:39:08Z,187220,2882744,1164876,1236800,481068,443628,141,47,47,47,112,5016,263.810,2799,4727,3000,0
2026-07-25T11:39:39Z,187251,2882744,1164876,1236800,481068,371948,141,47,47,47,112,5016,263.810,2831,4443,3000,0
2026-07-25T11:40:11Z,187283,2882744,1164876,1236800,481068,367852,141,47,47,47,112,5016,263.810,3055,4555,3000,0
2026-07-25T11:40:42Z,187314,2882744,1164876,1236800,481068,431341,141,47,47,47,112,5016,263.810,2971,4759,3000,0
2026-07-25T11:41:13Z,187345,2882744,1164876,1236800,481068,427245,141,47,47,47,112,5016,263.810,2751,4463,3000,0
2026-07-25T11:41:45Z,187377,2882744,1164876,1236800,481068,361709,141,47,47,47,112,5016,263.810,3049,4611,3000,0
2026-07-25T11:42:16Z,187408,2882744,1164876,1236800,481068,378093,141,47,47,47,112,5016,263.810,3207,4887,3000,0
2026-07-25T11:42:48Z,187440,2882744,1164876,1236800,481068,359662,141,47,47,47,112,5016,263.810,3103,5111,3000,0
2026-07-25T11:43:19Z,187471,2882744,1164876,1236800,481068,378094,141,47,47,47,112,5016,263.810,3067,4735,3000,0
2026-07-25T11:43:50Z,187502,2882744,1164876,1236800,481068,382190,141,47,47,47,112,5016,263.810,3055,4923,3000,0
2026-07-25T11:44:22Z,187534,2882744,1164876,1236800,481068,378094,141,47,47,47,112,5016,263.810,2875,4871,3000,0
2026-07-25T11:44:53Z,187565,2882744,1164876,1236800,481068,373998,141,47,47,47,112,5016,263.810,2833,4367,3000,0
2026-07-25T11:45:24Z,187596,2882744,1164876,1236800,481068,369902,141,47,47,47,112,5016,263.810,2939,4431,3000,0
2026-07-25T11:45:56Z,187628,2882744,1164876,1236800,481068,435438,141,47,47,47,112,5016,263.810,2949,4631,3000,0
2026-07-25T11:46:27Z,187659,2882744,1164876,1236800,481068,365806,141,47,47,47,112,5016,263.810,2799,4379,3000,0
2026-07-25T11:46:59Z,187691,2882744,1164876,1236800,481068,355566,141,47,47,47,112,5016,263.810,2827,4483,3000,0
2026-07-25T11:47:30Z,187722,2882744,1164876,1236800,481068,378094,141,47,47,47,112,5016,263.810,3001,4799,3000,0
2026-07-25T11:48:01Z,187753,2882752,1164884,1236800,481068,437487,141,47,47,47,112,5016,263.810,2681,4315,3000,0
2026-07-25T11:48:33Z,187785,2882752,1164884,1236800,481068,373999,141,47,47,47,112,5016,263.810,2641,4271,3000,0
2026-07-25T11:49:04Z,187816,2882752,1164884,1236800,481068,378095,141,47,47,47,112,5016,263.810,2717,4527,3000,0
2026-07-25T11:49:36Z,187848,2882752,1164884,1236800,481068,429295,141,47,47,47,112,5016,263.810,2741,4495,3000,0
2026-07-25T11:50:07Z,187879,2882752,1164884,1236800,481068,376047,141,47,47,47,112,5016,263.810,2693,4191,3000,0
2026-07-25T11:50:38Z,187910,2882752,1164884,1236800,481068,378095,141,47,47,47,112,5016,263.810,2897,4383,3000,0
2026-07-25T11:51:10Z,187942,2882752,1164884,1236800,481068,513263,141,47,47,47,112,5016,263.810,3191,4955,3000,0
2026-07-25T11:51:41Z,187973,2882752,1164884,1236800,481068,498927,141,47,47,47,112,5016,263.810,2875,4327,3000,0
2026-07-25T11:52:12Z,188004,2882752,1164884,1236800,481068,371951,141,47,47,47,112,5016,263.810,2843,4907,3000,0
2026-07-25T11:52:44Z,188036,2882752,1164884,1236800,481068,382191,141,47,47,47,112,5016,263.810,2915,4647,3000,0
2026-07-25T11:53:15Z,188067,2882760,1164892,1236800,481068,580848,141,47,47,47,112,5016,263.810,2711,4399,3000,0
2026-07-25T11:53:47Z,188099,2882760,1164892,1236800,481068,371952,141,47,47,47,112,5016,263.810,2679,4575,3000,0
2026-07-25T11:54:18Z,188130,2882760,1164892,1236800,481068,376048,141,47,47,47,112,5016,263.810,2719,4383,3000,0
2026-07-25T11:54:49Z,188161,2882760,1164892,1236800,481068,429296,141,47,47,47,112,5016,263.810,2895,4455,3000,0
2026-07-25T11:55:21Z,188193,2882760,1164892,1236800,481068,374000,141,47,47,47,112,5016,263.810,2837,4343,3000,0
2026-07-25T11:55:52Z,188224,2882760,1164892,1236800,481068,371952,141,47,47,47,112,5016,263.810,2719,4143,3000,0
2026-07-25T11:56:23Z,188255,2882764,1164896,1236800,481068,460016,141,47,47,47,112,5016,263.810,2751,4431,3000,0
2026-07-25T11:56:55Z,188287,2882768,1164900,1236800,481068,445680,141,47,47,47,112,5016,263.810,2991,4659,3000,0
2026-07-25T11:57:26Z,188318,2882768,1164900,1236800,481068,374000,141,47,47,47,112,5016,263.810,3063,4779,3000,0
2026-07-25T11:57:58Z,188350,2882768,1164900,1236800,481068,369904,141,47,47,47,112,5016,263.810,2953,4687,3000,0
2026-07-25T11:58:29Z,188381,2882768,1164900,1236800,481068,507120,141,47,47,47,112,5016,263.810,3199,5231,3000,0
2026-07-25T11:59:00Z,188412,2882772,1164904,1236800,481068,369904,141,47,47,47,112,5016,263.810,2777,4519,3000,0
2026-07-25T11:59:32Z,188444,2882776,1164908,1236800,481068,374000,141,47,47,47,112,5016,263.810,2957,4691,3000,0
2026-07-25T12:00:03Z,188475,2882776,1164908,1236800,481068,576752,141,47,47,47,112,5016,263.810,2753,4347,3000,0
2026-07-25T12:00:34Z,188506,2882776,1164908,1236800,481068,359664,141,47,47,47,112,5016,263.810,2795,4487,3000,0
2026-07-25T12:01:06Z,188538,2882776,1164908,1236800,481068,361712,141,47,47,47,112,5016,263.810,2841,4691,3000,0
2026-07-25T12:01:37Z,188569,2882776,1164908,1236800,481068,437488,141,47,47,47,112,5016,263.810,3135,4775,3000,0
2026-07-25T12:02:09Z,188601,2882776,1164908,1236800,481068,437488,141,47,47,47,112,5016,263.810,2907,4603,3000,0
2026-07-25T12:02:40Z,188632,2882780,1164912,1236800,481068,363760,141,47,47,47,112,5016,263.810,3071,4935,3000,0
2026-07-25T12:03:11Z,188663,2882796,1164928,1236800,481068,378096,141,47,47,47,112,5016,263.810,2765,4491,3000,0
2026-07-25T12:03:43Z,188695,2882796,1164928,1236800,481068,437488,141,47,47,47,112,5016,263.810,2727,4807,3000,0
2026-07-25T12:04:14Z,188726,2882796,1164928,1236800,481068,365808,141,47,47,47,112,5016,263.810,2825,4391,3000,0
2026-07-25T12:04:45Z,188757,2882796,1164928,1236800,481068,367856,141,47,47,47,112,5016,263.810,2811,4307,3000,0
2026-07-25T12:05:17Z,188789,2882796,1164928,1236800,481068,431344,141,47,47,47,112,5016,263.810,2737,4843,3000,0
2026-07-25T12:05:48Z,188820,2882796,1164928,1236800,481068,363760,141,47,47,47,112,5016,263.810,2691,4359,3000,0
2026-07-25T12:06:19Z,188851,2882796,1164928,1236800,481068,367856,141,47,47,47,112,5016,263.810,2679,4523,3000,0
2026-07-25T12:06:51Z,188883,2882796,1164928,1236800,481068,505072,141,47,47,47,112,5016,263.810,2729,4355,3000,0
2026-07-25T12:07:22Z,188914,2882796,1164928,1236800,481068,431344,141,47,47,47,112,5016,263.810,2667,4067,3000,0
2026-07-25T12:07:54Z,188946,2882796,1164928,1236800,481068,369904,141,47,47,47,112,5016,263.810,2697,4483,3000,0
2026-07-25T12:08:25Z,188977,2882796,1164928,1236800,481068,361712,141,47,47,47,112,5016,263.810,2797,4435,3000,0
2026-07-25T12:08:57Z,189009,2882796,1164928,1236800,481068,363760,141,47,47,47,112,5016,263.810,2677,4563,3000,0
2026-07-25T12:09:28Z,189040,2882796,1164928,1236800,481068,378096,141,47,47,47,112,5016,263.810,2667,4395,3000,0
2026-07-25T12:09:59Z,189071,2882796,1164928,1236800,481068,388336,141,47,47,47,112,5016,263.810,2829,4731,3000,0
2026-07-25T12:10:31Z,189103,2882796,1164928,1236800,481068,435441,141,47,47,47,112,5016,263.810,3109,5163,3000,0
2026-07-25T12:11:02Z,189134,2882796,1164928,1236800,481068,374001,141,47,47,47,112,5016,263.810,2929,4439,3000,0
2026-07-25T12:11:34Z,189166,2882796,1164928,1236800,481068,380145,141,47,47,47,112,5016,263.810,3081,5051,3000,0
2026-07-25T12:12:05Z,189197,2882796,1164928,1236800,481068,382193,141,47,47,47,112,5016,263.810,2709,4419,3000,0
2026-07-25T12:12:36Z,189228,2882796,1164928,1236800,481068,378097,141,47,47,47,112,5016,263.810,2799,4311,3000,0
2026-07-25T12:13:08Z,189260,2882796,1164928,1236800,481068,378097,141,47,47,47,112,5016,263.810,2719,4411,3000,0
2026-07-25T12:13:39Z,189291,2882796,1164928,1236800,481068,376049,141,47,47,47,112,5016,263.810,2779,4571,3000,0
2026-07-25T12:14:11Z,189323,2882796,1164928,1236800,481068,507121,141,47,47,47,112,5016,263.810,2669,4491,3000,0
2026-07-25T12:14:42Z,189354,2882796,1164928,1236800,481068,363761,141,47,47,47,112,5016,263.810,2717,4147,3000,0
2026-07-25T12:15:13Z,189385,2882820,1164952,1236800,481068,363761,141,47,47,47,112,5016,263.810,2737,4327,3000,0
2026-07-25T12:15:45Z,189417,2882820,1164952,1236800,481068,429297,141,47,47,47,112,5016,263.810,2963,4835,3000,0
2026-07-25T12:16:16Z,189448,2882820,1164952,1236800,481068,359665,141,47,47,47,112,5016,263.810,2673,4287,3000,0
2026-07-25T12:16:47Z,189479,2882820,1164952,1236800,481068,369905,141,47,47,47,112,5016,263.810,2679,4223,3000,0
2026-07-25T12:17:19Z,189511,2882824,1164956,1236800,481068,447729,141,47,47,47,112,5016,263.810,2927,4147,3000,0
2026-07-25T12:17:50Z,189542,2882824,1164956,1236800,481068,439542,141,47,47,47,112,5016,263.810,2585,4107,3000,0
2026-07-25T12:18:21Z,189573,2882868,1165000,1236800,481068,367884,141,47,47,47,112,5016,263.810,2669,4323,3000,0
2026-07-25T12:18:53Z,189605,2882868,1165000,1236800,481068,369932,141,47,47,47,112,5016,263.810,2943,4591,3000,0
2026-07-25T12:19:24Z,189636,2882880,1165012,1236800,481068,431372,141,47,47,47,112,5016,263.810,2683,4519,3000,0
2026-07-25T12:19:56Z,189668,2882880,1165012,1236800,481068,365836,141,47,47,47,112,5016,263.810,2645,4231,3000,0
2026-07-25T12:20:27Z,189699,2882892,1165024,1236800,481068,378127,141,47,47,47,112,5016,263.810,2757,4619,3000,0
2026-07-25T12:20:58Z,189730,2882892,1165024,1236800,481068,501007,141,47,47,47,112,5016,263.810,2767,4463,3000,0
2026-07-25T12:21:30Z,189762,2883052,1165184,1236800,481068,376132,141,47,47,47,112,5016,263.810,3091,4523,3000,0
2026-07-25T12:22:01Z,189793,2883052,1165184,1236800,481068,367940,141,47,47,47,112,5016,263.810,3225,4835,3000,0
2026-07-25T12:22:33Z,189825,2883052,1165184,1236800,481068,447827,141,47,47,47,112,5016,263.810,2797,4687,3000,0
2026-07-25T12:23:04Z,189856,2883056,1165188,1236800,481068,441683,141,47,47,47,112,5016,263.810,2821,4311,3000,0
2026-07-25T12:23:35Z,189887,2883056,1165188,1236800,481068,376147,141,47,47,47,112,5016,263.810,2687,4515,3000,0
2026-07-25T12:24:07Z,189919,2883072,1165188,1236816,481068,378195,141,47,47,47,112,5016,263.810,2701,4659,3000,0
2026-07-25T12:24:38Z,189950,2883080,1165196,1236816,481068,447827,141,47,47,47,112,5016,263.810,2761,4463,3000,0
2026-07-25T12:25:09Z,189981,2883080,1165196,1236816,481068,390483,141,47,47,47,112,5016,263.810,2669,4287,3000,0
2026-07-25T12:25:41Z,190013,2883080,1165196,1236816,481068,367955,141,47,47,47,112,5016,263.810,3015,4555,3000,0
2026-07-25T12:26:12Z,190044,2883080,1165196,1236816,481068,376147,141,47,47,47,112,5016,263.810,3103,5235,3000,0
2026-07-25T12:26:44Z,190076,2883080,1165196,1236816,481068,382291,141,47,47,47,112,5016,263.810,2925,4547,3000,0
2026-07-25T12:27:15Z,190107,2883088,1165204,1236816,481068,390483,141,47,47,47,112,5016,263.810,2933,4639,3000,0
2026-07-25T12:27:46Z,190138,2883148,1165264,1236816,481068,445810,141,47,47,47,112,5016,263.810,2923,4747,3000,0
2026-07-25T12:28:18Z,190170,2883148,1165264,1236816,481068,370034,141,47,47,47,112,5016,263.810,2599,4635,3000,0
2026-07-25T12:28:49Z,190201,2883148,1165264,1236816,481068,359794,141,47,47,47,112,5016,263.810,2859,4511,3000,0
2026-07-25T12:29:21Z,190233,2883148,1165264,1236816,481068,367986,141,47,47,47,112,5016,263.810,2841,4503,3000,0
2026-07-25T12:29:52Z,190264,2883148,1165264,1236816,481068,361842,141,47,47,47,112,5016,263.810,2877,4627,3000,0
2026-07-25T12:30:23Z,190295,2883148,1165264,1236816,481068,384370,141,47,47,47,112,5016,263.810,2675,4355,3000,0
2026-07-25T12:30:55Z,190327,2883148,1165264,1236816,481068,378226,141,47,47,47,112,5016,263.810,2717,4283,3000,0
2026-07-25T12:31:26Z,190358,2883148,1165264,1236816,481068,382322,141,47,47,47,112,5016,263.810,3087,4823,3000,0
2026-07-25T12:31:57Z,190389,2883148,1165264,1236816,481068,380274,141,47,47,47,112,5016,263.810,2793,4495,3000,0
2026-07-25T12:32:29Z,190421,2883148,1165264,1236816,481068,384370,141,47,47,47,112,5016,263.810,2771,4571,3000,0
2026-07-25T12:33:00Z,190452,2883148,1165264,1236816,481068,451954,141,47,47,47,112,5016,263.810,2915,4939,3000,0
2026-07-25T12:33:32Z,190484,2883148,1165264,1236816,481068,429426,141,47,47,47,112,5016,263.810,2611,4207,3000,0
2026-07-25T12:34:03Z,190515,2883148,1165264,1236816,481068,384370,141,47,47,47,112,5016,263.810,2665,4239,3000,0
2026-07-25T12:34:34Z,190546,2883148,1165264,1236816,481068,372082,141,47,47,47,112,5016,263.810,2709,4391,3000,0
2026-07-25T12:35:06Z,190578,2883148,1165264,1236816,481068,419186,141,47,47,47,112,5016,263.810,2869,4567,3000,0
2026-07-25T12:35:37Z,190609,2883148,1165264,1236816,481068,367986,141,47,47,47,112,5016,263.810,2787,4899,3000,0
2026-07-25T12:36:09Z,190641,2883148,1165264,1236816,481068,359794,141,47,47,47,112,5016,263.810,2893,4571,3000,0
2026-07-25T12:36:40Z,190672,2883148,1165264,1236816,481068,351602,141,47,47,47,112,5016,263.810,2965,4699,3000,0
2026-07-25T12:37:11Z,190703,2883148,1165264,1236816,481068,376178,141,47,47,47,112,5016,263.810,3091,4771,3000,0
2026-07-25T12:37:43Z,190735,2883148,1165264,1236816,481068,378226,141,47,47,47,112,5016,263.810,3145,4775,3000,0
2026-07-25T12:38:14Z,190766,2883148,1165264,1236816,481068,386418,141,47,47,47,112,5016,263.810,3139,4903,3000,0
2026-07-25T12:38:46Z,190798,2883148,1165264,1236816,481068,378226,141,47,47,47,112,5016,263.810,2989,4727,3000,0
2026-07-25T12:39:17Z,190829,2883148,1165264,1236816,481068,367986,141,47,47,47,112,5016,263.810,2891,4847,3000,0
2026-07-25T12:39:48Z,190860,2883148,1165264,1236816,481068,394610,141,47,47,47,112,5016,263.810,3423,5059,3000,0
2026-07-25T12:40:20Z,190892,2883148,1165264,1236816,481068,365938,141,47,47,47,112,5016,263.810,3079,4815,3000,0
2026-07-25T12:40:51Z,190923,2883148,1165264,1236816,481068,378226,141,47,47,47,112,5016,263.810,2837,4379,3000,0
2026-07-25T12:41:22Z,190954,2883148,1165264,1236816,481068,382322,141,47,47,47,112,5016,263.810,2681,4627,3000,0
2026-07-25T12:41:54Z,190986,2883148,1165264,1236816,481068,423282,141,47,47,47,112,5016,263.810,2731,4519,3000,0
2026-07-25T12:42:25Z,191017,2883148,1165264,1236816,481068,365938,141,47,47,47,112,5016,263.810,2811,4455,3000,0
2026-07-25T12:42:57Z,191049,2883148,1165264,1236816,481068,374130,141,47,47,47,112,5016,263.810,2685,4527,3000,0
2026-07-25T12:43:28Z,191080,2883148,1165264,1236816,481068,435570,141,47,47,47,112,5016,263.810,2829,4519,3000,0
2026-07-25T12:43:59Z,191111,2883148,1165264,1236816,481068,490866,141,47,47,47,112,5016,263.810,2691,4231,3000,0
2026-07-25T12:44:31Z,191143,2883148,1165264,1236816,481068,370034,141,47,47,47,112,5016,263.810,2691,4779,3000,0
2026-07-25T12:45:02Z,191174,2883148,1165264,1236816,481068,386418,141,47,47,47,112,5016,263.810,2709,4539,3000,0
2026-07-25T12:45:33Z,191205,2883148,1165264,1236816,481068,439666,141,47,47,47,112,5016,263.810,2737,4435,3000,0
2026-07-25T12:46:05Z,191237,2883148,1165264,1236816,481068,374130,141,47,47,47,112,5016,263.810,2921,4535,3000,0
2026-07-25T12:46:36Z,191268,2883156,1165272,1236816,481068,384370,141,47,47,47,112,5016,263.810,3109,4759,3000,0
2026-07-25T12:47:08Z,191300,2883156,1165272,1236816,481068,449906,141,47,47,47,112,5016,263.810,3273,4987,3000,0
2026-07-25T12:47:39Z,191331,2883156,1165272,1236816,481068,376178,141,47,47,47,112,5016,263.810,2805,4639,3000,0
2026-07-25T12:48:10Z,191362,2883156,1165272,1236816,481068,382322,141,47,47,47,112,5016,263.810,3073,4575,3000,0
2026-07-25T12:48:42Z,191394,2883156,1165272,1236816,481068,429426,141,47,47,47,112,5016,263.810,2779,5043,3000,0
2026-07-25T12:49:13Z,191425,2883156,1165272,1236816,481068,435570,141,47,47,47,112,5016,263.810,2629,4219,3000,0
2026-07-25T12:49:44Z,191456,2883156,1165272,1236816,481068,376178,141,47,47,47,112,5016,263.810,2697,4523,3000,0
2026-07-25T12:50:16Z,191488,2883156,1165272,1236816,481068,374130,141,47,47,47,112,5016,263.810,2801,4635,3000,0
2026-07-25T12:50:47Z,191519,2883156,1165272,1236816,481068,355698,141,47,47,47,112,5016,263.810,2841,4843,3000,0
2026-07-25T12:51:19Z,191551,2883156,1165272,1236816,481068,372082,141,47,47,47,112,5016,263.810,2683,4347,3000,0
2026-07-25T12:51:50Z,191582,2883156,1165272,1236816,481068,370034,141,47,47,47,112,5016,263.810,2763,4595,3000,0
2026-07-25T12:52:21Z,191613,2883156,1165272,1236816,481068,359794,141,47,47,47,112,5016,263.810,2753,4523,3000,0
2026-07-25T12:52:53Z,191645,2883156,1165272,1236816,481068,367986,141,47,47,47,112,5016,263.810,2743,4811,3000,0
2026-07-25T12:53:24Z,191676,2883156,1165272,1236816,481068,370034,141,47,47,47,112,5016,263.810,3167,4751,3000,0
2026-07-25T12:53:55Z,191707,2883156,1165272,1236816,481068,378226,140,46,47,47,112,5016,263.810,3063,5191,3000,0
2026-07-25T12:54:27Z,191739,2883156,1165272,1236816,481068,363890,141,47,47,47,112,5016,263.810,2723,4583,3000,0
2026-07-25T12:54:58Z,191770,2883156,1165272,1236816,481068,378226,141,47,47,47,112,5016,263.810,2885,4479,3000,0
2026-07-25T12:55:30Z,191802,2883156,1165272,1236816,481068,378226,141,47,47,47,112,5016,263.810,3187,4651,3000,0
2026-07-25T12:56:01Z,191833,2883156,1165272,1236816,481068,363890,141,47,47,47,112,5016,263.810,3069,5047,3000,0
2026-07-25T12:56:32Z,191864,2883156,1165272,1236816,481068,376178,141,47,47,47,112,5016,263.810,2709,4531,3000,0
2026-07-25T12:57:04Z,191896,2883156,1165272,1236816,481068,388466,141,47,47,47,112,5016,263.810,2759,4343,3000,0
2026-07-25T12:57:35Z,191927,2883156,1165272,1236816,481068,429426,141,47,47,47,112,5016,263.810,2759,4655,3000,0
2026-07-25T12:58:07Z,191959,2883156,1165272,1236816,481068,370034,141,47,47,47,112,5016,263.810,3007,4611,3000,0
2026-07-25T12:58:38Z,191990,2883164,1165280,1236816,481068,372082,141,47,47,47,112,5016,263.810,3155,5027,3000,0
2026-07-25T12:59:09Z,192021,2883164,1165280,1236816,481068,380274,141,47,47,47,112,5016,263.810,2891,5007,3000,0
2026-07-25T12:59:41Z,192053,2883164,1165280,1236816,481068,367986,141,47,47,47,112,5016,263.810,2631,4203,3000,0
2026-07-25T13:00:12Z,192084,2883164,1165280,1236816,481068,374130,141,47,47,47,112,5016,263.810,2685,4575,3000,0
2026-07-25T13:00:43Z,192115,2883164,1165280,1236816,481068,378226,141,47,47,47,112,5016,263.810,2785,4351,3000,0
2026-07-25T13:01:15Z,192147,2883164,1165280,1236816,481068,376178,141,47,47,47,112,5016,263.810,2711,4603,3000,0
2026-07-25T13:01:46Z,192178,2883216,1165332,1236816,481068,372082,141,47,47,47,112,5016,263.810,2853,4319,3000,0
2026-07-25T13:02:18Z,192210,2883216,1165332,1236816,481068,388466,141,47,47,47,112,5016,263.810,2741,4659,3000,0
2026-07-25T13:02:49Z,192241,2883216,1165332,1236816,481068,447858,141,47,47,47,112,5016,263.810,2821,4427,3000,0
2026-07-25T13:03:20Z,192272,2883216,1165332,1236816,481068,370034,141,47,47,47,112,5016,263.810,2715,4311,3000,0
2026-07-25T13:03:52Z,192304,2883216,1165332,1236816,481068,382322,141,47,47,47,112,5016,263.810,2893,4319,3000,0
2026-07-25T13:04:23Z,192335,2883216,1165332,1236816,481068,421234,141,47,47,47,112,5016,263.810,2751,4359,3000,0
2026-07-25T13:04:54Z,192366,2883216,1165332,1236816,481068,501106,141,47,47,47,112,5016,263.810,2653,4251,3000,0
2026-07-25T13:05:26Z,192398,2883216,1165332,1236816,481068,367986,141,47,47,47,112,5016,263.810,2663,4251,3000,0
2026-07-25T13:05:57Z,192429,2883216,1165332,1236816,481068,378226,141,47,47,47,112,5016,263.810,2721,4471,3000,0
2026-07-25T13:06:29Z,192461,2883216,1165332,1236816,481068,511346,141,47,47,47,112,5016,263.810,2675,4331,3000,0
2026-07-25T13:07:00Z,192492,2883216,1165332,1236816,481068,363890,141,47,47,47,112,5016,263.810,2819,4463,3000,0
2026-07-25T13:07:31Z,192523,2883216,1165332,1236816,481068,376178,141,47,47,47,112,5016,263.810,2941,4599,3000,0
2026-07-25T13:08:03Z,192555,2883216,1165332,1236816,481068,372082,141,47,47,47,112,5016,263.810,2935,4767,3000,0
2026-07-25T13:08:34Z,192586,2883216,1165332,1236816,481068,365938,141,47,47,47,112,5016,263.810,3083,4907,3000,0
2026-07-25T13:09:06Z,192618,2883216,1165332,1236816,481068,370034,141,47,47,47,112,5016,263.810,2837,4571,3000,0
2026-07-25T13:09:37Z,192649,2883216,1165332,1236816,481068,365938,141,47,47,47,112,5016,263.810,3233,5271,3000,0
2026-07-25T13:10:08Z,192680,2883220,1165336,1236816,481068,359794,141,47,47,47,112,5016,263.810,3179,5111,3000,0
2026-07-25T13:10:40Z,192712,2883220,1165336,1236816,481068,378226,141,47,47,47,112,5016,263.810,3189,5095,3000,0
2026-07-25T13:11:11Z,192743,2883220,1165336,1236816,481068,367986,141,47,47,47,112,5016,263.810,3365,5463,3000,0
2026-07-25T13:11:43Z,192775,2883220,1165336,1236816,481068,497010,141,47,47,47,112,5016,263.810,3175,5503,3000,0
2026-07-25T13:12:14Z,192806,2883220,1165336,1236816,481068,357746,141,47,47,47,112,5016,263.810,2997,4655,3000,0
2026-07-25T13:12:45Z,192837,2883220,1165336,1236816,481068,355698,141,47,47,47,112,5016,263.810,2935,5123,3000,0
2026-07-25T13:13:17Z,192869,2883220,1165336,1236816,481068,425330,141,47,47,47,112,5016,263.810,2833,4447,3000,0
2026-07-25T13:13:48Z,192900,2883220,1165336,1236816,481068,365938,141,47,47,47,112,5016,263.810,2815,4247,3000,0
2026-07-25T13:14:20Z,192932,2883220,1165336,1236816,481068,378226,141,47,47,47,112,5016,263.810,2879,4583,3000,0
2026-07-25T13:14:51Z,192963,2883220,1165336,1236816,481068,386418,141,47,47,47,112,5016,263.810,2823,4455,3000,0
2026-07-25T13:15:22Z,192994,2883220,1165336,1236816,481068,511346,141,47,47,47,112,5016,263.810,2657,4127,3000,0
2026-07-25T13:15:54Z,193026,2883220,1165336,1236816,481068,367986,141,47,47,47,112,5016,263.810,2799,4311,3000,0
2026-07-25T13:16:25Z,193057,2883220,1165336,1236816,481068,384370,141,47,47,47,112,5016,263.810,3055,4811,3000,0
2026-07-25T13:16:56Z,193088,2883220,1165336,1236816,481068,501106,141,47,47,47,112,5016,263.810,3229,4887,3000,0
2026-07-25T13:17:28Z,193120,2883220,1165336,1236816,481068,365938,141,47,47,47,112,5016,263.810,2911,4943,3000,0
2026-07-25T13:17:59Z,193151,2883220,1165336,1236816,481068,384370,141,47,47,47,112,5016,263.810,3149,4951,3000,0
2026-07-25T13:18:31Z,193183,2883220,1165336,1236816,481068,439666,141,47,47,47,112,5016,263.810,3169,5327,3000,0
2026-07-25T13:19:02Z,193214,2883220,1165336,1236816,481068,365938,141,47,47,47,112,5016,263.810,2851,4647,3000,0
2026-07-25T13:19:33Z,193245,2883220,1165336,1236816,481068,374130,141,47,47,47,112,5016,263.810,2909,4363,3000,0
2026-07-25T13:20:05Z,193277,2883220,1165336,1236816,481068,439666,141,47,47,47,112,5016,263.810,3231,5407,3000,0
2026-07-25T13:20:36Z,193308,2883220,1165336,1236816,481068,353650,141,47,47,47,112,5016,263.810,3195,4967,3000,0
2026-07-25T13:21:08Z,193340,2883220,1165336,1236816,481068,359794,141,47,47,47,112,5016,263.810,3151,5011,3000,0
2026-07-25T13:21:39Z,193371,2883220,1165336,1236816,481068,374130,141,47,47,47,112,5016,263.810,3375,5435,3000,0
2026-07-25T13:22:10Z,193402,2883220,1165336,1236816,481068,425330,141,47,47,47,112,5016,263.810,3249,5231,3000,0
2026-07-25T13:22:42Z,193434,2883220,1165336,1236816,481068,376178,141,47,47,47,112,5016,263.810,3039,4935,3000,0
2026-07-25T13:23:13Z,193465,2883220,1165336,1236816,481068,378226,141,47,47,47,112,5016,263.810,3247,4907,3000,0
2026-07-25T13:23:45Z,193497,2883220,1165336,1236816,481068,367986,141,47,47,47,112,5016,263.810,3087,5015,3000,0
2026-07-25T13:24:16Z,193528,2883284,1165336,1236880,481068,380274,141,47,47,47,112,5016,263.810,3019,4887,3000,0
2026-07-25T13:24:47Z,193559,2883284,1165336,1236880,481068,380274,141,47,47,47,112,5016,263.810,3109,4943,3000,0
2026-07-25T13:25:19Z,193591,2883296,1165348,1236880,481068,380274,141,47,47,47,112,5016,263.810,3177,5335,3000,0
2026-07-25T13:25:50Z,193622,2883296,1165348,1236880,481068,357746,141,47,47,47,112,5016,263.810,2877,4723,3000,0
2026-07-25T13:26:22Z,193654,2883296,1165348,1236880,481068,374130,141,47,47,47,112,5016,263.810,2777,4367,3000,0
2026-07-25T13:26:53Z,193685,2883296,1165348,1236880,481068,376178,141,47,47,47,112,5016,263.810,2837,4659,3000,0
2026-07-25T13:27:24Z,193716,2883300,1165352,1236880,481068,515442,141,47,47,47,112,5016,263.810,2745,4327,3000,0
2026-07-25T13:27:56Z,193748,2883300,1165352,1236880,481068,365938,141,47,47,47,112,5016,263.810,2651,4327,3000,0
2026-07-25T13:28:27Z,193779,2883356,1165408,1236880,481068,376180,141,47,47,47,112,5016,263.810,2767,4887,3000,0
2026-07-25T13:28:58Z,193810,2883356,1165408,1236880,481068,437620,141,47,47,47,112,5016,263.810,2841,4387,3000,0
2026-07-25T13:29:30Z,193842,2883356,1165408,1236880,481068,365940,141,47,47,47,112,5016,263.810,2693,4303,3000,0
2026-07-25T13:30:01Z,193873,2883356,1165408,1236880,481068,365940,141,47,47,47,112,5016,263.810,2985,4523,3000,0
2026-07-25T13:30:33Z,193905,2883356,1165408,1236880,481068,376180,141,47,47,47,112,5016,263.810,2859,4795,3000,0
2026-07-25T13:31:04Z,193936,2883356,1165408,1236880,481068,435572,141,47,47,47,112,5016,263.810,2783,4211,3000,0
2026-07-25T13:31:35Z,193967,2883356,1165408,1236880,481068,374132,141,47,47,47,112,5016,263.810,2871,4515,3000,0
2026-07-25T13:32:07Z,193999,2883356,1165408,1236880,481068,380276,141,47,47,47,112,5016,263.810,3019,4555,3000,0
2026-07-25T13:32:38Z,194030,2883356,1165408,1236880,481068,443764,141,47,47,47,112,5016,263.810,3039,4779,3000,0
2026-07-25T13:33:09Z,194061,2883356,1165408,1236880,481068,370036,141,47,47,47,112,5016,263.810,2671,4479,3000,0
2026-07-25T13:33:41Z,194093,2883356,1165408,1236880,481068,372084,141,47,47,47,112,5016,263.810,2757,4319,3000,0
2026-07-25T13:34:12Z,194124,2883368,1165420,1236880,481068,423285,141,47,47,47,112,5016,263.810,2815,4319,3000,0
2026-07-25T13:34:43Z,194155,2883424,1165476,1236880,481068,363893,141,47,47,47,112,5016,263.810,2671,4195,3000,0
2026-07-25T13:35:15Z,194187,2883428,1165480,1236880,481068,365943,141,47,47,47,112,5016,263.810,2759,4507,3000,0
2026-07-25T13:35:46Z,194218,2883428,1165480,1236880,481068,380279,141,47,47,47,112,5016,263.810,2709,4899,3000,0
2026-07-25T13:36:18Z,194250,2883428,1165480,1236880,481068,363895,141,47,47,47,112,5016,263.810,2665,4339,3000,0
2026-07-25T13:36:49Z,194281,2883428,1165480,1236880,481068,370039,141,47,47,47,112,5016,263.810,2745,4187,3000,0
2026-07-25T13:37:20Z,194312,2883428,1165480,1236880,481068,384375,141,47,47,47,112,5016,263.810,2917,4803,3000,0
2026-07-25T13:37:52Z,194344,2883428,1165480,1236880,481068,361847,141,47,47,47,112,5016,263.810,2789,4511,3000,0
2026-07-25T13:38:23Z,194375,2883428,1165480,1236880,481068,384375,141,47,47,47,112,5016,263.810,2705,4307,3000,0
2026-07-25T13:38:54Z,194406,2883428,1165480,1236880,481068,376183,141,47,47,47,112,5016,263.810,2737,4163,3000,0
2026-07-25T13:39:26Z,194438,2883428,1165480,1236880,481068,359799,141,47,47,47,112,5016,263.810,2801,4715,3000,0
2026-07-25T13:39:57Z,194469,2883428,1165480,1236880,481068,378231,141,47,47,47,112,5016,263.810,2719,4239,3000,0
2026-07-25T13:40:29Z,194501,2883436,1165488,1236880,481068,372087,141,47,47,47,112,5016,263.810,2743,4619,3000,0
2026-07-25T13:41:00Z,194532,2883436,1165488,1236880,481068,380279,141,47,47,47,112,5016,263.810,2829,4699,3000,0
2026-07-25T13:41:31Z,194563,2883436,1165488,1236880,481068,435577,141,47,47,47,112,5016,263.810,2685,4271,3000,0
2026-07-25T13:42:03Z,194595,2883436,1165488,1236880,481068,370041,141,47,47,47,112,5016,263.810,2803,4247,3000,0
2026-07-25T13:42:34Z,194626,2883436,1165488,1236880,481068,357753,141,47,47,47,112,5016,263.810,2817,4455,3000,0
2026-07-25T13:43:06Z,194658,2883436,1165488,1236880,481068,355705,141,47,47,47,112,5016,263.810,2879,4667,3000,0
2026-07-25T13:43:37Z,194689,2883436,1165488,1236880,481068,359801,141,47,47,47,112,5016,263.810,2673,4191,3000,0
2026-07-25T13:44:08Z,194720,2883436,1165488,1236880,481068,372089,141,47,47,47,112,5016,263.810,2743,4367,3000,0
2026-07-25T13:44:40Z,194752,2883436,1165488,1236880,481068,378233,141,47,47,47,112,5016,263.810,2727,4327,3000,0
2026-07-25T13:45:11Z,194783,2883436,1165488,1236880,481068,365945,141,47,47,47,112,5016,263.810,2841,4439,3000,0
2026-07-25T13:45:42Z,194814,2883436,1165488,1236880,481068,374137,141,47,47,47,112,5016,263.810,2737,4475,3000,0
2026-07-25T13:46:14Z,194846,2883436,1165488,1236880,481068,378233,141,47,47,47,112,5016,263.810,2769,4951,3000,0
2026-07-25T13:46:45Z,194877,2883448,1165500,1236880,481068,433531,141,47,47,47,112,5016,263.810,2661,4339,3000,0
2026-07-25T13:47:16Z,194908,2883448,1165500,1236880,481068,365947,141,47,47,47,112,5016,263.810,2677,4471,3000,0
2026-07-25T13:47:48Z,194940,2883448,1165500,1236880,481068,384379,141,47,47,47,112,5016,263.810,2755,4259,3000,0
2026-07-25T13:48:19Z,194971,2883448,1165500,1236880,481068,429435,141,47,47,47,112,5016,263.810,2723,4491,3000,0
2026-07-25T13:48:51Z,195003,2883448,1165500,1236880,481068,361851,141,47,47,47,112,5016,263.810,2889,4411,3000,0
2026-07-25T13:49:22Z,195034,2883448,1165500,1236880,481068,374139,141,47,47,47,112,5016,263.810,2685,4359,3000,0
2026-07-25T13:49:53Z,195065,2883448,1165500,1236880,481068,374139,141,47,47,47,112,5016,263.810,2749,5015,3000,0
2026-07-25T13:50:25Z,195097,2883448,1165500,1236880,481068,374139,141,47,47,47,112,5016,263.810,2717,4155,3000,0
2026-07-25T13:50:56Z,195128,2883448,1165500,1236880,481068,370043,141,47,47,47,112,5016,263.810,2731,4307,3000,0
2026-07-25T13:51:28Z,195160,2883460,1165500,1236892,481068,376187,141,47,47,47,112,5016,263.810,2787,4715,3000,0
2026-07-25T13:51:59Z,195191,2883460,1165500,1236892,481068,435579,141,47,47,47,112,5016,263.810,2785,4419,3000,0
2026-07-25T13:52:30Z,195222,2883460,1165500,1236892,481068,378235,141,47,47,47,112,5016,263.810,2681,4275,3000,0
2026-07-25T13:53:02Z,195254,2883460,1165500,1236892,481068,384379,141,47,47,47,112,5016,263.810,2763,4387,3000,0
2026-07-25T13:53:33Z,195285,2883460,1165500,1236892,481068,437627,141,47,47,47,112,5016,263.810,2913,4727,3000,0
2026-07-25T13:54:04Z,195316,2883460,1165500,1236892,481068,376187,141,47,47,47,112,5016,263.810,2731,4323,3000,0
2026-07-25T13:54:36Z,195348,2883460,1165500,1236892,481068,384379,141,47,47,47,112,5016,263.810,2935,4435,3000,0
2026-07-25T13:55:07Z,195379,2883464,1165504,1236892,481068,511355,141,47,47,47,112,5016,263.810,2907,4491,3000,0
2026-07-25T13:55:38Z,195410,2883464,1165504,1236892,481068,357755,141,47,47,47,112,5016,263.810,2677,4319,3000,0
2026-07-25T13:56:10Z,195442,2883464,1165504,1236892,481068,349563,141,47,47,47,112,5016,263.810,2715,4247,3000,0
2026-07-25T13:56:41Z,195473,2883464,1165504,1236892,481068,361851,141,47,47,47,112,5016,263.810,2765,4527,3000,0
2026-07-25T13:57:12Z,195504,2883464,1165504,1236892,481068,431483,141,47,47,47,112,5016,263.810,2789,4391,3000,0
2026-07-25T13:57:44Z,195536,2883464,1165504,1236892,481068,380283,141,47,47,47,112,5016,263.810,2751,4395,3000,0
2026-07-25T13:58:15Z,195567,2883464,1165504,1236892,481068,380283,141,47,47,47,112,5016,263.810,2747,4583,3000,0
2026-07-25T13:58:47Z,195599,2883464,1165504,1236892,481068,367995,141,47,47,47,112,5016,263.810,2709,4375,3000,0
2026-07-25T13:59:18Z,195630,2883464,1165504,1236892,481068,390523,141,47,47,47,112,5016,263.810,2643,4311,3000,0
2026-07-25T13:59:49Z,195661,2883464,1165504,1236892,481068,392571,141,47,47,47,112,5016,263.810,2703,4379,3000,0
2026-07-25T14:00:21Z,195693,1749632,0,1268560,481072,933275,90,0,45,45,75,5016,263.810,2601,4559,3000,0
2026-07-25T14:00:52Z,195724,1909300,195992,1232236,481072,940098,138,46,46,46,112,5016,263.810,2671,5907,3000,0
2026-07-25T14:01:24Z,195756,2799836,1053868,1264824,481144,305539,143,49,47,47,114,5016,263.810,2907,8091,3000,0
2026-07-25T14:01:55Z,195787,2824116,1077932,1265108,481076,314040,143,49,47,47,112,5016,263.810,2759,4539,3000,0
2026-07-25T14:02:26Z,195818,2824648,1078464,1265108,481076,363212,143,49,47,47,112,5016,263.810,2673,4335,3000,0
2026-07-25T14:02:58Z,195850,2826376,1080192,1265108,481076,373458,143,49,47,47,112,5016,263.810,2743,4483,3000,0
2026-07-25T14:03:29Z,195881,2827128,1080944,1265108,481076,383706,143,49,47,47,112,5016,263.810,2729,4371,3000,0
2026-07-25T14:04:00Z,195912,2828380,1080960,1266344,481076,373467,143,49,47,47,112,5016,263.810,2885,4827,3000,0
2026-07-25T14:04:32Z,195944,2828428,1080980,1266344,481104,371423,143,49,47,47,112,5016,263.810,2631,4323,3000,0
2026-07-25T14:05:03Z,195975,2828476,1081000,1266344,481132,381663,143,49,47,47,112,5016,263.810,2783,4527,3000,0
2026-07-25T14:05:35Z,196007,2829868,1082392,1266344,481132,441072,143,49,47,47,112,5016,263.810,2881,4691,3000,0
2026-07-25T14:06:06Z,196038,2829876,1082400,1266344,481132,375536,143,49,47,47,112,5016,263.810,2701,4291,3000,0
2026-07-25T14:06:37Z,196069,2829916,1082440,1266344,481132,361201,143,49,47,47,112,5016,263.810,2725,4339,3000,0
2026-07-25T14:07:09Z,196101,2829916,1082440,1266344,481132,383730,143,49,47,47,112,5016,263.810,2763,4435,3000,0
2026-07-25T14:07:40Z,196132,2829936,1082460,1266344,481132,367351,143,49,47,47,112,5016,263.810,2717,4287,3000,0
2026-07-25T14:08:12Z,196164,2829968,1082492,1266344,481132,387833,143,49,47,47,112,5016,263.810,2677,4287,3000,0
2026-07-25T14:08:43Z,196195,2829992,1082508,1266352,481132,375546,143,49,47,47,112,5016,263.810,2867,4495,3000,0
2026-07-25T14:09:14Z,196226,2830008,1082524,1266352,481132,375547,143,49,47,47,112,5016,263.810,2831,4403,3000,0
2026-07-25T14:09:46Z,196258,2830028,1082544,1266352,481132,377598,143,49,47,47,112,5016,263.810,2717,4207,3000,0
2026-07-25T14:10:17Z,196289,2830028,1082544,1266352,481132,391934,143,49,47,47,112,5016,263.810,2733,4339,3000,0
2026-07-25T14:10:48Z,196320,2830040,1082556,1266352,481132,381696,143,49,47,47,112,5016,263.810,2771,4627,3000,0
2026-07-25T14:11:20Z,196352,2830040,1082556,1266352,481132,381696,143,49,47,47,112,5016,263.810,2663,4415,3000,0
2026-07-25T14:11:51Z,196383,2830048,1082564,1266352,481132,377602,143,49,47,47,112,5016,263.810,2691,4307,3000,0
2026-07-25T14:12:23Z,196415,2831188,1083704,1266352,481132,373509,143,49,47,47,112,5016,263.810,2789,4435,3000,0
2026-07-25T14:12:54Z,196446,2831192,1083708,1266352,481132,355081,143,49,47,47,112,5016,263.810,2699,4411,3000,0
2026-07-25T14:13:25Z,196477,2831200,1083716,1266352,481132,369419,143,49,47,47,112,5016,263.810,2721,4415,3000,0
2026-07-25T14:13:57Z,196509,2831212,1083728,1266352,481132,377614,143,49,47,47,112,5016,263.810,3003,4727,3000,0
2026-07-25T14:14:28Z,196540,2831500,1084016,1266352,481132,367376,143,49,47,47,112,5016,263.810,2871,4723,3000,0
2026-07-25T14:15:00Z,196572,2831500,1084016,1266352,481132,379664,143,49,47,47,112,5016,263.810,2715,4319,3000,0
2026-07-25T14:15:31Z,196603,2831500,1084016,1266352,481132,379664,143,49,47,47,112,5016,263.810,2819,4419,3000,0
2026-07-25T14:16:02Z,196634,2831504,1084020,1266352,481132,369427,143,49,47,47,112,5016,263.810,2763,4563,3000,0
2026-07-25T14:16:34Z,196666,2831504,1084020,1266352,481132,365331,143,49,47,47,112,5016,263.810,2711,4691,3000,0
2026-07-25T14:17:05Z,196697,2831504,1084020,1266352,481132,377620,143,49,47,47,112,5016,263.810,3055,4887,3000,0
2026-07-25T14:17:36Z,196728,2831504,1084020,1266352,481132,377558,143,49,47,47,112,5016,263.810,3073,4955,3000,0
2026-07-25T14:18:08Z,196760,2831504,1084020,1266352,481132,369368,143,49,47,47,112,5016,263.810,2765,4495,3000,0
2026-07-25T14:18:39Z,196791,2831508,1084024,1266352,481132,373464,143,49,47,47,112,5016,263.810,2827,4611,3000,0
2026-07-25T14:19:10Z,196822,2831540,1084056,1266352,481132,375515,143,49,47,47,112,5016,263.810,2917,4703,3000,0
2026-07-25T14:19:42Z,196854,2831544,1084060,1266352,481132,441064,143,49,47,47,112,5016,263.810,2819,4655,3000,0
2026-07-25T14:20:13Z,196885,2831544,1084060,1266352,481132,377580,143,49,47,47,112,5016,263.810,2825,4471,3000,0
2026-07-25T14:20:45Z,196917,2831544,1084060,1266352,481132,373488,143,49,47,47,112,5016,263.810,2853,4315,3000,0
2026-07-25T14:21:16Z,196948,2831560,1084076,1266352,481132,365300,143,49,47,47,112,5016,263.810,2889,4883,3000,0
2026-07-25T14:21:47Z,196979,2831572,1084088,1266352,481132,375547,143,49,47,47,112,5016,263.810,2765,4535,3000,0
2026-07-25T14:22:19Z,197011,2831576,1084092,1266352,481132,375547,143,49,47,47,112,5016,263.810,2835,4467,3000,0
2026-07-25T14:22:50Z,197042,2831580,1084096,1266352,481132,381695,143,49,47,47,112,5016,263.810,2895,4759,3000,0
2026-07-25T14:23:22Z,197074,2831624,1084140,1266352,481132,375556,143,49,47,47,112,5016,263.810,2863,4603,3000,0
2026-07-25T14:23:53Z,197105,2831624,1084140,1266352,481132,365316,143,49,47,47,112,5016,263.810,2865,4675,3000,0
2026-07-25T14:24:24Z,197136,2831628,1084144,1266352,481132,367367,143,49,47,47,112,5016,263.810,2875,4535,3000,0
2026-07-25T14:24:56Z,197168,2831632,1084148,1266352,481132,371466,143,49,47,47,112,5016,263.810,2821,4663,3000,0
2026-07-25T14:25:27Z,197199,2831704,1084152,1266420,481132,367371,143,49,47,47,112,5016,263.810,2795,4567,3000,0
2026-07-25T14:25:58Z,197230,2831708,1084156,1266420,481132,379660,143,49,47,47,112,5016,263.810,2853,4619,3000,0
2026-07-25T14:26:30Z,197262,2831708,1084156,1266420,481132,508687,143,49,47,47,112,5016,263.810,2843,4575,3000,0
2026-07-25T14:27:01Z,197293,2831716,1084164,1266420,481132,359185,143,49,47,47,112,5016,263.810,2787,4443,3000,0
2026-07-25T14:27:33Z,197325,2831724,1084172,1266420,481132,367377,143,49,47,47,112,5016,263.810,2973,4583,3000,0
2026-07-25T14:28:04Z,197356,2831724,1084172,1266420,481132,391956,143,49,47,47,112,5016,263.810,3041,4651,3000,0
2026-07-25T14:28:35Z,197387,2831728,1084176,1266420,481132,434966,143,49,47,47,112,5016,263.810,2841,4587,3000,0
2026-07-25T14:29:07Z,197419,2831768,1084216,1266420,481132,373526,143,49,47,47,112,5016,263.810,2957,4707,3000,0
2026-07-25T14:29:38Z,197450,2831768,1084216,1266420,481132,377623,143,49,47,47,112,5016,263.810,2817,4495,3000,0
2026-07-25T14:30:09Z,197481,2831776,1084224,1266420,481132,437016,143,49,47,47,112,5016,263.810,2957,4851,3000,0
2026-07-25T14:30:41Z,197513,2831780,1084228,1266420,481132,381721,143,49,47,47,112,5016,263.810,2775,4363,3000,0
2026-07-25T14:31:12Z,197544,2831812,1084260,1266420,481132,379676,143,49,47,47,112,5016,263.810,3097,5063,3000,0
2026-07-25T14:31:44Z,197576,2831816,1084264,1266420,481132,512797,143,49,47,47,112,5016,263.810,2941,4955,3000,0
2026-07-25T14:32:15Z,197607,2831816,1084264,1266420,481132,365347,143,49,47,47,112,5016,263.810,2799,4375,3000,0
2026-07-25T14:32:46Z,197638,2831832,1084280,1266420,481132,373539,143,49,47,47,112,5016,263.810,3069,4707,3000,0
2026-07-25T14:33:18Z,197670,2831840,1084288,1266420,481132,383798,143,49,47,47,112,5016,263.810,2913,4827,3000,0
2026-07-25T14:33:49Z,197701,2831848,1084296,1266420,481132,506684,143,49,47,47,112,5016,263.810,2731,4755,3000,0
2026-07-25T14:34:21Z,197733,2831852,1084300,1266420,481132,373566,143,49,47,47,112,5016,263.810,2819,4691,3000,0
2026-07-25T14:34:52Z,197764,2831860,1084308,1266420,481132,369473,143,49,47,47,112,5016,263.810,3001,4819,3000,0
2026-07-25T14:35:23Z,197795,2831868,1084316,1266420,481132,443203,143,49,47,47,112,5016,263.810,2857,4891,3000,0
2026-07-25T14:35:55Z,197827,2831868,1084316,1266420,481132,365380,143,49,47,47,112,5016,263.810,2777,4891,3000,0
2026-07-25T14:36:26Z,197858,2831892,1084340,1266420,481132,377670,143,49,47,47,112,5016,263.810,2793,4599,3000,0
2026-07-25T14:36:57Z,197889,2831892,1084340,1266420,481132,445257,143,49,47,47,112,5016,263.810,2811,4791,3000,0
2026-07-25T14:37:29Z,197921,2831900,1084348,1266420,481132,367433,143,49,47,47,112,5016,263.810,2769,4263,3000,0
2026-07-25T14:38:00Z,197952,2831904,1084352,1266420,481132,375630,143,49,47,47,112,5016,263.810,2735,4343,3000,0
2026-07-25T14:38:32Z,197984,2831912,1084360,1266420,481132,387924,143,49,47,47,112,5016,263.810,2929,4431,3000,0
2026-07-25T14:39:03Z,198015,2831916,1084364,1266420,481132,361301,143,49,47,47,112,5016,263.810,2647,4339,3000,0
2026-07-25T14:39:34Z,198046,2831916,1084364,1266420,481132,373592,143,49,47,47,112,5016,263.810,2713,4435,3000,0
2026-07-25T14:40:06Z,198078,2831916,1084364,1266420,481132,381784,143,49,47,47,112,5016,263.810,2755,4587,3000,0
2026-07-25T14:40:37Z,198109,2831920,1084368,1266420,481132,496472,143,49,47,47,112,5016,263.810,2705,4487,3000,0
2026-07-25T14:41:08Z,198140,2831920,1084368,1266420,481132,375640,143,49,47,47,112,5016,263.810,2667,4203,3000,0
2026-07-25T14:41:40Z,198172,2831924,1084372,1266420,481132,373595,143,49,47,47,112,5016,263.810,2927,4259,3000,0
2026-07-25T14:42:11Z,198203,2831924,1084372,1266420,481132,435035,143,49,47,47,112,5016,263.810,2677,4467,3000,0
2026-07-25T14:42:43Z,198235,2831924,1084372,1266420,481132,363355,143,49,47,47,112,5016,263.810,2653,4059,3000,0
2026-07-25T14:43:14Z,198266,2831940,1084388,1266420,481132,373595,143,49,47,47,112,5016,263.810,2925,4387,3000,0
2026-07-25T14:43:45Z,198297,2831940,1084388,1266420,481132,381788,143,49,47,47,112,5016,263.810,2893,4627,3000,0
2026-07-25T14:44:17Z,198329,2831940,1084388,1266420,481132,365404,143,49,47,47,112,5016,263.810,2617,4291,3000,0
2026-07-25T14:44:48Z,198360,2831940,1084388,1266420,481132,377694,143,49,47,47,112,5016,263.810,2715,4279,3000,0
2026-07-25T14:45:19Z,198391,2831940,1084388,1266420,481132,373598,143,49,47,47,112,5016,263.810,2791,4543,3000,0
2026-07-25T14:45:51Z,198423,2831944,1084392,1266420,481132,353122,143,49,47,47,112,5016,263.810,2749,4495,3000,0
2026-07-25T14:46:22Z,198454,2831976,1084392,1266452,481132,371557,143,49,47,47,112,5016,263.810,2889,4459,3000,0
2026-07-25T14:46:54Z,198486,2831980,1084396,1266452,481132,369509,143,49,47,47,112,5016,263.810,2945,4527,3000,0
2026-07-25T14:47:25Z,198517,2831980,1084396,1266452,481132,498534,143,49,47,47,112,5016,263.810,2923,4719,3000,0
2026-07-25T14:47:56Z,198548,2831984,1084400,1266452,481132,357222,143,49,47,47,112,5016,263.810,2707,4391,3000,0
2026-07-25T14:48:28Z,198580,2831984,1084400,1266452,481132,359270,143,49,47,47,112,5016,263.810,2907,4563,3000,0
2026-07-25T14:48:59Z,198611,2831988,1084404,1266452,481132,375654,143,49,47,47,112,5016,263.810,2763,4547,3000,0
2026-07-25T14:49:31Z,198643,2832004,1084420,1266452,481132,363366,143,49,47,47,112,5016,263.810,2641,4235,3000,0
2026-07-25T14:50:02Z,198674,2832004,1084420,1266452,481132,371558,143,49,47,47,112,5016,263.810,2987,4459,3000,0
2026-07-25T14:50:33Z,198705,2832004,1084420,1266452,481132,381798,143,49,47,47,112,5016,263.810,2893,4747,3000,0
2026-07-25T14:51:05Z,198737,2832004,1084420,1266452,481132,443238,143,49,47,47,112,5016,263.810,2701,4551,3000,0
2026-07-25T14:51:36Z,198768,2832004,1084420,1266452,481132,365414,143,49,47,47,112,5016,263.810,2703,4291,3000,0
2026-07-25T14:52:07Z,198799,2832004,1084420,1266452,481132,375654,143,49,47,47,112,5016,263.810,2745,4175,3000,0
2026-07-25T14:52:39Z,198831,2832008,1084424,1266452,481132,369515,143,49,47,47,112,5016,263.810,2717,4179,3000,0
2026-07-25T14:53:10Z,198862,2832016,1084432,1266452,481132,371563,143,49,47,47,112,5016,263.810,2811,4351,3000,0
2026-07-25T14:53:42Z,198894,2832020,1084436,1266452,481132,363371,143,49,47,47,112,5016,263.810,2741,4371,3000,0
2026-07-25T14:54:13Z,198925,2832020,1084436,1266452,481132,381803,143,49,47,47,112,5016,263.810,3035,4563,3000,0
2026-07-25T14:54:44Z,198956,2832020,1084436,1266452,481132,398187,143,49,47,47,112,5016,263.810,2891,4823,3000,0
2026-07-25T14:55:16Z,198988,2832020,1084436,1266452,481132,363373,143,49,47,47,112,5016,263.810,3073,4731,3000,0
2026-07-25T14:55:47Z,199019,2832028,1084444,1266452,481132,379757,143,49,47,47,112,5016,263.810,3337,5203,3000,0
2026-07-25T14:56:18Z,199050,2832032,1084448,1266452,481132,441197,143,49,47,47,112,5016,263.810,3177,5299,3000,0
2026-07-25T14:56:50Z,199082,2832032,1084448,1266452,481132,375663,143,49,47,47,112,5016,263.810,2969,5107,3000,0
2026-07-25T14:57:21Z,199113,2832168,1084452,1266584,481132,379766,143,49,47,47,112,5016,263.810,3149,4731,3000,0
2026-07-25T14:57:53Z,199145,2832188,1084472,1266584,481132,437135,143,49,47,47,112,5016,263.810,3189,4859,3000,0
2026-07-25T14:58:24Z,199176,2832196,1084480,1266584,481132,375697,143,49,47,47,112,5016,263.810,3129,4811,3000,0
2026-07-25T14:58:55Z,199207,2832200,1084484,1266584,481132,377745,143,49,47,47,112,5016,263.810,3317,5147,3000,0
2026-07-25T14:59:27Z,199239,2832200,1084484,1266584,481132,377749,143,49,47,47,112,5016,263.810,3141,5131,3000,0
2026-07-25T14:59:58Z,199270,2832204,1084488,1266584,481132,494487,143,49,47,47,112,5016,263.810,2925,5159,3000,0
2026-07-25T15:00:30Z,199302,2832212,1084496,1266584,481132,373658,143,49,47,47,112,5016,263.810,3085,5047,3000,0
2026-07-25T15:01:01Z,199333,2832216,1084500,1266584,481132,375707,143,49,47,47,112,5016,263.810,3171,5267,3000,0
2026-07-25T15:01:32Z,199364,2832264,1084548,1266584,481132,562086,143,49,47,47,112,5016,263.810,3109,4899,3000,0
2026-07-25T15:02:04Z,199396,2832264,1084548,1266584,481132,369578,143,49,47,47,112,5016,263.810,3053,4743,3000,0
2026-07-25T15:02:35Z,199427,2832264,1084548,1266584,481132,367530,143,49,47,47,112,5016,263.810,3191,5071,3000,0
2026-07-25T15:03:07Z,199459,2832264,1084548,1266584,481132,502698,143,49,47,47,112,5016,263.810,3285,4975,3000,0
2026-07-25T15:03:38Z,199490,2832264,1084548,1266584,481132,365483,143,49,47,47,112,5016,263.810,3235,4847,3000,0
2026-07-25T15:04:10Z,199522,2832284,1084568,1266584,481132,365483,143,49,47,47,112,5016,263.810,3291,4935,3000,0
2026-07-25T15:04:41Z,199553,2832300,1084584,1266584,481132,379840,143,49,47,47,112,5016,263.810,3361,5219,3000,0
2026-07-25T15:05:12Z,199584,2832300,1084584,1266584,481132,523201,143,49,47,47,112,5016,263.810,2993,4931,3000,0
2026-07-25T15:05:44Z,199616,2832304,1084588,1266584,481132,381890,143,49,47,47,112,5016,263.810,3133,4951,3000,0
2026-07-25T15:06:15Z,199647,2832304,1084588,1266584,481132,377795,143,49,47,47,112,5016,263.810,3333,5231,3000,0
2026-07-25T15:06:47Z,199679,2832308,1084592,1266584,481132,443337,143,49,47,47,112,5016,263.810,3353,5063,3000,0
2026-07-25T15:07:18Z,199710,2832312,1084596,1266584,481132,369609,143,49,47,47,112,5016,263.810,2963,4727,3000,0
2026-07-25T15:07:50Z,199742,2832312,1084596,1266584,481132,381902,143,49,47,47,112,5016,263.810,3043,4899,3000,0
2026-07-25T15:08:21Z,199773,2832312,1084596,1266584,481132,420815,143,49,47,47,112,5016,263.810,3165,4899,3000,0
2026-07-25T15:08:52Z,199804,2832312,1084596,1266584,481132,371663,143,49,47,47,112,5016,263.810,3051,4775,3000,0
2026-07-25T15:09:24Z,199836,2832312,1084596,1266584,481132,365519,143,49,47,47,112,5016,263.810,3083,4859,3000,0
2026-07-25T15:09:55Z,199867,2832312,1084596,1266584,481132,373711,143,49,47,47,112,5016,263.810,3123,5091,3000,0
2026-07-25T15:10:27Z,199899,2832316,1084600,1266584,481132,498641,143,49,47,47,112,5016,263.810,2909,4955,3000,0
2026-07-25T15:10:58Z,199930,2832316,1084600,1266584,481132,365521,143,49,47,47,112,5016,263.810,3177,4815,3000,0
2026-07-25T15:11:29Z,199961,2832316,1084600,1266584,481132,377809,143,49,47,47,112,5016,263.810,3337,5211,3000,0
2026-07-25T15:12:01Z,199993,2832316,1084600,1266584,481132,447441,143,49,47,47,112,5016,263.810,3061,5523,3000,0
2026-07-25T15:12:32Z,200024,2832316,1084600,1266584,481132,390097,143,49,47,47,112,5016,263.810,3231,4947,3000,0
2026-07-25T15:13:04Z,200056,2832316,1084600,1266584,481132,390098,143,49,47,47,112,5016,263.810,3107,4847,3000,0
2026-07-25T15:13:35Z,200087,2832316,1084600,1266584,481132,435154,143,49,47,47,112,5016,263.810,3173,5003,3000,0
2026-07-25T15:14:07Z,200119,2832316,1084600,1266584,481132,369618,143,49,47,47,112,5016,263.810,3025,4703,3000,0
2026-07-25T15:14:38Z,200150,2832316,1084600,1266584,481132,381906,143,49,47,47,112,5016,263.810,3233,4923,3000,0
2026-07-25T15:15:09Z,200181,2832316,1084600,1266584,481132,371666,143,49,47,47,112,5016,263.810,3145,4795,3000,0
2026-07-25T15:15:41Z,200213,2832316,1084600,1266584,481132,424914,143,49,47,47,112,5016,263.810,2805,4679,3000,0
2026-07-25T15:16:12Z,200244,2832316,1084600,1266584,481132,359378,143,49,47,47,112,5016,263.810,2703,4411,3000,0
2026-07-25T15:16:43Z,200275,2832316,1084600,1266584,481132,361426,143,49,47,47,112,5016,263.810,2679,4575,3000,0
2026-07-25T15:17:15Z,200307,2832316,1084600,1266584,481132,365522,143,49,47,47,112,5016,263.810,2689,4583,3000,0
2026-07-25T15:17:46Z,200338,2832316,1084600,1266584,481132,371666,143,49,47,47,112,5016,263.810,2855,4259,3000,0
2026-07-25T15:18:18Z,200370,2832316,1084600,1266584,481132,381906,143,49,47,47,112,5016,263.810,3259,4911,3000,0
2026-07-25T15:18:49Z,200401,2832316,1084600,1266584,481132,383955,143,49,47,47,112,5016,263.810,3061,5043,3000,0
2026-07-25T15:19:20Z,200432,2832316,1084600,1266584,481132,371667,143,49,47,47,112,5016,263.810,3031,4623,3000,0
2026-07-25T15:19:52Z,200464,2832316,1084600,1266584,481132,377811,143,49,47,47,112,5016,263.810,2929,4555,3000,0
2026-07-25T15:20:23Z,200495,2832316,1084600,1266584,481132,381907,143,49,47,47,112,5016,263.810,3277,4851,3000,0
2026-07-25T15:20:54Z,200526,2832320,1084604,1266584,481132,377816,143,49,47,47,112,5016,263.810,3205,5167,3000,0
2026-07-25T15:21:26Z,200558,2832320,1084604,1266584,481132,359384,143,49,47,47,112,5016,263.810,3549,5227,3000,0
2026-07-25T15:21:57Z,200589,2832320,1084604,1266584,481132,381912,143,49,47,47,112,5016,263.810,3353,5439,3000,0
2026-07-25T15:22:29Z,200621,2832324,1084608,1266584,481132,506841,143,49,47,47,112,5016,263.810,3653,5659,3000,0
2026-07-25T15:23:00Z,200652,2832324,1084608,1266584,481132,367577,143,49,47,47,112,5016,263.810,3357,5071,3000,0
2026-07-25T15:23:32Z,200684,2832324,1084608,1266584,481132,359385,143,49,47,47,112,5016,263.810,3513,5347,3000,0
2026-07-25T15:24:03Z,200715,2832324,1084608,1266584,481132,437212,143,49,47,47,112,5016,263.810,3311,5231,3000,0
2026-07-25T15:24:35Z,200747,2832324,1084608,1266584,481132,381916,143,49,47,47,112,5016,263.810,3233,4943,3000,0
2026-07-25T15:25:06Z,200778,2832324,1084608,1266584,481132,379868,143,49,47,47,112,5016,263.810,3195,5543,3000,0
2026-07-25T15:25:37Z,200809,2832324,1084608,1266584,481132,390108,143,49,47,47,112,5016,263.810,3301,5259,3000,0
2026-07-25T15:26:09Z,200841,2832324,1084608,1266584,481132,443356,143,49,47,47,112,5016,263.810,3135,5243,3000,0
2026-07-25T15:26:40Z,200872,2832324,1084608,1266584,481132,375772,143,49,47,47,112,5016,263.810,3191,5119,3000,0
2026-07-25T15:27:12Z,200904,2832324,1084608,1266584,481132,377820,143,49,47,47,112,5016,263.810,3485,5171,3000,0
2026-07-25T15:27:43Z,200935,2832324,1084608,1266584,481132,367580,143,49,47,47,112,5016,263.810,3401,5371,3000,0
2026-07-25T15:28:14Z,200966,2832324,1084608,1266584,481132,375772,143,49,47,47,112,5016,263.810,3015,4907,3000,0
2026-07-25T15:28:46Z,200998,2832344,1084628,1266584,481132,375772,143,49,47,47,112,5016,263.810,2943,4427,3000,0
2026-07-25T15:29:17Z,201029,2832344,1084628,1266584,481132,426972,143,49,47,47,112,5016,263.810,2717,4511,3000,0
2026-07-25T15:29:49Z,201061,2832344,1084628,1266584,481132,369628,143,49,47,47,112,5016,263.810,2871,4315,3000,0
2026-07-25T15:30:20Z,201092,2832344,1084628,1266584,481132,369628,143,49,47,47,112,5016,263.810,2841,4347,3000,0
2026-07-25T15:30:51Z,201123,2832344,1084628,1266584,481132,363484,143,49,47,47,112,5016,263.810,3291,5007,3000,0
2026-07-25T15:31:23Z,201155,2832344,1084628,1266584,481132,351196,143,49,47,47,112,5016,263.810,2853,4819,3000,0
2026-07-25T15:31:54Z,201186,2832348,1084632,1266584,481132,383966,143,49,47,47,112,5016,263.810,2811,5055,3000,0
2026-07-25T15:32:26Z,201218,2832348,1084632,1266584,481132,381918,143,49,47,47,112,5016,263.810,2849,4819,3000,0
2026-07-25T15:32:57Z,201249,2832348,1084632,1266584,481132,365535,143,49,47,47,112,5016,263.810,2691,4483,3000,0
2026-07-25T15:33:28Z,201280,2832352,1084636,1266584,481132,367585,143,49,47,47,112,5016,263.810,2707,4223,3000,0
2026-07-25T15:34:00Z,201312,2832352,1084636,1266584,481132,386017,143,49,47,47,112,5016,263.810,2705,4403,3000,0
2026-07-25T15:34:31Z,201343,2832376,1084660,1266584,481132,369633,143,49,47,47,112,5016,263.810,2713,4399,3000,0
2026-07-25T15:35:03Z,201375,2832400,1084684,1266584,481132,369655,143,49,47,47,112,5016,263.810,2737,4355,3000,0
2026-07-25T15:35:34Z,201406,2832400,1084684,1266584,481132,371703,143,49,47,47,112,5016,263.810,2823,4331,3000,0
2026-07-25T15:36:05Z,201437,2832400,1084684,1266584,481132,373751,143,49,47,47,112,5016,263.810,3097,5059,3000,0
2026-07-25T15:36:37Z,201469,2832400,1084684,1266584,481132,353271,143,49,47,47,112,5016,263.810,2997,4715,3000,0
2026-07-25T15:37:08Z,201500,2832400,1084684,1266584,481132,371704,143,49,47,47,112,5016,263.810,2799,4431,3000,0
2026-07-25T15:37:39Z,201531,2832400,1084684,1266584,481132,377848,143,49,47,47,112,5016,263.810,2771,4395,3000,0
2026-07-25T15:38:11Z,201563,2832400,1084684,1266584,481132,363514,143,49,47,47,112,5016,263.810,2711,4623,3000,0
2026-07-25T15:38:42Z,201594,2832404,1084688,1266584,481132,361467,143,49,47,47,112,5016,263.810,3001,4555,3000,0
2026-07-25T15:39:14Z,201626,2832404,1084688,1266584,481132,379899,143,49,47,47,112,5016,263.810,3129,4903,3000,0
2026-07-25T15:39:45Z,201657,2832436,1084720,1266584,481132,367611,143,49,47,47,112,5016,263.810,2893,4507,3000,0
2026-07-25T15:40:16Z,201688,2832448,1084732,1266584,481132,375816,143,49,47,47,112,5016,263.810,2745,4355,3000,0
2026-07-25T15:40:48Z,201720,2832448,1084732,1266584,481132,379912,143,49,47,47,112,5016,263.810,2803,4407,3000,0
2026-07-25T15:41:19Z,201751,2832448,1084732,1266584,481132,377866,143,49,47,47,112,5016,263.810,2691,4591,3000,0
2026-07-25T15:41:50Z,201782,2832448,1084732,1266584,481132,435210,143,49,47,47,112,5016,263.810,2637,4567,3000,0
2026-07-25T15:42:22Z,201814,2832448,1084732,1266584,481132,379914,143,49,47,47,112,5016,263.810,2723,4167,3000,0
2026-07-25T15:42:53Z,201845,2832448,1084732,1266584,481132,386058,143,49,47,47,112,5016,263.810,3061,4579,3000,0
2026-07-25T15:43:25Z,201877,2832448,1084732,1266584,481132,445450,143,49,47,47,112,5016,263.810,2997,4847,3000,0
2026-07-25T15:43:56Z,201908,2832448,1084732,1266584,481132,357386,143,49,47,47,112,5016,263.810,3247,4831,3000,0
2026-07-25T15:44:27Z,201939,2832448,1084732,1266584,481132,390154,143,49,47,47,112,5016,263.810,3107,4731,3000,0
2026-07-25T15:44:59Z,201971,2832448,1084732,1266584,481132,433163,143,49,47,47,112,5016,263.810,2987,5103,3000,0
2026-07-25T15:45:30Z,202002,2832452,1084736,1266584,481132,384011,143,49,47,47,112,5016,263.810,3025,4771,3000,0
2026-07-25T15:46:02Z,202034,2832452,1084736,1266584,481132,392203,143,49,47,47,112,5016,263.810,3305,4883,3000,0
2026-07-25T15:46:33Z,202065,2832452,1084736,1266584,481132,384011,143,49,47,47,112,5016,263.810,3565,5447,3000,0
2026-07-25T15:47:04Z,202096,2832452,1084736,1266584,481132,508939,143,49,47,47,112,5016,263.810,3181,5207,3000,0
2026-07-25T15:47:36Z,202128,2832452,1084736,1266584,481132,377867,143,49,47,47,112,5016,263.810,3255,5215,3000,0
2026-07-25T15:48:07Z,202159,2832452,1084736,1266584,481132,384011,143,49,47,47,112,5016,263.810,3303,5415,3000,0
2026-07-25T15:48:39Z,202191,2832452,1084736,1266584,481132,369675,143,49,47,47,112,5016,263.810,3207,5223,3000,0
2026-07-25T15:49:10Z,202222,2832452,1084736,1266584,481132,357387,143,49,47,47,112,5016,263.810,3437,5243,3000,0
2026-07-25T15:49:41Z,202253,2832452,1084736,1266584,481132,371723,143,49,47,47,112,5016,263.810,3249,5255,3000,0
2026-07-25T15:50:13Z,202285,2832456,1084740,1266584,481132,502795,143,49,47,47,112,5016,263.810,3127,5107,3000,0
2026-07-25T15:50:44Z,202316,2832456,1084740,1266584,481132,373771,143,49,47,47,112,5016,263.810,3055,4671,3000,0
2026-07-25T15:51:16Z,202348,2832460,1084744,1266584,481132,371723,143,49,47,47,112,5016,263.810,3065,4723,3000,0
2026-07-25T15:51:47Z,202379,2832460,1084744,1266584,481132,381967,143,49,47,47,112,5016,263.810,3263,5235,3000,0
2026-07-25T15:52:18Z,202410,2832460,1084744,1266584,481132,365583,143,49,47,47,112,5016,263.810,2925,4811,3000,0
2026-07-25T15:52:50Z,202442,2832460,1084744,1266584,481132,367631,143,49,47,47,112,5016,263.810,2673,4299,3000,0
2026-07-25T15:53:21Z,202473,2832460,1084744,1266584,481132,388112,143,49,47,47,112,5016,263.810,2749,4595,3000,0
2026-07-25T15:53:53Z,202505,2832460,1084744,1266584,481132,373776,143,49,47,47,112,5016,263.810,2833,4451,3000,0
2026-07-25T15:54:24Z,202536,2832460,1084744,1266584,481132,375824,143,49,47,47,112,5016,263.810,2629,4065,3000,0
2026-07-25T15:54:55Z,202567,2832464,1084748,1266584,481132,373777,143,49,47,47,112,5016,263.810,2909,4203,3000,0
2026-07-25T15:55:27Z,202599,2832464,1084748,1266584,481132,367634,143,49,47,47,112,5016,263.810,2749,4479,3000,0
2026-07-25T15:55:58Z,202630,2832464,1084748,1266584,481132,373778,143,49,47,47,112,5016,263.810,2871,4383,3000,0
2026-07-25T15:56:29Z,202661,2832464,1084748,1266584,481132,367634,143,49,47,47,112,5016,263.810,2955,4575,3000,0
2026-07-25T15:57:01Z,202693,2832464,1084748,1266584,481132,363538,143,49,47,47,112,5016,263.810,2805,4871,3000,0
2026-07-25T15:57:32Z,202724,2832464,1084748,1266584,481132,504851,143,49,47,47,112,5016,263.810,2845,4615,3000,0
2026-07-25T15:58:04Z,202756,2832464,1084748,1266584,481132,365587,143,49,47,47,112,5016,263.810,2733,4607,3000,0
2026-07-25T15:58:35Z,202787,2832464,1084748,1266584,481132,367635,143,49,47,47,112,5016,263.810,2735,4363,3000,0
2026-07-25T15:59:06Z,202818,2832472,1084756,1266584,481132,420884,143,49,47,47,112,5016,263.810,2841,4679,3000,0
2026-07-25T15:59:38Z,202850,2832520,1084804,1266584,481132,365592,143,49,47,47,112,5016,263.810,2663,4119,3000,0
2026-07-25T16:00:09Z,202881,2832520,1084804,1266584,481132,369688,143,49,47,47,112,5016,263.810,2819,4259,3000,0
2026-07-25T16:00:41Z,202913,2832520,1084804,1266584,481132,453657,143,49,47,47,112,5016,263.810,2915,4851,3000,0
2026-07-25T16:01:12Z,202944,2832524,1084808,1266584,481132,373786,143,49,47,47,112,5016,263.810,2891,4643,3000,0
2026-07-25T16:01:43Z,202975,2832524,1084808,1266584,481132,375834,143,49,47,47,112,5016,263.810,2965,4731,3000,0
2026-07-25T16:02:15Z,203007,2832524,1084808,1266584,481132,379931,143,49,47,47,112,5016,263.810,3109,4851,3000,0
2026-07-25T16:02:46Z,203038,2832524,1084808,1266584,481132,367643,143,49,47,47,112,5016,263.810,2995,4851,3000,0
2026-07-25T16:03:18Z,203070,2832532,1084816,1266584,481132,371740,143,49,47,47,112,5016,263.810,3007,4691,3000,0
2026-07-25T16:03:49Z,203101,2832532,1084816,1266584,481132,384028,143,49,47,47,112,5016,263.810,3005,4883,3000,0
2026-07-25T16:04:20Z,203132,2832536,1084820,1266584,481132,369697,143,49,47,47,112,5016,263.810,2891,4795,3000,0
2026-07-25T16:04:52Z,203164,2832540,1084824,1266584,481132,381989,143,49,47,47,112,5016,263.810,3013,4811,3000,0
2026-07-25T16:05:23Z,203195,2832544,1084828,1266584,481132,373803,143,49,47,47,112,5016,263.810,2945,4707,3000,0
2026-07-25T16:05:55Z,203227,2832544,1084828,1266584,481132,564269,143,49,47,47,112,5016,263.810,2833,4555,3000,0
2026-07-25T16:06:26Z,203258,2832552,1084836,1266584,481132,365618,143,49,47,47,112,5016,263.810,2747,4255,3000,0
2026-07-25T16:06:57Z,203289,2832564,1084848,1266584,481132,365618,143,49,47,47,112,5016,263.810,2799,4775,3000,0
2026-07-25T16:07:29Z,203321,2832576,1084860,1266584,481132,373822,143,49,47,47,112,5016,263.810,2965,4671,3000,0
2026-07-25T16:08:00Z,203352,2832584,1084868,1266584,481132,431178,143,49,47,47,112,5016,263.810,2763,4691,3000,0
2026-07-25T16:08:31Z,203383,2832612,1084896,1266584,481132,371800,143,49,47,47,112,5016,263.810,2809,4827,3000,0
2026-07-25T16:09:03Z,203415,2832612,1084896,1266584,481132,375905,143,49,47,47,112,5016,263.810,3005,4835,3000,0
2026-07-25T16:09:34Z,203446,2832612,1084896,1266584,481132,433250,143,49,47,47,112,5016,263.810,2791,4307,3000,0
2026-07-25T16:10:05Z,203477,2832612,1084896,1266584,481132,371810,143,49,47,47,112,5016,263.810,2861,4679,3000,0
2026-07-25T16:10:37Z,203509,2832612,1084896,1266584,481132,384099,143,49,47,47,112,5016,263.810,2777,4631,3000,0
2026-07-25T16:11:08Z,203540,2832612,1084896,1266584,481132,513123,143,49,47,47,112,5016,263.810,2739,4423,3000,0
2026-07-25T16:11:40Z,203572,2832616,1084900,1266584,481132,365671,143,49,47,47,112,5016,263.810,2687,4451,3000,0
2026-07-25T16:12:11Z,203603,2832616,1084900,1266584,481132,369767,143,49,47,47,112,5016,263.810,2735,4783,3000,0
2026-07-25T16:12:42Z,203634,2832616,1084900,1266584,481132,369768,143,49,47,47,112,5016,263.810,2911,4571,3000,0
2026-07-25T16:13:14Z,203666,2832616,1084900,1266584,481132,361577,143,49,47,47,112,5016,263.810,2719,4703,3000,0
2026-07-25T16:13:45Z,203697,2832616,1084900,1266584,481132,365674,143,49,47,47,112,5016,263.810,2911,4259,3000,0
2026-07-25T16:14:16Z,203728,2832632,1084916,1266584,481132,377967,143,49,47,47,112,5016,263.810,2751,4443,3000,0
2026-07-25T16:14:48Z,203760,2832648,1084932,1266584,481132,498821,143,49,47,47,112,5016,263.810,2715,4763,3000,0
2026-07-25T16:15:19Z,203791,2832648,1084932,1266584,481132,359557,143,49,47,47,112,5016,263.810,2875,4335,3000,0
2026-07-25T16:15:51Z,203823,2832652,1084936,1266584,481132,371845,143,49,47,47,112,5016,263.810,2975,5047,3000,0
2026-07-25T16:16:22Z,203854,2832652,1084936,1266584,481132,439432,143,49,47,47,112,5016,263.810,3035,4655,3000,0
2026-07-25T16:16:53Z,203885,2832656,1084940,1266584,481132,371850,143,49,47,47,112,5016,263.810,2687,4583,3000,0
2026-07-25T16:17:25Z,203917,2832656,1084940,1266584,481132,382090,143,49,47,47,112,5016,263.810,3015,4859,3000,0
2026-07-25T16:17:56Z,203948,2832660,1084944,1266584,481132,380047,143,49,47,47,112,5016,263.810,2765,4971,3000,0
2026-07-25T16:18:28Z,203980,2832660,1084944,1266584,481132,435343,143,49,47,47,112,5016,263.810,2791,4427,3000,0
2026-07-25T16:18:59Z,204011,2832660,1084944,1266584,481132,369807,143,49,47,47,112,5016,263.810,2901,4627,3000,0
2026-07-25T16:19:30Z,204042,2832660,1084944,1266584,481132,375951,143,49,47,47,112,5016,263.810,2971,4539,3000,0
2026-07-25T16:20:02Z,204074,2832660,1084944,1266584,481132,423055,143,49,47,47,112,5016,263.810,2727,4715,3000,0
2026-07-25T16:20:33Z,204105,2832664,1084948,1266584,481132,361615,143,49,47,47,112,5016,263.810,2741,4527,3000,0
2026-07-25T16:21:05Z,204137,2832664,1084948,1266584,481132,371856,143,49,47,47,112,5016,263.810,2723,4627,3000,0
2026-07-25T16:21:36Z,204168,2832664,1084948,1266584,481132,500880,143,49,47,47,112,5016,263.810,2917,4619,3000,0
2026-07-25T16:22:07Z,204199,2832664,1084948,1266584,481132,357520,143,49,47,47,112,5016,263.810,3173,4831,3000,0
2026-07-25T16:22:39Z,204231,2832664,1084948,1266584,481132,361616,143,49,47,47,112,5016,263.810,3123,4935,3000,0
2026-07-25T16:23:10Z,204262,2832664,1084948,1266584,481132,373904,143,49,47,47,112,5016,263.810,3309,5179,3000,0
2026-07-25T16:23:42Z,204294,2832664,1084948,1266584,481132,429200,143,49,47,47,112,5016,263.810,2737,4623,3000,0
2026-07-25T16:24:13Z,204325,2832664,1084948,1266584,481132,375952,143,49,47,47,112,5016,263.810,2875,4763,3000,0
2026-07-25T16:24:44Z,204356,2832664,1084948,1266584,481132,384144,143,49,47,47,112,5016,263.810,3443,5083,3000,0
2026-07-25T16:25:16Z,204388,2832664,1084948,1266584,481132,447632,143,49,47,47,112,5016,263.810,2955,5059,3000,0
2026-07-25T16:25:47Z,204419,2832664,1084948,1266584,481132,375952,143,49,47,47,112,5016,263.810,3031,4707,3000,0
2026-07-25T16:26:19Z,204451,2832664,1084948,1266584,481132,386192,143,49,47,47,112,5016,263.810,2739,4883,3000,0
2026-07-25T16:26:50Z,204482,2832664,1084948,1266584,481132,507024,143,49,47,47,112,5016,263.810,2903,4559,3000,0
2026-07-25T16:27:21Z,204513,2832664,1084948,1266584,481132,363664,143,49,47,47,112,5016,263.810,2803,4243,3000,0
2026-07-25T16:27:53Z,204545,2832664,1084948,1266584,481132,367760,143,49,47,47,112,5016,263.810,2769,4307,3000,0
2026-07-25T16:28:24Z,204576,2832664,1084948,1266584,481132,375952,143,49,47,47,112,5016,263.810,2803,4715,3000,0
2026-07-25T16:28:55Z,204607,2832668,1084952,1266584,481132,494740,143,49,47,47,112,5016,263.810,2811,4787,3000,0
2026-07-25T16:29:27Z,204639,2832672,1084956,1266584,481132,361623,143,49,47,47,112,5016,263.810,2859,4547,3000,0
2026-07-25T16:29:58Z,204670,2832672,1084956,1266584,481132,359575,143,49,47,47,112,5016,263.810,2835,4635,3000,0
2026-07-25T16:30:30Z,204702,2832672,1084956,1266584,481132,496791,143,49,47,47,112,5016,263.810,2909,4483,3000,0
2026-07-25T16:31:01Z,204733,2832672,1084956,1266584,481132,373911,143,49,47,47,112,5016,263.810,2819,4643,3000,0
2026-07-25T16:31:32Z,204764,2832672,1084956,1266584,481132,375959,143,49,47,47,112,5016,263.810,2949,4367,3000,0
2026-07-25T16:32:04Z,204796,2832672,1084956,1266584,481132,515223,143,49,47,47,112,5016,263.810,2771,4507,3000,0
2026-07-25T16:32:35Z,204827,2832672,1084956,1266584,481132,369815,143,49,47,47,112,5016,263.810,2763,4287,3000,0
2026-07-25T16:33:07Z,204859,2832672,1084956,1266584,481132,371863,143,49,47,47,112,5016,263.810,3197,4895,3000,0
2026-07-25T16:33:38Z,204890,2832672,1084956,1266584,481132,371863,143,49,47,47,112,5016,263.810,3229,5299,3000,0
2026-07-25T16:34:09Z,204921,2832672,1084956,1266584,481132,437399,143,49,47,47,112,5016,263.810,2915,5007,3000,0
2026-07-25T16:34:41Z,204953,2832672,1084956,1266584,481132,365719,143,49,47,47,112,5016,263.810,3243,4847,3000,0
2026-07-25T16:35:12Z,204984,2832672,1084956,1266584,481132,390295,143,49,47,47,112,5016,263.810,3437,5115,3000,0
2026-07-25T16:35:44Z,205016,2832676,1084960,1266584,481132,437399,143,49,47,47,112,5016,263.810,3385,5159,3000,0
2026-07-25T16:36:15Z,205047,2832676,1084960,1266584,481132,365719,143,49,47,47,112,5016,263.810,2817,4807,3000,0
2026-07-25T16:36:46Z,205078,2832676,1084960,1266584,481132,359575,143,49,47,47,112,5016,263.810,3161,4707,3000,0
2026-07-25T16:37:18Z,205110,2832676,1084960,1266584,481132,365719,143,49,47,47,112,5016,263.810,3087,4627,3000,0
2026-07-25T16:37:49Z,205141,2832676,1084960,1266584,481132,373911,143,49,47,47,112,5016,263.810,3237,4839,3000,0
2026-07-25T16:38:21Z,205173,2832676,1084960,1266584,481132,382103,143,49,47,47,112,5016,263.810,2943,4691,3000,0
2026-07-25T16:38:52Z,205204,2832676,1084960,1266584,481132,382103,143,49,47,47,112,5016,263.810,3249,5247,3000,0
2026-07-25T16:39:23Z,205235,2832676,1084960,1266584,481132,441495,143,49,47,47,112,5016,263.810,2879,4643,3000,0
2026-07-25T16:39:55Z,205267,2832676,1084960,1266584,481132,378007,143,49,47,47,112,5016,263.810,2961,4819,3000,0
2026-07-25T16:40:26Z,205298,2832676,1084960,1266584,481132,375959,143,49,47,47,112,5016,263.810,2967,4667,3000,0
2026-07-25T16:40:57Z,205329,2832680,1084964,1266584,481132,439447,143,49,47,47,112,5016,263.810,2899,5099,3000,0
2026-07-25T16:41:29Z,205361,2832680,1084964,1266584,481132,365719,143,49,47,47,112,5016,263.810,3047,4835,3000,0
2026-07-25T16:42:00Z,205392,2832684,1084968,1266584,481132,375963,143,49,47,47,112,5016,263.810,3027,4967,3000,0
2026-07-25T16:42:32Z,205424,2832684,1084968,1266584,481132,576670,143,49,47,47,112,5016,263.810,2867,4715,3000,0
2026-07-25T16:43:03Z,205455,2832684,1084968,1266584,481132,361630,143,49,47,47,112,5016,263.810,2661,4207,3000,0
2026-07-25T16:43:34Z,205486,2832684,1084968,1266584,481132,371870,143,49,47,47,112,5016,263.810,2659,4211,3000,0
2026-07-25T16:44:06Z,205518,2832684,1084968,1266584,481132,375966,143,49,47,47,112,5016,263.810,2751,4371,3000,0
2026-07-25T16:44:37Z,205549,2832688,1084972,1266584,481132,513182,143,49,47,47,112,5016,263.810,2637,4099,3000,0
2026-07-25T16:45:09Z,205581,2832688,1084972,1266584,481132,371870,143,49,47,47,112,5016,263.810,2741,4835,3000,0
2026-07-25T16:45:40Z,205612,2832688,1084972,1266584,481132,373918,143,49,47,47,112,5016,263.810,2755,4915,3000,0
2026-07-25T16:46:11Z,205643,2832688,1084972,1266584,481132,447646,143,49,47,47,112,5016,263.810,2723,4731,3000,0
2026-07-25T16:46:43Z,205675,2832688,1084972,1266584,481132,363678,143,49,47,47,112,5016,263.810,2731,4387,3000,0
2026-07-25T16:47:14Z,205706,2832688,1084972,1266584,481132,375967,143,49,47,47,112,5016,263.810,3239,4827,3000,0
2026-07-25T16:47:45Z,205737,2832688,1084972,1266584,481132,443551,143,49,47,47,112,5016,263.810,3243,4983,3000,0
2026-07-25T16:48:17Z,205769,2832688,1084972,1266584,481132,359583,143,49,47,47,112,5016,263.810,3037,4891,3000,0
2026-07-25T16:48:48Z,205800,2832688,1084972,1266584,481132,367775,143,49,47,47,112,5016,263.810,2905,4399,3000,0
2026-07-25T16:49:20Z,205832,2832688,1084972,1266584,481132,380063,143,49,47,47,112,5016,263.810,2941,4571,3000,0
2026-07-25T16:49:51Z,205863,2832688,1084972,1266584,481132,441503,143,49,47,47,112,5016,263.810,3131,4727,3000,0
2026-07-25T16:50:22Z,205894,2832688,1084972,1266584,481132,367775,143,49,47,47,112,5016,263.810,3161,5211,3000,0
2026-07-25T16:50:54Z,205926,2832688,1084972,1266584,481132,373919,143,49,47,47,112,5016,263.810,3179,5187,3000,0
2026-07-25T16:51:25Z,205957,2832692,1084976,1266584,481132,423075,143,49,47,47,112,5016,263.810,3343,5243,3000,0
2026-07-25T16:51:57Z,205989,2832692,1084976,1266584,481132,375971,143,49,47,47,112,5016,263.810,3103,4939,3000,0
2026-07-25T16:52:28Z,206020,2832692,1084976,1266584,481132,367779,143,49,47,47,112,5016,263.810,2777,4695,3000,0
2026-07-25T16:52:59Z,206051,2832692,1084976,1266584,481132,445603,143,49,47,47,112,5016,263.810,2743,4539,3000,0
2026-07-25T16:53:31Z,206083,2832692,1084976,1266584,481132,363683,143,49,47,47,112,5016,263.810,2623,4575,3000,0
2026-07-25T16:54:02Z,206114,2832692,1084976,1266584,481132,371875,143,49,47,47,112,5016,263.810,2671,4615,3000,0
2026-07-25T16:54:34Z,206146,2832692,1084976,1266584,481132,375971,143,49,47,47,112,5016,263.810,2703,4523,3000,0
2026-07-25T16:55:05Z,206177,2832692,1084976,1266584,481132,363683,143,49,47,47,112,5016,263.810,2575,4871,3000,0
2026-07-25T16:55:36Z,206208,2832692,1084976,1266584,481132,371875,143,49,47,47,112,5016,263.810,2655,4235,3000,0
2026-07-25T16:56:08Z,206240,2832692,1084976,1266584,481132,373923,143,49,47,47,112,5016,263.810,2959,4423,3000,0
2026-07-25T16:56:39Z,206271,2832692,1084976,1266584,481132,429219,143,49,47,47,112,5016,263.810,2685,4423,3000,0
2026-07-25T16:57:10Z,206302,2832692,1084976,1266584,481132,353443,143,49,47,47,112,5016,263.810,2725,4295,3000,0
2026-07-25T16:57:42Z,206334,2832692,1084976,1266584,481132,369827,143,49,47,47,112,5016,263.810,2801,4411,3000,0
2026-07-25T16:58:13Z,206365,2832696,1084980,1266584,481132,359589,143,49,47,47,112,5016,263.810,2751,4303,3000,0
2026-07-25T16:58:45Z,206397,2832696,1084980,1266584,481132,363685,143,49,47,47,112,5016,263.810,2691,4179,3000,0
2026-07-25T16:59:16Z,206428,2832696,1084980,1266584,481132,369829,143,49,47,47,112,5016,263.810,2741,4447,3000,0
2026-07-25T16:59:47Z,206459,2832696,1084980,1266584,481132,386213,143,49,47,47,112,5016,263.810,2691,4683,3000,0
2026-07-25T17:00:19Z,206491,2832696,1084980,1266584,481132,441509,143,49,47,47,112,5016,263.810,2653,4531,3000,0
2026-07-25T17:00:50Z,206522,2832700,1084984,1266584,481132,373929,143,49,47,47,112,5016,263.810,2695,4187,3000,0
2026-07-25T17:01:21Z,206553,2832700,1084984,1266584,481132,394409,143,49,47,47,112,5016,263.810,2777,4343,3000,0
2026-07-25T17:01:53Z,206585,2832700,1084984,1266584,481132,511146,143,49,47,47,112,5016,263.810,2763,4643,3000,0
2026-07-25T17:02:24Z,206616,2832700,1084984,1266584,481132,375978,143,49,47,47,112,5016,263.810,2759,4387,3000,0
2026-07-25T17:02:55Z,206647,2832700,1084984,1266584,481132,382122,143,49,47,47,112,5016,263.810,2763,4395,3000,0
2026-07-25T17:03:27Z,206679,2832700,1084984,1266584,481132,572586,143,49,47,47,112,5016,263.810,2741,4283,3000,0
2026-07-25T17:03:58Z,206710,2832700,1084984,1266584,481132,359594,143,49,47,47,112,5016,263.810,2751,4639,3000,0
2026-07-25T17:04:30Z,206742,2832704,1084988,1266584,481132,367786,143,49,47,47,112,5016,263.810,2947,4515,3000,0
2026-07-25T17:05:01Z,206773,2832704,1084988,1266584,481132,369837,143,49,47,47,112,5016,263.810,3009,4663,3000,0
2026-07-25T17:05:32Z,206804,2832704,1084988,1266584,481132,500909,143,49,47,47,112,5016,263.810,2663,4231,3000,0
2026-07-25T17:06:04Z,206836,2832704,1084988,1266584,481132,367789,143,49,47,47,112,5016,263.810,2731,4591,3000,0
2026-07-25T17:06:35Z,206867,2832704,1084988,1266584,481132,371885,143,49,47,47,112,5016,263.810,2805,4787,3000,0
2026-07-25T17:07:06Z,206898,2832704,1084988,1266584,481132,435373,143,49,47,47,112,5016,263.810,2711,4403,3000,0
2026-07-25T17:07:38Z,206930,2832704,1084988,1266584,481132,369837,143,49,47,47,112,5016,263.810,2901,4567,3000,0
2026-07-25T17:08:09Z,206961,2832704,1084988,1266584,481132,373933,143,49,47,47,112,5016,263.810,2923,4543,3000,0
2026-07-25T17:08:41Z,206993,2832704,1084988,1266584,481132,517294,143,49,47,47,112,5016,263.810,2719,4563,3000,0
2026-07-25T17:09:12Z,207024,2832704,1084988,1266584,481132,382126,143,49,47,47,112,5016,263.810,2663,4307,3000,0
2026-07-25T17:09:43Z,207055,2832704,1084988,1266584,481132,386222,143,49,47,47,112,5016,263.810,2675,4163,3000,0
2026-07-25T17:10:15Z,207087,2832704,1084988,1266584,481132,367790,143,49,47,47,112,5016,263.810,2969,4455,3000,0
2026-07-25T17:10:46Z,207118,2832704,1084988,1266584,481132,433326,143,49,47,47,112,5016,263.810,2665,4375,3000,0
2026-07-25T17:11:17Z,207149,2832704,1084988,1266584,481132,359598,143,49,47,47,112,5016,263.810,2857,4299,3000,0
2026-07-25T17:11:49Z,207181,2832704,1084988,1266584,481132,371886,143,49,47,47,112,5016,263.810,2951,4423,3000,0
2026-07-25T17:12:20Z,207212,2832712,1084996,1266584,481132,427187,143,49,47,47,112,5016,263.810,2787,4699,3000,0
2026-07-25T17:12:52Z,207244,2832712,1084996,1266584,481132,373939,143,49,47,47,112,5016,263.810,2865,4275,3000,0
2026-07-25T17:13:23Z,207275,2832716,1085000,1266584,481132,380087,143,49,47,47,112,5016,263.810,2847,4387,3000,0
2026-07-25T17:13:54Z,207306,2832720,1085004,1266584,481132,367799,143,49,47,47,112,5016,263.810,2829,4783,3000,0
2026-07-25T17:14:26Z,207338,2832728,1085012,1266584,481132,367813,143,49,47,47,112,5016,263.810,2881,4767,3000,0
2026-07-25T17:14:57Z,207369,2832728,1085012,1266584,481132,373957,143,49,47,47,112,5016,263.810,2781,4855,3000,0
2026-07-25T17:15:29Z,207401,2832752,1085036,1266584,481132,378074,143,49,47,47,112,5016,263.810,2949,4911,3000,0
2026-07-25T17:16:00Z,207432,2832752,1085036,1266584,481132,511197,143,49,47,47,112,5016,263.810,2681,4319,3000,0
2026-07-25T17:16:31Z,207463,2832752,1085036,1266584,481132,367837,143,49,47,47,112,5016,263.810,2689,4587,3000,0
2026-07-25T17:17:03Z,207495,2832752,1085036,1266584,481132,380125,143,49,47,47,112,5016,263.810,2747,4559,3000,0
2026-07-25T17:17:34Z,207526,2832752,1085036,1266584,481132,427229,143,49,47,47,112,5016,263.810,2775,4635,3000,0
2026-07-25T17:18:05Z,207557,2832752,1085036,1266584,481132,365789,143,49,47,47,112,5016,263.810,2691,4175,3000,0
2026-07-25T17:18:37Z,207589,2832784,1085068,1266584,481132,367845,143,49,47,47,112,5016,263.810,2857,4307,3000,0
2026-07-25T17:19:08Z,207620,2832784,1085068,1266584,481132,435430,143,49,47,47,112,5016,263.810,2983,4615,3000,0
2026-07-25T17:19:40Z,207652,2832784,1085068,1266584,481132,378086,143,49,47,47,112,5016,263.810,2703,4531,3000,0
2026-07-25T17:20:11Z,207683,2832796,1085080,1266584,481132,380134,143,49,47,47,112,5016,263.810,2745,4207,3000,0
2026-07-25T17:20:42Z,207714,2832804,1085088,1266584,481132,371945,143,49,47,47,112,5016,263.810,2897,4731,3000,0
2026-07-25T17:21:14Z,207746,2832816,1085100,1266584,481132,509163,143,49,47,47,112,5016,263.810,2645,4299,3000,0
2026-07-25T17:21:45Z,207777,2832852,1085136,1266584,481132,367862,143,49,47,47,112,5016,263.810,2731,4559,3000,0
2026-07-25T17:22:16Z,207808,2832872,1085156,1266584,481132,378103,143,49,47,47,112,5016,263.810,2795,4491,3000,0
2026-07-25T17:22:48Z,207840,2832872,1085156,1266584,481132,517367,143,49,47,47,112,5016,263.810,2747,4383,3000,0
2026-07-25T17:23:19Z,207871,2832872,1085156,1266584,481132,369911,143,49,47,47,112,5016,263.810,2731,4203,3000,0
2026-07-25T17:23:51Z,207903,2832872,1085156,1266584,481132,365815,143,49,47,47,112,5016,263.810,2841,4547,3000,0
2026-07-25T17:24:22Z,207934,2832876,1085160,1266584,481132,576759,143,49,47,47,112,5016,263.810,2737,4487,3000,0
2026-07-25T17:24:53Z,207965,2832880,1085164,1266584,481132,374007,143,49,47,47,112,5016,263.810,2741,4539,3000,0
2026-07-25T17:25:25Z,207997,2832888,1085172,1266584,481132,361719,143,49,47,47,112,5016,263.810,2889,4439,3000,0
2026-07-25T17:25:56Z,208028,2832888,1085172,1266584,481132,363767,143,49,47,47,112,5016,263.810,2749,4595,3000,0
2026-07-25T17:26:27Z,208059,2832888,1085172,1266584,481132,505079,143,49,47,47,112,5016,263.810,2819,4383,3000,0
2026-07-25T17:26:59Z,208091,2832888,1085172,1266584,481132,359671,143,49,47,47,112,5016,263.810,2699,4655,3000,0
2026-07-25T17:27:30Z,208122,2832888,1085172,1266584,481132,371959,143,49,47,47,112,5016,263.810,2755,4683,3000,0
2026-07-25T17:28:02Z,208154,2832888,1085172,1266584,481132,431351,143,49,47,47,112,5016,263.810,2799,4647,3000,0
2026-07-25T17:28:33Z,208185,2832888,1085172,1266584,481132,378103,143,49,47,47,112,5016,263.810,2675,4375,3000,0
2026-07-25T17:29:04Z,208216,2832888,1085172,1266584,481132,396535,143,49,47,47,112,5016,263.810,2767,4447,3000,0
2026-07-25T17:29:36Z,208248,2832888,1085172,1266584,481132,453879,143,49,47,47,112,5016,263.810,2755,4511,3000,0
2026-07-25T17:30:07Z,208279,2832888,1085172,1266584,481132,365815,143,49,47,47,112,5016,263.810,2685,4367,3000,0
2026-07-25T17:30:38Z,208310,2832888,1085172,1266584,481132,367863,143,49,47,47,112,5016,263.810,2705,4327,3000,0
2026-07-25T17:31:10Z,208342,2832888,1085172,1266584,481132,376055,143,49,47,47,112,5016,263.810,2773,4695,3000,0
2026-07-25T17:31:41Z,208373,2832888,1085172,1266584,481132,439543,143,49,47,47,112,5016,263.810,2671,4395,3000,0
2026-07-25T17:32:13Z,208405,2832896,1085180,1266584,481132,369912,143,49,47,47,112,5016,263.810,2843,4355,3000,0
2026-07-25T17:32:44Z,208436,2832896,1085180,1266584,481132,363768,143,49,47,47,112,5016,263.810,2775,4543,3000,0
2026-07-25T17:33:15Z,208467,2832896,1085180,1266584,481132,494840,143,49,47,47,112,5016,263.810,2921,4643,3000,0
2026-07-25T17:33:47Z,208499,2832896,1085180,1266584,481132,363768,143,49,47,47,112,5016,263.810,2739,4279,3000,0
2026-07-25T17:34:18Z,208530,2832896,1085180,1266584,481132,361720,143,49,47,47,112,5016,263.810,2987,4483,3000,0
2026-07-25T17:34:50Z,208562,2832896,1085180,1266584,481132,433400,143,49,47,47,112,5016,263.810,2971,4467,3000,0
2026-07-25T17:35:21Z,208593,2832896,1085180,1266584,481132,367864,143,49,47,47,112,5016,263.810,2669,4183,3000,0
2026-07-25T17:35:52Z,208624,2832896,1085180,1266584,481132,380152,143,49,47,47,112,5016,263.810,2685,4211,3000,0
2026-07-25T17:36:24Z,208656,2832900,1085184,1266584,481132,382200,143,49,47,47,112,5016,263.810,2783,4339,3000,0
2026-07-25T17:36:55Z,208687,2832900,1085184,1266584,481132,443640,143,49,47,47,112,5016,263.810,2793,4483,3000,0
2026-07-25T17:37:26Z,208718,2832900,1085184,1266584,481132,371960,143,49,47,47,112,5016,263.810,2723,4511,3000,0
2026-07-25T17:37:58Z,208750,2832900,1085184,1266584,481132,384248,143,49,47,47,112,5016,263.810,2755,4455,3000,0
2026-07-25T17:38:29Z,208781,2832900,1085184,1266584,481132,437496,143,49,47,47,112,5016,263.810,2761,4699,3000,0
2026-07-25T17:39:00Z,208812,2832900,1085184,1266584,481132,380152,143,49,47,47,112,5016,263.810,2803,4611,3000,0
2026-07-25T17:39:32Z,208844,2832912,1085196,1266584,481132,380152,143,49,47,47,112,5016,263.810,2823,4907,3000,0
2026-07-25T17:40:03Z,208875,2832912,1085196,1266584,481132,421112,143,49,47,47,112,5016,263.810,2699,4439,3000,0
2026-07-25T17:40:35Z,208907,2832920,1085204,1266584,481132,367864,143,49,47,47,112,5016,263.810,2791,4239,3000,0
2026-07-25T17:41:06Z,208938,2832928,1085212,1266584,481132,371960,143,49,47,47,112,5016,263.810,2695,4215,3000,0
2026-07-25T17:41:37Z,208969,2832928,1085212,1266584,481132,369914,143,49,47,47,112,5016,263.810,2743,4515,3000,0
2026-07-25T17:42:09Z,209001,2832928,1085212,1266584,481132,431354,143,49,47,47,112,5016,263.810,2745,4679,3000,0
2026-07-25T17:42:40Z,209032,2832928,1085212,1266584,481132,374010,143,49,47,47,112,5016,263.810,2755,4655,3000,0
2026-07-25T17:43:12Z,209064,2832928,1085212,1266584,481132,384250,143,49,47,47,112,5016,263.810,2907,4371,3000,0
2026-07-25T17:43:43Z,209095,2832928,1085212,1266584,481132,511227,143,49,47,47,112,5016,263.810,2733,4615,3000,0
2026-07-25T17:44:14Z,209126,2832928,1085212,1266584,481132,382203,143,49,47,47,112,5016,263.810,2763,4227,3000,0
2026-07-25T17:44:46Z,209158,2832928,1085212,1266584,481132,374011,143,49,47,47,112,5016,263.810,2791,4395,3000,0
2026-07-25T17:45:17Z,209189,2832928,1085212,1266584,481132,515323,143,49,47,47,112,5016,263.810,2885,4339,3000,0
2026-07-25T17:45:48Z,209220,2832928,1085212,1266584,481132,365819,143,49,47,47,112,5016,263.810,2889,4451,3000,0
2026-07-25T17:46:20Z,209252,2832928,1085212,1266584,481132,359675,143,49,47,47,112,5016,263.810,2733,4659,3000,0
2026-07-25T17:46:51Z,209283,2832928,1085212,1266584,481132,371963,143,49,47,47,112,5016,263.810,2795,4363,3000,0
2026-07-25T17:47:23Z,209315,2832928,1085212,1266584,481132,417019,143,49,47,47,112,5016,263.810,2701,4463,3000,0
2026-07-25T17:47:54Z,209346,2832928,1085212,1266584,481132,363771,143,49,47,47,112,5016,263.810,2719,4303,3000,0
2026-07-25T17:48:25Z,209377,2832928,1085212,1266584,481132,367867,143,49,47,47,112,5016,263.810,2765,4379,3000,0
2026-07-25T17:48:57Z,209409,2832944,1085228,1266584,481132,503039,143,49,47,47,112,5016,263.810,2691,4655,3000,0
2026-07-25T17:49:28Z,209440,2832944,1085228,1266584,481132,359679,143,49,47,47,112,5016,263.810,2765,4495,3000,0
2026-07-25T17:50:00Z,209472,2832944,1085228,1266584,481132,365823,143,49,47,47,112,5016,263.810,2923,4727,3000,0
2026-07-25T17:50:31Z,209503,2832944,1085228,1266584,481132,443647,143,49,47,47,112,5016,263.810,2717,4515,3000,0
2026-07-25T17:51:02Z,209534,2832944,1085228,1266584,481132,363775,143,49,47,47,112,5016,263.810,2663,4459,3000,0
2026-07-25T17:51:34Z,209566,2832944,1085228,1266584,481132,367871,143,49,47,47,112,5016,263.810,2761,4211,3000,0
2026-07-25T17:52:05Z,209597,2832944,1085228,1266584,481132,378111,143,49,47,47,112,5016,263.810,3033,4695,3000,0
2026-07-25T17:52:36Z,209628,2832944,1085228,1266584,481132,441599,143,49,47,47,112,5016,263.810,2629,4331,3000,0
2026-07-25T17:53:08Z,209660,2832944,1085228,1266584,481132,371967,143,49,47,47,112,5016,263.810,2859,4587,3000,0
2026-07-25T17:53:39Z,209691,2832944,1085228,1266584,481132,378111,143,49,47,47,112,5016,263.810,2747,4259,3000,0
2026-07-25T17:54:11Z,209723,2832944,1085228,1266584,481132,578815,143,49,47,47,112,5016,263.810,2705,4379,3000,0
2026-07-25T17:54:42Z,209754,2832944,1085228,1266584,481132,353535,143,49,47,47,112,5016,263.810,2671,4347,3000,0
2026-07-25T17:55:13Z,209785,2832948,1085232,1266584,481132,361727,143,49,47,47,112,5016,263.810,2751,4363,3000,0
2026-07-25T17:55:45Z,209817,2832948,1085232,1266584,481132,505087,143,49,47,47,112,5016,263.810,2885,4791,3000,0
2026-07-25T17:56:16Z,209848,2832948,1085232,1266584,481132,369919,143,49,47,47,112,5016,263.810,2701,4131,3000,0
2026-07-25T17:56:47Z,209879,2832948,1085232,1266584,481132,371967,143,49,47,47,112,5016,263.810,2955,4463,3000,0
2026-07-25T17:57:19Z,209911,2832948,1085232,1266584,481132,380159,143,49,47,47,112,5016,263.810,2833,4635,3000,0
2026-07-25T17:57:50Z,209942,2832960,1085244,1266584,481132,515327,143,49,47,47,112,5016,263.810,2661,4447,3000,0
2026-07-25T17:58:21Z,209973,2832960,1085244,1266584,481132,376063,143,49,47,47,112,5016,263.810,2903,4439,3000,0
2026-07-25T17:58:53Z,210005,2832960,1085244,1266584,481132,371967,143,49,47,47,112,5016,263.810,2825,4579,3000,0
2026-07-25T17:59:24Z,210036,2832960,1085244,1266584,481132,423167,143,49,47,47,112,5016,263.810,2719,4207,3000,0
2026-07-25T17:59:56Z,210068,2832960,1085244,1266584,481132,363775,143,49,47,47,112,5016,263.810,2785,4471,3000,0
2026-07-25T18:00:27Z,210099,2832960,1085244,1266584,481132,363775,143,49,47,47,112,5016,263.810,3005,4491,3000,0
2026-07-25T18:00:58Z,210130,2832960,1085244,1266584,481132,572671,143,49,47,47,112,5016,263.810,2803,4475,3000,0
2026-07-25T18:01:30Z,210162,2832960,1085244,1266584,481132,371967,143,49,47,47,112,5016,263.810,2773,4263,3000,0
2026-07-25T18:02:01Z,210193,2832960,1085244,1266584,481132,363775,143,49,47,47,112,5016,263.810,2805,4383,3000,0
2026-07-25T18:02:32Z,210224,2832960,1085244,1266584,481132,365823,143,49,47,47,112,5016,263.810,2843,4419,3000,0
2026-07-25T18:03:04Z,210256,2832972,1085256,1266584,481132,490751,143,49,47,47,112,5016,263.810,2715,4507,3000,0
2026-07-25T18:03:35Z,210287,2832972,1085256,1266584,481132,376063,143,49,47,47,112,5016,263.810,2791,4699,3000,0
2026-07-25T18:04:07Z,210319,2832972,1085256,1266584,481132,380159,143,49,47,47,112,5016,263.810,2741,4491,3000,0
2026-07-25T18:04:38Z,210350,2832972,1085256,1266584,481132,521471,143,49,47,47,112,5016,263.810,2725,4623,3000,0
2026-07-25T18:05:09Z,210381,2832972,1085256,1266584,481132,361727,143,49,47,47,112,5016,263.810,2735,4279,3000,0
2026-07-25T18:05:41Z,210413,2832972,1085256,1266584,481132,376063,143,49,47,47,112,5016,263.810,2941,4591,3000,0
2026-07-25T18:06:12Z,210444,2832976,1085260,1266584,481132,449795,143,49,47,47,112,5016,263.810,2967,4459,3000,0
2026-07-25T18:06:44Z,210476,2832976,1085260,1266584,481132,369923,143,49,47,47,112,5016,263.810,2749,4671,3000,0
2026-07-25T18:07:15Z,210507,2833000,1085284,1266584,481132,369923,143,49,47,47,112,5016,263.810,2887,4395,3000,0
2026-07-25T18:07:46Z,210538,2833000,1085284,1266584,481132,384261,143,49,47,47,112,5016,263.810,2789,4351,3000,0
2026-07-25T18:08:18Z,210570,2833000,1085284,1266584,481132,507141,143,49,47,47,112,5016,263.810,2655,4463,3000,0
2026-07-25T18:08:49Z,210601,2833000,1085284,1266584,481132,351493,143,49,47,47,112,5016,263.810,2763,4399,3000,0
2026-07-25T18:09:20Z,210632,2833000,1085284,1266584,481132,380165,143,49,47,47,112,5016,263.810,2751,4527,3000,0
2026-07-25T18:09:52Z,210664,2833000,1085284,1266584,481132,402693,143,49,47,47,112,5016,263.810,2725,4483,3000,0
2026-07-25T18:10:23Z,210695,2833000,1085284,1266584,481132,382213,143,49,47,47,112,5016,263.810,2995,4467,3000,0
2026-07-25T18:10:55Z,210727,2833000,1085284,1266584,481132,382213,143,49,47,47,112,5016,263.810,3149,4787,3000,0
2026-07-25T18:11:26Z,210758,2833000,1085284,1266584,481132,410885,143,49,47,47,112,5016,263.810,3187,4923,3000,0
2026-07-25T18:11:57Z,210789,2833000,1085284,1266584,481132,406789,143,49,47,47,112,5016,263.810,2717,4527,3000,0
2026-07-25T18:12:29Z,210821,2833000,1085284,1266584,481132,376069,143,49,47,47,112,5016,263.810,2789,4547,3000,0
2026-07-25T18:13:00Z,210852,2833000,1085284,1266584,481132,374021,143,49,47,47,112,5016,263.810,2837,4459,3000,0
2026-07-25T18:13:32Z,210884,2833000,1085284,1266584,481132,363781,143,49,47,47,112,5016,263.810,2679,4711,3000,0
2026-07-25T18:14:03Z,210915,2833000,1085284,1266584,481132,378117,143,49,47,47,112,5016,263.810,2757,4331,3000,0
2026-07-25T18:14:34Z,210946,2833012,1085296,1266584,481132,367877,143,49,47,47,112,5016,263.810,2669,4383,3000,0
2026-07-25T18:15:06Z,210978,2833012,1085296,1266584,481132,507141,143,49,47,47,112,5016,263.810,2655,4327,3000,0
2026-07-25T18:15:37Z,211009,2833012,1085296,1266584,481132,367877,143,49,47,47,112,5016,263.810,2587,4303,3000,0
2026-07-25T18:16:08Z,211040,2833012,1085296,1266584,481132,374022,143,49,47,47,112,5016,263.810,2619,4055,3000,0
2026-07-25T18:16:40Z,211072,2833012,1085296,1266584,481132,425222,143,49,47,47,112,5016,263.810,2615,4243,3000,0
2026-07-25T18:17:11Z,211103,2833012,1085296,1266584,481132,363782,143,49,47,47,112,5016,263.810,2605,4191,3000,0
2026-07-25T18:17:42Z,211134,2833012,1085296,1266584,481132,355590,143,49,47,47,112,5016,263.810,2605,4207,3000,0
2026-07-25T18:18:14Z,211166,2833012,1085296,1266584,481132,378118,143,49,47,47,112,5016,263.810,2595,4419,3000,0
2026-07-25T18:18:45Z,211197,2833012,1085296,1266584,481132,353542,143,49,47,47,112,5016,263.810,2565,4307,3000,0
2026-07-25T18:19:17Z,211229,2833072,1085356,1266584,481132,359713,143,49,47,47,112,5016,263.810,2601,4623,3000,0
2026-07-25T18:19:48Z,211260,2833072,1085356,1266584,481132,376097,143,49,47,47,112,5016,263.810,2635,4203,3000,0
2026-07-25T18:20:19Z,211291,2833080,1085364,1266584,481132,361762,143,49,47,47,112,5016,263.810,2659,4119,3000,0
2026-07-25T18:20:51Z,211323,2833080,1085364,1266584,481132,374050,143,49,47,47,112,5016,263.810,2613,4287,3000,0
2026-07-25T18:21:22Z,211354,2833092,1085376,1266584,481132,361764,143,49,47,47,112,5016,263.810,2757,4371,3000,0
2026-07-25T18:21:54Z,211386,2833096,1085380,1266584,481132,363812,143,49,47,47,112,5016,263.810,2831,4475,3000,0
2026-07-25T18:22:25Z,211417,2833268,1085552,1266584,481132,361764,143,49,47,47,112,5016,263.810,2719,4227,3000,0
2026-07-25T18:22:56Z,211448,2833268,1085552,1266584,481132,372073,143,49,47,47,112,5016,263.810,2633,4107,3000,0
2026-07-25T18:23:28Z,211480,2833268,1085552,1266584,481132,374121,143,49,47,47,112,5016,263.810,2611,4247,3000,0
2026-07-25T18:23:59Z,211511,2833268,1085552,1266584,481132,357737,143,49,47,47,112,5016,263.810,2595,4491,3000,0
2026-07-25T18:24:30Z,211542,2833268,1085552,1266584,481132,370025,143,49,47,47,112,5016,263.810,2735,4199,3000,0
2026-07-25T18:25:02Z,211574,2833280,1085564,1266584,481132,376169,143,49,47,47,112,5016,263.810,2709,4339,3000,0
2026-07-25T18:25:33Z,211605,2833280,1085564,1266584,481132,431465,143,49,47,47,112,5016,263.810,2567,4271,3000,0
2026-07-25T18:26:04Z,211636,2833280,1085564,1266584,481132,372073,143,49,47,47,112,5016,263.810,2707,4351,3000,0
2026-07-25T18:26:36Z,211668,2833280,1085564,1266584,481132,390505,143,49,47,47,112,5016,263.810,2673,4359,3000,0
2026-07-25T18:27:07Z,211699,2833280,1085564,1266584,481132,456041,143,49,47,47,112,5016,263.810,2745,4447,3000,0
2026-07-25T18:27:39Z,211731,2833280,1085564,1266584,481132,376169,143,49,47,47,112,5016,263.810,2573,3995,3000,0
2026-07-25T18:28:10Z,211762,2833280,1085564,1266584,481132,386409,143,49,47,47,112,5016,263.810,2631,4139,3000,0
2026-07-25T18:28:41Z,211793,2833376,1085660,1266584,481132,388501,143,49,47,47,112,5016,263.810,2743,4419,3000,0
2026-07-25T18:29:13Z,211825,2833376,1085660,1266584,481132,525717,143,49,47,47,112,5016,263.810,2675,4203,3000,0
2026-07-25T18:29:44Z,211856,2833376,1085660,1266584,481132,374165,143,49,47,47,112,5016,263.810,2607,4275,3000,0
2026-07-25T18:30:15Z,211887,2833376,1085660,1266584,481132,368021,143,49,47,47,112,5016,263.810,2815,4371,3000,0
2026-07-25T18:30:47Z,211919,2833376,1085660,1266584,481132,576917,143,49,47,47,112,5016,263.810,2621,4323,3000,0
2026-07-25T18:31:18Z,211950,2833376,1085660,1266584,481132,363925,143,49,47,47,112,5016,263.810,2627,4259,3000,0
2026-07-25T18:31:50Z,211982,2833376,1085660,1266584,481132,365973,143,49,47,47,112,5016,263.810,2649,4179,3000,0
2026-07-25T18:32:21Z,212013,2833376,1085660,1266584,481132,427413,143,49,47,47,112,5016,263.810,2673,4243,3000,0
2026-07-25T18:32:52Z,212044,2833376,1085660,1266584,481132,368021,143,49,47,47,112,5016,263.810,2571,4119,3000,0
2026-07-25T18:33:24Z,212076,2833376,1085660,1266584,481132,382357,143,49,47,47,112,5016,263.810,2627,4263,3000,0
2026-07-25T18:33:55Z,212107,2833376,1085660,1266584,481132,390549,143,49,47,47,112,5016,263.810,2701,4351,3000,0
2026-07-25T18:34:26Z,212138,2833376,1085660,1266584,481132,431509,143,49,47,47,112,5016,263.810,2583,4255,3000,0
2026-07-25T18:34:58Z,212170,2833380,1085664,1266584,481132,382357,143,49,47,47,112,5016,263.810,2657,4259,3000,0
2026-07-25T18:35:29Z,212201,2833384,1085668,1266584,481132,378261,143,49,47,47,112,5016,263.810,2657,4203,3000,0
2026-07-25T18:36:00Z,212232,2833384,1085668,1266584,481132,357781,143,49,47,47,112,5016,263.810,2645,4443,3000,0
2026-07-25T18:36:32Z,212264,2833384,1085668,1266584,481132,370069,143,49,47,47,112,5016,263.810,2631,4275,3000,0
2026-07-25T18:37:03Z,212295,2833384,1085668,1266584,481132,372117,143,49,47,47,112,5016,263.810,2649,4539,3000,0
2026-07-25T18:37:35Z,212327,2833388,1085672,1266584,481132,503189,143,49,47,47,112,5016,263.810,2673,4235,3000,0
2026-07-25T18:38:06Z,212358,2833404,1085688,1266584,481132,365973,143,49,47,47,112,5016,263.810,2713,4107,3000,0
2026-07-25T18:38:37Z,212389,2833408,1085692,1266584,481132,368021,143,49,47,47,112,5016,263.810,2673,4043,3000,0
2026-07-25T18:39:09Z,212421,2833408,1085692,1266584,481132,382357,143,49,47,47,112,5016,263.810,2811,4347,3000,0
2026-07-25T18:39:40Z,212452,2833408,1085692,1266584,481132,427413,143,49,47,47,112,5016,263.810,2743,4263,3000,0
2026-07-25T18:40:11Z,212483,2833408,1085692,1266584,481132,359829,143,49,47,47,112,5016,263.810,2595,4615,3000,0
2026-07-25T18:40:43Z,212515,2833408,1085692,1266584,481132,382357,143,49,47,47,112,5016,263.810,2605,4143,3000,0
2026-07-25T18:41:14Z,212546,2833408,1085692,1266584,481132,511381,143,49,47,47,112,5016,263.810,2675,4235,3000,0
2026-07-25T18:41:46Z,212578,2833408,1085692,1266584,481132,374165,143,49,47,47,112,5016,263.810,2683,4347,3000,0
2026-07-25T18:42:17Z,212609,2833408,1085692,1266584,481132,370069,143,49,47,47,112,5016,263.810,2751,4239,3000,0
2026-07-25T18:42:48Z,212640,2833408,1085692,1266584,481132,521621,143,49,47,47,112,5016,263.810,2659,4195,3000,0
2026-07-25T18:43:20Z,212672,2833408,1085692,1266584,481132,361877,143,49,47,47,112,5016,263.810,2671,4081,3000,0
2026-07-25T18:43:51Z,212703,2833408,1085692,1266584,481132,374165,143,49,47,47,112,5016,263.810,2619,4059,3000,0
2026-07-25T18:44:22Z,212734,2833408,1085692,1266584,481132,382357,143,49,47,47,112,5016,263.810,2619,4291,3000,0
2026-07-25T18:44:54Z,212766,2833408,1085692,1266584,481132,570773,143,49,47,47,112,5016,263.810,2683,4359,3000,0
2026-07-25T18:45:25Z,212797,2833408,1085692,1266584,481132,359829,143,49,47,47,112,5016,263.810,2565,4423,3000,0
2026-07-25T18:45:57Z,212829,2833408,1085692,1266584,481132,361877,143,49,47,47,112,5016,263.810,2625,4287,3000,0
2026-07-25T18:46:28Z,212860,2833408,1085692,1266584,481132,494997,143,49,47,47,112,5016,263.810,2821,4707,3000,0
2026-07-25T18:46:59Z,212891,2833408,1085692,1266584,481132,368021,143,49,47,47,112,5016,263.810,2637,4075,3000,0
2026-07-25T18:47:31Z,212923,2833408,1085692,1266584,481132,382357,143,49,47,47,112,5016,263.810,2643,4207,3000,0
2026-07-25T18:48:02Z,212954,2833408,1085692,1266584,481132,441749,143,49,47,47,112,5016,263.810,2749,4307,3000,0
2026-07-25T18:48:33Z,212985,2833408,1085692,1266584,481132,372117,143,49,47,47,112,5016,263.810,2629,4037,3000,0
2026-07-25T18:49:05Z,213017,2833408,1085692,1266584,481132,382357,143,49,47,47,112,5016,263.810,2613,4191,3000,0
2026-07-25T18:49:36Z,213048,2833408,1085692,1266584,481132,380309,143,49,47,47,112,5016,263.810,2659,4323,3000,0
2026-07-25T18:50:08Z,213080,2833408,1085692,1266584,481132,503189,143,49,47,47,112,5016,263.810,2535,4231,3000,0
2026-07-25T18:50:39Z,213111,2833408,1085692,1266584,481132,370069,143,49,47,47,112,5016,263.810,2615,4207,3000,0
2026-07-25T18:51:10Z,213142,2833408,1085692,1266584,481132,374165,143,49,47,47,112,5016,263.810,2713,4563,3000,0
2026-07-25T18:51:42Z,213174,2833408,1085692,1266584,481132,505237,143,49,47,47,112,5016,263.810,2651,4263,3000,0
2026-07-25T18:52:13Z,213205,2833408,1085692,1266584,481132,359829,143,49,47,47,112,5016,263.810,2575,4099,3000,0
2026-07-25T18:52:44Z,213236,2833408,1085692,1266584,481132,359829,143,49,47,47,112,5016,263.810,2643,4211,3000,0
2026-07-25T18:53:16Z,213268,2833408,1085692,1266584,481132,433557,143,49,47,47,112,5016,263.810,2679,4127,3000,0
2026-07-25T18:53:47Z,213299,2833408,1085692,1266584,481132,368021,143,49,47,47,112,5016,263.810,2553,4057,3000,0
2026-07-25T18:54:18Z,213330,2833408,1085692,1266584,481132,370069,143,49,47,47,112,5016,263.810,2731,4231,3000,0
2026-07-25T18:54:50Z,213362,2833408,1085692,1266584,481132,374165,143,49,47,47,112,5016,263.810,2651,4563,3000,0
2026-07-25T18:55:21Z,213393,2833408,1085692,1266584,481132,519573,143,49,47,47,112,5016,263.810,2587,4155,3000,0
2026-07-25T18:55:53Z,213425,2833468,1085692,1266644,481132,372118,143,49,47,47,112,5016,263.810,2621,4159,3000,0
2026-07-25T18:56:24Z,213456,2833468,1085692,1266644,481132,376214,143,49,47,47,112,5016,263.810,2637,4171,3000,0
2026-07-25T18:56:55Z,213487,2833468,1085692,1266644,481132,347542,143,49,47,47,112,5016,263.810,2649,4767,3000,0
2026-07-25T18:57:27Z,213519,2833468,1085692,1266644,481132,368022,143,49,47,47,112,5016,263.810,2575,4163,3000,0
2026-07-25T18:57:58Z,213550,2833468,1085692,1266644,481132,376214,143,49,47,47,112,5016,263.810,2611,4033,3000,0
2026-07-25T18:58:29Z,213581,2833468,1085692,1266644,481132,562582,143,49,47,47,112,5016,263.810,2711,4363,3000,0
2026-07-25T18:59:01Z,213613,2833468,1085692,1266644,481132,431510,143,49,47,47,112,5016,263.810,2573,4025,3000,0
2026-07-25T18:59:32Z,213644,2833468,1085692,1266644,481132,359830,143,49,47,47,112,5016,263.810,2599,4123,3000,0
2026-07-25T19:00:03Z,213675,2833468,1085692,1266644,481132,370070,143,49,47,47,112,5016,263.810,2701,4291,3000,0
2026-07-25T19:00:35Z,213707,2833476,1085700,1266644,481132,355734,143,49,47,47,112,5016,263.810,2691,4251,3000,0
2026-07-25T19:01:06Z,213738,2833476,1085700,1266644,481132,361878,143,49,47,47,112,5016,263.810,2733,4223,3000,0
2026-07-25T19:01:38Z,213770,2833476,1085700,1266644,481132,370070,143,49,47,47,112,5016,263.810,2647,4315,3000,0
2026-07-25T19:02:09Z,213801,2833476,1085700,1266644,481132,505238,143,49,47,47,112,5016,263.810,2653,4243,3000,0
2026-07-25T19:02:40Z,213832,2833476,1085700,1266644,481132,363926,143,49,47,47,112,5016,263.810,2649,4531,3000,0
2026-07-25T19:03:12Z,213864,2833476,1085700,1266644,481132,361878,143,49,47,47,112,5016,263.810,2603,4223,3000,0
2026-07-25T19:03:43Z,213895,2833484,1085708,1266644,481132,515478,143,49,47,47,112,5016,263.810,2633,4223,3000,0
2026-07-25T19:04:14Z,213926,2833484,1085708,1266644,481132,365974,143,49,47,47,112,5016,263.810,2591,4279,3000,0
2026-07-25T19:04:46Z,213958,2833484,1085708,1266644,481132,374166,143,49,47,47,112,5016,263.810,2609,4191,3000,0
2026-07-25T19:05:17Z,213989,2833484,1085708,1266644,481132,384406,143,49,47,47,112,5016,263.810,2645,4263,3000,0
2026-07-25T19:05:49Z,214021,2833484,1085708,1266644,481132,499094,143,49,47,47,112,5016,263.810,2623,4439,3000,0
2026-07-25T19:06:20Z,214052,2833484,1085708,1266644,481132,374166,143,49,47,47,112,5016,263.810,2755,4543,3000,0
2026-07-25T19:06:51Z,214083,2833484,1085708,1266644,481132,380310,143,49,47,47,112,5016,263.810,2761,4319,3000,0
2026-07-25T19:07:23Z,214115,2833484,1085708,1266644,481132,425366,143,49,47,47,112,5016,263.810,2607,4583,3000,0
2026-07-25T19:07:54Z,214146,2833484,1085708,1266644,481132,372118,143,49,47,47,112,5016,263.810,2617,4111,3000,0
2026-07-25T19:08:25Z,214177,2833484,1085708,1266644,481132,372118,143,49,47,47,112,5016,263.810,2613,4331,3000,0
2026-07-25T19:08:57Z,214209,2833484,1085708,1266644,481132,523670,143,49,47,47,112,5016,263.810,2667,4203,3000,0
2026-07-25T19:09:28Z,214240,2833484,1085708,1266644,481132,378262,143,49,47,47,112,5016,263.810,2669,4215,3000,0
2026-07-25T19:10:00Z,214272,2833484,1085708,1266644,481132,390550,143,49,47,47,112,5016,263.810,2613,4167,3000,0
2026-07-25T19:10:31Z,214303,2833484,1085708,1266644,481132,380310,143,49,47,47,112,5016,263.810,2673,4283,3000,0
2026-07-25T19:11:02Z,214334,2833484,1085708,1266644,481132,501142,143,49,47,47,112,5016,263.810,2647,4311,3000,0
2026-07-25T19:11:34Z,214366,2833484,1085708,1266644,481132,374166,143,49,47,47,112,5016,263.810,2683,4319,3000,0
2026-07-25T19:12:05Z,214397,2833484,1085708,1266644,481132,374166,143,49,47,47,112,5016,263.810,2669,4315,3000,0
2026-07-25T19:12:36Z,214428,2833484,1085708,1266644,481132,427414,143,49,47,47,112,5016,263.810,2641,4215,3000,0
2026-07-25T19:13:08Z,214460,2833484,1085708,1266644,481132,359830,143,49,47,47,112,5016,263.810,2617,4167,3000,0
2026-07-25T19:13:39Z,214491,2833484,1085708,1266644,481132,378262,143,49,47,47,112,5016,263.810,2671,4167,3000,0
2026-07-25T19:14:10Z,214522,2833484,1085708,1266644,481132,439702,143,49,47,47,112,5016,263.810,2645,4239,3000,0
2026-07-25T19:14:42Z,214554,2833484,1085708,1266644,481132,370070,143,49,47,47,112,5016,263.810,2583,4081,3000,0
2026-07-25T19:15:13Z,214585,2833484,1085708,1266644,481132,361878,143,49,47,47,112,5016,263.810,2599,4771,3000,0
2026-07-25T19:15:45Z,214617,2833484,1085708,1266644,481132,378262,143,49,47,47,112,5016,263.810,2735,4415,3000,0
2026-07-25T19:16:16Z,214648,2833484,1085708,1266644,481132,433558,143,49,47,47,112,5016,263.810,2647,4311,3000,0
2026-07-25T19:16:47Z,214679,2833484,1085708,1266644,481132,363926,143,49,47,47,112,5016,263.810,2613,4443,3000,0
2026-07-25T19:17:19Z,214711,2833484,1085708,1266644,481132,380310,143,49,47,47,112,5016,263.810,2753,4291,3000,0
2026-07-25T19:17:50Z,214742,2833484,1085708,1266644,481132,437654,143,49,47,47,112,5016,263.810,2651,4475,3000,0
2026-07-25T19:18:21Z,214773,2833484,1085708,1266644,481132,370070,143,49,47,47,112,5016,263.810,2627,4455,3000,0
2026-07-25T19:18:53Z,214805,2833484,1085708,1266644,481132,382358,143,49,47,47,112,5016,263.810,2643,4139,3000,0
2026-07-25T19:19:24Z,214836,2833484,1085708,1266644,481132,468374,143,49,47,47,112,5016,263.810,2675,4167,3000,0
2026-07-25T19:19:55Z,214867,2833484,1085708,1266644,481132,437654,143,49,47,47,112,5016,263.810,2595,4055,3000,0
2026-07-25T19:20:27Z,214899,2833484,1085708,1266644,481132,363926,143,49,47,47,112,5016,263.810,2637,4163,3000,0
2026-07-25T19:20:58Z,214930,2833484,1085708,1266644,481132,370070,143,49,47,47,112,5016,263.810,2691,4435,3000,0
2026-07-25T19:21:30Z,214962,2833484,1085708,1266644,481132,357782,143,49,47,47,112,5016,263.810,2683,4283,3000,0
2026-07-25T19:22:01Z,214993,2833484,1085708,1266644,481132,368022,143,49,47,47,112,5016,263.810,2735,4315,3000,0
2026-07-25T19:22:32Z,215024,2833484,1085708,1266644,481132,374166,143,49,47,47,112,5016,263.810,2725,4475,3000,0
2026-07-25T19:23:04Z,215056,2833484,1085708,1266644,481132,497046,143,49,47,47,112,5016,263.810,2827,4623,3000,0
2026-07-25T19:23:35Z,215087,2833484,1085708,1266644,481132,374166,143,49,47,47,112,5016,263.810,2597,4215,3000,0
2026-07-25T19:24:06Z,215118,2833484,1085708,1266644,481132,372118,143,49,47,47,112,5016,263.810,2657,4167,3000,0
2026-07-25T19:24:38Z,215150,2833484,1085708,1266644,481132,499094,143,49,47,47,112,5016,263.810,2721,4443,3000,0
2026-07-25T19:25:09Z,215181,2833484,1085708,1266644,481132,370070,143,49,47,47,112,5016,263.810,2593,4731,3000,0
2026-07-25T19:25:40Z,215212,2833484,1085708,1266644,481132,372118,143,49,47,47,112,5016,263.810,2597,4307,3000,0
2026-07-25T19:26:12Z,215244,2833500,1085724,1266644,481132,370070,143,49,47,47,112,5016,263.810,2671,4375,3000,0
2026-07-25T19:26:43Z,215275,2833500,1085724,1266644,481132,570774,143,49,47,47,112,5016,263.810,2595,4299,3000,0
2026-07-25T19:27:15Z,215307,2833500,1085724,1266644,481132,378262,143,49,47,47,112,5016,263.810,2607,4303,3000,0
2026-07-25T19:27:46Z,215338,2833500,1085724,1266644,481132,368022,143,49,47,47,112,5016,263.810,2651,4131,3000,0
2026-07-25T19:28:17Z,215369,2833500,1085724,1266644,481132,368022,143,49,47,47,112,5016,263.810,2607,4335,3000,0
2026-07-25T19:28:49Z,215401,2833508,1085732,1266644,481132,361878,143,49,47,47,112,5016,263.810,2605,4183,3000,0
2026-07-25T19:29:20Z,215432,2833584,1085808,1266644,481132,390552,143,49,47,47,112,5016,263.810,2647,4131,3000,0
2026-07-25T19:29:51Z,215463,2833588,1085812,1266644,481132,515480,143,49,47,47,112,5016,263.810,2809,4411,3000,0
2026-07-25T19:30:23Z,215495,2833588,1085812,1266644,481132,449944,143,49,47,47,112,5016,263.810,2625,4103,3000,0
2026-07-25T19:30:54Z,215526,2833588,1085812,1266644,481132,380312,143,49,47,47,112,5016,263.810,2623,4643,3000,0
2026-07-25T19:31:26Z,215558,2833588,1085812,1266644,481132,388504,143,49,47,47,112,5016,263.810,2719,4271,3000,0
2026-07-25T19:31:57Z,215589,2833588,1085812,1266644,481132,443800,143,49,47,47,112,5016,263.810,2579,4327,3000,0
2026-07-25T19:32:28Z,215620,2833588,1085812,1266644,481132,384408,143,49,47,47,112,5016,263.810,2623,4219,3000,0
2026-07-25T19:33:00Z,215652,2833592,1085816,1266644,481132,374168,143,49,47,47,112,5016,263.810,2667,4563,3000,0
2026-07-25T19:33:31Z,215683,2833592,1085816,1266644,481132,497048,143,49,47,47,112,5016,263.810,2869,4395,3000,0
2026-07-25T19:34:02Z,215714,2833592,1085816,1266644,481132,372120,143,49,47,47,112,5016,263.810,2597,4443,3000,0
2026-07-25T19:34:34Z,215746,2833592,1085816,1266644,481132,368024,143,49,47,47,112,5016,263.810,2671,4139,3000,0
2026-07-25T19:35:05Z,215777,2833600,1085824,1266644,481132,495001,143,49,47,47,112,5016,263.810,2653,4179,3000,0
2026-07-25T19:35:37Z,215809,2833656,1085880,1266644,481132,368030,143,49,47,47,112,5016,263.810,2603,4167,3000,0
2026-07-25T19:36:08Z,215840,2833656,1085880,1266644,481132,370078,143,49,47,47,112,5016,263.810,2631,4035,3000,0
2026-07-25T19:36:39Z,215871,2833656,1085880,1266644,481132,372126,143,49,47,47,112,5016,263.810,2641,4291,3000,0
2026-07-25T19:37:11Z,215903,2833656,1085880,1266644,481132,431518,143,49,47,47,112,5016,263.810,2563,4635,3000,0
2026-07-25T19:37:42Z,215934,2833656,1085880,1266644,481132,372126,143,49,47,47,112,5016,263.810,2629,4111,3000,0
2026-07-25T19:38:13Z,215965,2833656,1085880,1266644,481132,376222,143,49,47,47,112,5016,263.810,2643,4235,3000,0
2026-07-25T19:38:45Z,215997,2833656,1085880,1266644,481132,370078,143,49,47,47,112,5016,263.810,2577,4183,3000,0
2026-07-25T19:39:16Z,216028,2833656,1085880,1266644,481132,368030,143,49,47,47,112,5016,263.810,2579,4053,3000,0
2026-07-25T19:39:47Z,216059,2833656,1085880,1266644,481132,380318,143,49,47,47,112,5016,263.810,2663,4143,3000,0
2026-07-25T19:40:19Z,216091,2833656,1085880,1266644,481132,429470,143,49,47,47,112,5016,263.810,2721,4503,3000,0
2026-07-25T19:40:50Z,216122,2833656,1085880,1266644,481132,374174,143,49,47,47,112,5016,263.810,2735,4093,3000,0
2026-07-25T19:41:21Z,216153,2833660,1085884,1266644,481132,374174,143,49,47,47,112,5016,263.810,2635,4063,3000,0
2026-07-25T19:41:53Z,216185,2833660,1085884,1266644,481132,361886,143,49,47,47,112,5016,263.810,2815,4263,3000,0
2026-07-25T19:42:24Z,216216,2833660,1085884,1266644,481132,435614,143,49,47,47,112,5016,263.810,2533,4147,3000,0
2026-07-25T19:42:56Z,216248,2833680,1085904,1266644,481132,372126,143,49,47,47,112,5016,263.810,2617,4163,3000,0
2026-07-25T19:43:27Z,216279,2833680,1085904,1266644,481132,376222,143,49,47,47,112,5016,263.810,2725,4307,3000,0
2026-07-25T19:43:58Z,216310,2833680,1085904,1266644,481132,441758,143,49,47,47,112,5016,263.810,2567,4279,3000,0
2026-07-25T19:44:30Z,216342,2833680,1085904,1266644,481132,378270,143,49,47,47,112,5016,263.810,2587,4475,3000,0
2026-07-25T19:45:01Z,216373,2833680,1085904,1266644,481132,361886,143,49,47,47,112,5016,263.810,2639,4367,3000,0
2026-07-25T19:45:32Z,216404,2833680,1085904,1266644,481132,431518,143,49,47,47,112,5016,263.810,2651,4295,3000,0
2026-07-25T19:46:04Z,216436,2833680,1085904,1266644,481132,357790,143,49,47,47,112,5016,263.810,2593,4123,3000,0
2026-07-25T19:46:35Z,216467,2833680,1085904,1266644,481132,376222,143,49,47,47,112,5016,263.810,2599,4195,3000,0
2026-07-25T19:47:07Z,216499,2833684,1085908,1266644,481132,370078,143,49,47,47,112,5016,263.810,2813,4323,3000,0
2026-07-25T19:47:38Z,216530,2833684,1085908,1266644,481132,505246,143,49,47,47,112,5016,263.810,2693,4475,3000,0
2026-07-25T19:48:09Z,216561,2833688,1085912,1266644,481132,374174,143,49,47,47,112,5016,263.810,2613,4251,3000,0
2026-07-25T19:48:41Z,216593,2833688,1085912,1266644,481132,361886,143,49,47,47,112,5016,263.810,2719,4295,3000,0
2026-07-25T19:49:12Z,216624,2833688,1085912,1266644,481132,433566,143,49,47,47,112,5016,263.810,2591,4335,3000,0
2026-07-25T19:49:43Z,216655,2833688,1085912,1266644,481132,372126,143,49,47,47,112,5016,263.810,2687,4399,3000,0
2026-07-25T19:50:15Z,216687,2833688,1085912,1266644,481132,370078,143,49,47,47,112,5016,263.810,2665,4367,3000,0
2026-07-25T19:50:46Z,216718,2833688,1085912,1266644,481132,447902,143,49,47,47,112,5016,263.810,2651,4175,3000,0
2026-07-25T19:51:18Z,216750,2833688,1085912,1266644,481132,357790,143,49,47,47,112,5016,263.810,2715,4303,3000,0
2026-07-25T19:51:49Z,216781,2833688,1085912,1266644,481132,363934,143,49,47,47,112,5016,263.810,2755,4235,3000,0
2026-07-25T19:52:20Z,216812,2833688,1085912,1266644,481132,376222,143,49,47,47,112,5016,263.810,2667,4215,3000,0
2026-07-25T19:52:52Z,216844,2833688,1085912,1266644,481132,507294,143,49,47,47,112,5016,263.810,2579,4183,3000,0
2026-07-25T19:53:23Z,216875,2833688,1085912,1266644,481132,378270,143,49,47,47,112,5016,263.810,2579,4139,3000,0
2026-07-25T19:53:54Z,216906,2833688,1085912,1266644,481132,368030,143,49,47,47,112,5016,263.810,2703,4163,3000,0
2026-07-25T19:54:26Z,216938,2833688,1085912,1266644,481132,499102,143,49,47,47,112,5016,263.810,2797,4323,3000,0
2026-07-25T19:54:57Z,216969,2833700,1085924,1266644,481132,365982,143,49,47,47,112,5016,263.810,2611,4251,3000,0
2026-07-25T19:55:29Z,217000,2833700,1085924,1266644,481132,378270,143,49,47,47,112,5016,263.810,2645,4251,3000,0
2026-07-25T19:56:00Z,217032,2833700,1085924,1266644,481132,427422,143,49,47,47,112,5016,263.810,2643,4499,3000,0
2026-07-25T19:56:31Z,217063,2833700,1085924,1266644,481132,365982,143,49,47,47,112,5016,263.810,2591,4107,3000,0
2026-07-25T19:57:03Z,217095,2833700,1085924,1266644,481132,370078,143,49,47,47,112,5016,263.810,2625,4227,3000,0
2026-07-25T19:57:34Z,217126,2833700,1085924,1266644,481132,384414,143,49,47,47,112,5016,263.810,2635,4703,3000,0
2026-07-25T19:58:05Z,217157,2833700,1085924,1266644,481132,435614,143,49,47,47,112,5016,263.810,2693,4327,3000,0
2026-07-25T19:58:37Z,217189,2833700,1085924,1266644,481132,370078,143,49,47,47,112,5016,263.810,2701,4275,3000,0
2026-07-25T19:59:08Z,217220,2833700,1085924,1266644,481132,374174,143,49,47,47,112,5016,263.810,2663,4151,3000,0
2026-07-25T19:59:39Z,217251,2833700,1085924,1266644,481132,357790,143,49,47,47,112,5016,263.810,2599,4875,3000,0
2026-07-25T20:00:11Z,217283,2833700,1085924,1266644,481132,370078,143,49,47,47,112,5016,263.810,2633,4287,3000,0
2026-07-25T20:00:42Z,217314,2833700,1085924,1266644,481132,378270,143,49,47,47,112,5016,263.810,2619,4171,3000,0
2026-07-25T20:01:14Z,217346,1567528,1086392,0,481136,244958,92,47,0,45,75,5016,263.810,1942,4211,1656,0
2026-07-25T20:01:45Z,217377,1783696,1241268,61288,481140,1002886,100,47,8,45,98,5016,263.810,2719,4959,3000,0
2026-07-25T20:02:17Z,217409,2878132,1272972,1123932,481228,332275,143,49,47,47,113,5016,263.810,2815,9943,3000,0
2026-07-25T20:02:48Z,217440,2892132,1275536,1135428,481168,305693,143,49,47,47,111,5016,263.810,2717,4623,3000,0
2026-07-25T20:03:19Z,217471,2892416,1275540,1135708,481168,471597,143,49,47,47,111,5016,263.810,2833,4527,3000,0
2026-07-25T20:03:51Z,217503,2895084,1275540,1138376,481168,369204,143,49,47,47,111,5016,263.810,2635,4403,3000,0
2026-07-25T20:04:22Z,217534,2895096,1275540,1138388,481168,369209,143,49,47,47,111,5016,263.810,2727,4435,3000,0
2026-07-25T20:04:53Z,217565,2895208,1275540,1138500,481168,524860,143,49,47,47,111,5016,263.810,2677,4395,3000,0
2026-07-25T20:05:25Z,217597,2895496,1275540,1138788,481168,504381,143,49,47,47,111,5016,263.810,2585,4195,3000,0
2026-07-25T20:05:56Z,217628,2895500,1275544,1138788,481168,381503,143,49,47,47,111,5016,263.810,2605,4147,3000,0
2026-07-25T20:06:28Z,217660,2896236,1275544,1139524,481168,385614,143,49,47,47,111,5016,263.810,2671,4195,3000,0
2026-07-25T20:06:59Z,217691,2896940,1276248,1139524,481168,436816,143,49,47,47,111,5016,263.810,2633,4251,3000,0
2026-07-25T20:07:30Z,217722,2896944,1276248,1139528,481168,381521,143,49,47,47,111,5016,263.810,2651,4235,3000,0
2026-07-25T20:08:02Z,217754,2896944,1276248,1139528,481168,389713,143,49,47,47,111,5016,263.810,2681,4159,3000,0
2026-07-25T20:08:33Z,217785,2896952,1276248,1139536,481168,510555,143,49,47,47,111,5016,263.810,2641,4251,3000,0
2026-07-25T20:09:04Z,217816,2896952,1276248,1139536,481168,367195,143,49,47,47,111,5016,263.810,2639,4247,3000,0
2026-07-25T20:09:36Z,217848,2896952,1276248,1139536,481168,377436,143,49,47,47,111,5016,263.810,2643,4627,3000,0
2026-07-25T20:10:07Z,217879,2897096,1276248,1139680,481168,434780,143,49,47,47,111,5016,263.810,2695,4627,3000,0
2026-07-25T20:10:38Z,217910,2897096,1276248,1139680,481168,442972,143,49,47,47,111,5016,263.810,2605,4151,3000,0
2026-07-25T20:11:10Z,217942,2897108,1276248,1139692,481168,371294,143,49,47,47,111,5016,263.810,2655,4319,3000,0
2026-07-25T20:11:41Z,217973,2897108,1276248,1139692,481168,387678,143,49,47,47,111,5016,263.810,2677,4111,3000,0
2026-07-25T20:12:12Z,218004,2897112,1276248,1139696,481168,363102,143,49,47,47,111,5016,263.810,2693,4335,3000,0
2026-07-25T20:12:44Z,218036,2897152,1276288,1139696,481168,381534,143,49,47,47,111,5016,263.810,2751,4395,3000,0
2026-07-25T20:13:15Z,218067,2897364,1276288,1139908,481168,397921,143,49,47,47,111,5016,263.810,2813,4307,3000,0
2026-07-25T20:13:46Z,218098,2897376,1276300,1139908,481168,385635,143,49,47,47,111,5016,263.810,2711,4287,3000,0
2026-07-25T20:14:18Z,218130,2897376,1276300,1139908,481168,375409,143,49,47,47,111,5016,263.810,2733,4159,3000,0
2026-07-25T20:14:49Z,218161,2897412,1276300,1139944,481168,379505,143,49,47,47,111,5016,263.810,2711,4211,3000,0
2026-07-25T20:15:20Z,218192,2897416,1276304,1139944,481168,442993,143,49,47,47,111,5016,263.810,2689,4263,3000,0
2026-07-25T20:15:52Z,218224,2897416,1276304,1139944,481168,371310,143,49,47,47,111,5016,263.810,2609,4399,3000,0
2026-07-25T20:16:23Z,218255,2897420,1276308,1139944,481168,373358,143,49,47,47,111,5016,263.810,2705,4319,3000,0
2026-07-25T20:16:55Z,218287,2897420,1276308,1139944,481168,379503,143,49,47,47,111,5016,263.810,2853,4487,3000,0
2026-07-25T20:17:26Z,218318,2897456,1276340,1139948,481168,371312,143,49,47,47,111,5016,263.810,2643,4359,3000,0
2026-07-25T20:17:57Z,218349,2897456,1276340,1139948,481168,383600,143,49,47,47,111,5016,263.810,2679,4411,3000,0
2026-07-25T20:18:29Z,218381,2897456,1276340,1139948,481168,391730,143,49,47,47,111,5016,263.810,2749,4275,3000,0
2026-07-25T20:19:00Z,218412,2897476,1276360,1139948,481168,371250,143,49,47,47,111,5016,263.810,2681,4371,3000,0
2026-07-25T20:19:31Z,218443,2897476,1276360,1139948,481168,377394,143,49,47,47,111,5016,263.810,2653,4275,3000,0
2026-07-25T20:20:03Z,218475,2897476,1276360,1139948,481168,377394,143,49,47,47,111,5016,263.810,2781,4335,3000,0
2026-07-25T20:20:34Z,218506,2897488,1276360,1139960,481168,381496,143,49,47,47,111,5016,263.810,2829,4507,3000,0
2026-07-25T20:21:05Z,218537,2897488,1276360,1139960,481168,363064,143,49,47,47,111,5016,263.810,2669,4171,3000,0
2026-07-25T20:21:37Z,218569,2897488,1276360,1139960,481168,373304,143,49,47,47,111,5016,263.810,2669,4283,3000,0
2026-07-25T20:22:08Z,218600,2898512,1276360,1140984,481168,393784,143,49,47,47,111,5016,263.810,2665,4567,3000,0
2026-07-25T20:22:39Z,218631,2898520,1276360,1140992,481168,440888,143,49,47,47,111,5016,263.810,2557,4455,3000,0
2026-07-25T20:23:11Z,218663,2898520,1276360,1140992,481168,356920,143,49,47,47,111,5016,263.810,2605,4595,3000,0
2026-07-25T20:23:42Z,218694,2898528,1276364,1140996,481168,354874,143,49,47,47,111,5016,263.810,2637,4179,3000,0
2026-07-25T20:24:13Z,218725,2898544,1276368,1141008,481168,363068,143,49,47,47,111,5016,263.810,2779,4355,3000,0
2026-07-25T20:24:45Z,218757,2898544,1276368,1141008,481168,373308,143,49,47,47,111,5016,263.810,2603,4159,3000,0
2026-07-25T20:25:16Z,218788,2898544,1276368,1141008,481168,377404,143,49,47,47,111,5016,263.810,2715,4239,3000,0
2026-07-25T20:25:48Z,218820,2898544,1276368,1141008,481168,389692,143,49,47,47,111,5016,263.810,2679,4687,3000,0
2026-07-25T20:26:19Z,218851,2898544,1276368,1141008,481168,377405,143,49,47,47,111,5016,263.810,2599,4063,3000,0
2026-07-25T20:26:50Z,218882,2898544,1276368,1141008,481168,369213,143,49,47,47,111,5016,263.810,2653,4291,3000,0
2026-07-25T20:27:22Z,218914,2898548,1276368,1141012,481168,377406,143,49,47,47,111,5016,263.810,2693,4259,3000,0
2026-07-25T20:27:53Z,218945,2898552,1276368,1141016,481168,365119,143,49,47,47,111,5016,263.810,2605,4295,3000,0
2026-07-25T20:28:24Z,218976,2898552,1276368,1141016,481168,379455,143,49,47,47,111,5016,263.810,2805,4199,3000,0
2026-07-25T20:28:56Z,219008,2898552,1276368,1141016,481168,385599,143,49,47,47,111,5016,263.810,2653,4239,3000,0
2026-07-25T20:29:27Z,219039,2898552,1276368,1141016,481168,434751,143,49,47,47,111,5016,263.810,2801,4391,3000,0
2026-07-25T20:29:58Z,219070,2898552,1276368,1141016,481168,369216,143,49,47,47,111,5016,263.810,2637,4327,3000,0
2026-07-25T20:30:30Z,219102,2898552,1276368,1141016,481168,361024,143,49,47,47,111,5016,263.810,2633,4335,3000,0
2026-07-25T20:31:01Z,219133,2898580,1276368,1141044,481168,447045,143,49,47,47,111,5016,263.810,2881,4367,3000,0
2026-07-25T20:31:32Z,219164,2898580,1276368,1141044,481168,434757,143,49,47,47,111,5016,263.810,2601,4089,3000,0
2026-07-25T20:32:04Z,219196,2898580,1276368,1141044,481168,379461,143,49,47,47,111,5016,263.810,2635,4139,3000,0
2026-07-25T20:32:35Z,219227,2898580,1276368,1141044,481168,379462,143,49,47,47,111,5016,263.810,2671,4195,3000,0
2026-07-25T20:33:07Z,219259,2898580,1276368,1141044,481168,440902,143,49,47,47,111,5016,263.810,2685,4427,3000,0
2026-07-25T20:33:38Z,219290,2898580,1276368,1141044,481168,385606,143,49,47,47,111,5016,263.810,2713,4207,3000,0
2026-07-25T20:34:09Z,219321,2898580,1276368,1141044,481168,373324,143,49,47,47,111,5016,263.810,2757,4371,3000,0
2026-07-25T20:34:41Z,219353,2898584,1276368,1141048,481168,449104,143,49,47,47,111,5016,263.810,2783,4243,3000,0
2026-07-25T20:35:12Z,219384,2898592,1276368,1141056,481168,369232,143,49,47,47,111,5016,263.810,2725,4231,3000,0
2026-07-25T20:35:43Z,219415,2898592,1276368,1141056,481168,377424,143,49,47,47,111,5016,263.810,2753,4275,3000,0
2026-07-25T20:36:15Z,219447,2898592,1276368,1141056,481168,508496,143,49,47,47,111,5016,263.810,2661,4587,3000,0
2026-07-25T20:36:46Z,219478,2898592,1276368,1141056,481168,424528,143,49,47,47,111,5016,263.810,2561,4087,3000,0
2026-07-25T20:37:17Z,219509,2898596,1276368,1141060,481168,365136,143,49,47,47,111,5016,263.810,2591,4299,3000,0
2026-07-25T20:37:49Z,219541,2898596,1276368,1141060,481168,363089,143,49,47,47,111,5016,263.810,2661,4211,3000,0
2026-07-25T20:38:20Z,219572,2898604,1276368,1141068,481168,352849,143,49,47,47,111,5016,263.810,2597,4179,3000,0
2026-07-25T20:38:51Z,219603,2898604,1276368,1141068,481168,377425,143,49,47,47,111,5016,263.810,2621,4107,3000,0
2026-07-25T20:39:23Z,219635,2898632,1276368,1141096,481168,373329,143,49,47,47,111,5016,263.810,2651,4279,3000,0
2026-07-25T20:39:54Z,219666,2898660,1276372,1141120,481168,363089,143,49,47,47,111,5016,263.810,2773,4179,3000,0
2026-07-25T20:40:25Z,219697,2898664,1276372,1141124,481168,379473,143,49,47,47,111,5016,263.810,2585,4099,3000,0
2026-07-25T20:40:57Z,219729,2898716,1276424,1141124,481168,383569,143,49,47,47,111,5016,263.810,2637,4159,3000,0
2026-07-25T20:41:28Z,219760,2898716,1276424,1141124,481168,381521,143,49,47,47,111,5016,263.810,2695,4327,3000,0
2026-07-25T20:41:59Z,219791,2898716,1276424,1141124,481168,373329,143,49,47,47,111,5016,263.810,2713,4171,3000,0
2026-07-25T20:42:31Z,219823,2898716,1276424,1141124,481168,383569,143,49,47,47,111,5016,263.810,2623,4279,3000,0
2026-07-25T20:43:02Z,219854,2898716,1276424,1141124,481168,381521,143,49,47,47,111,5016,263.810,2677,4359,3000,0
2026-07-25T20:43:33Z,219885,2898716,1276424,1141124,481168,440913,143,49,47,47,111,5016,263.810,2579,4515,3000,0
2026-07-25T20:44:05Z,219917,2898716,1276424,1141124,481168,367185,143,49,47,47,111,5016,263.810,2639,4319,3000,0
2026-07-25T20:44:36Z,219948,2898720,1276424,1141128,481168,369234,143,49,47,47,111,5016,263.810,2665,4443,3000,0
2026-07-25T20:45:08Z,219980,2898728,1276424,1141136,481168,430674,143,49,47,47,111,5016,263.810,2763,4423,3000,0
2026-07-25T20:45:39Z,220011,2898728,1276424,1141136,481168,375378,143,49,47,47,111,5016,263.810,2643,4135,3000,0
2026-07-25T20:46:10Z,220042,2898728,1276424,1141136,481168,377426,143,49,47,47,111,5016,263.810,2681,4639,3000,0
2026-07-25T20:46:42Z,220074,2898728,1276424,1141136,481168,369234,143,49,47,47,111,5016,263.810,2677,4159,3000,0
2026-07-25T20:47:13Z,220105,2898728,1276424,1141136,481168,363093,143,49,47,47,111,5016,263.810,2579,4069,3000,0
2026-07-25T20:47:44Z,220136,2898728,1276424,1141136,481168,385621,143,49,47,47,111,5016,263.810,2619,4431,3000,0
2026-07-25T20:48:16Z,220168,2898728,1276424,1141136,481168,387669,143,49,47,47,111,5016,263.810,2643,4199,3000,0
2026-07-25T20:48:47Z,220199,2898728,1276424,1141136,481168,498261,143,49,47,47,111,5016,263.810,2583,4127,3000,0
2026-07-25T20:49:18Z,220230,2898728,1276424,1141136,481168,361045,143,49,47,47,111,5016,263.810,2741,4303,3000,0
2026-07-25T20:49:50Z,220262,2898728,1276424,1141136,481168,377429,143,49,47,47,111,5016,263.810,2655,4279,3000,0
2026-07-25T20:50:21Z,220293,2898728,1276424,1141136,481168,434774,143,49,47,47,111,5016,263.810,2671,4347,3000,0
2026-07-25T20:50:52Z,220324,2898728,1276424,1141136,481168,373334,143,49,47,47,111,5016,263.810,2649,4151,3000,0
2026-07-25T20:51:24Z,220356,2898728,1276424,1141136,481168,379478,143,49,47,47,111,5016,263.810,2657,4163,3000,0
2026-07-25T20:51:55Z,220387,2898732,1276424,1141140,481168,447062,143,49,47,47,111,5016,263.810,2705,4247,3000,0
2026-07-25T20:52:26Z,220418,2898732,1276424,1141140,481168,445014,143,49,47,47,111,5016,263.810,2599,4079,3000,0
2026-07-25T20:52:58Z,220450,2898732,1276424,1141140,481168,373334,143,49,47,47,111,5016,263.810,2719,4339,3000,0
2026-07-25T20:53:29Z,220481,2898732,1276424,1141140,481168,377430,143,49,47,47,111,5016,263.810,2701,4179,3000,0
2026-07-25T20:54:00Z,220512,2898780,1276468,1141144,481168,440922,143,49,47,47,111,5016,263.810,2629,4347,3000,0
2026-07-25T20:54:32Z,220544,2898780,1276468,1141144,481168,369242,143,49,47,47,111,5016,263.810,2631,4147,3000,0
2026-07-25T20:55:03Z,220575,2898780,1276468,1141144,481168,379482,143,49,47,47,111,5016,263.810,2697,4143,3000,0
2026-07-25T20:55:34Z,220606,2898780,1276468,1141144,481168,475738,143,49,47,47,111,5016,263.810,2789,4247,3000,0
2026-07-25T20:56:06Z,220638,2898780,1276468,1141144,481168,354906,143,49,47,47,111,5016,263.810,2631,4183,3000,0
2026-07-25T20:56:37Z,220669,2898784,1276468,1141148,481168,356954,143,49,47,47,111,5016,263.810,2653,4307,3000,0
2026-07-25T20:57:09Z,220701,2898784,1276468,1141148,481168,434778,143,49,47,47,111,5016,263.810,2645,4243,3000,0
2026-07-25T20:57:40Z,220732,2898784,1276468,1141148,481168,428634,143,49,47,47,111,5016,263.810,2587,3993,3000,0
2026-07-25T20:58:11Z,220763,2898784,1276468,1141148,481168,367194,143,49,47,47,111,5016,263.810,2621,4179,3000,0
2026-07-25T20:58:43Z,220795,2898784,1276468,1141148,481168,381530,143,49,47,47,111,5016,263.810,2651,4107,3000,0
2026-07-25T20:59:14Z,220826,2898784,1276468,1141148,481168,356954,143,49,47,47,111,5016,263.810,2551,4495,3000,0
2026-07-25T20:59:45Z,220857,2898784,1276468,1141148,481168,373338,143,49,47,47,111,5016,263.810,2637,4083,3000,0
2026-07-25T21:00:17Z,220889,2898784,1276468,1141148,481168,367194,143,49,47,47,111,5016,263.810,2781,4179,3000,0
2026-07-25T21:00:48Z,220920,2898784,1276468,1141148,481168,373339,143,49,47,47,111,5016,263.810,2677,4355,3000,0
2026-07-25T21:01:19Z,220951,2898784,1276468,1141148,481168,381531,143,49,47,47,111,5016,263.810,2599,4155,3000,0
2026-07-25T21:01:51Z,220983,2898784,1276468,1141148,481168,379483,143,49,47,47,111,5016,263.810,2675,4703,3000,0
2026-07-25T21:02:22Z,221014,2898784,1276468,1141148,481168,498267,143,49,47,47,111,5016,263.810,2867,4591,3000,0
2026-07-25T21:02:54Z,221046,2898784,1276468,1141148,481168,428635,143,49,47,47,111,5016,263.810,2599,4443,3000,0
2026-07-25T21:03:25Z,221077,2898784,1276468,1141148,481168,375387,143,49,47,47,111,5016,263.810,2619,4315,3000,0
2026-07-25T21:03:56Z,221108,2898784,1276468,1141148,481168,369243,143,49,47,47,111,5016,263.810,2711,4275,3000,0
2026-07-25T21:04:28Z,221140,2898784,1276468,1141148,481168,361051,143,49,47,47,111,5016,263.810,2579,4487,3000,0
2026-07-25T21:04:59Z,221171,2898784,1276468,1141148,481168,381532,143,49,47,47,111,5016,263.810,2625,4195,3000,0
2026-07-25T21:05:30Z,221202,2898788,1276472,1141148,481168,383582,143,49,47,47,111,5016,263.810,2663,4319,3000,0
2026-07-25T21:06:02Z,221234,2898788,1276472,1141148,481168,406113,143,49,47,47,111,5016,263.810,2723,4339,3000,0
2026-07-25T21:06:33Z,221265,2898788,1276472,1141148,481168,373345,143,49,47,47,111,5016,263.810,2661,4211,3000,0
2026-07-25T21:07:04Z,221296,2898788,1276472,1141148,481168,385633,143,49,47,47,111,5016,263.810,2763,4303,3000,0
2026-07-25T21:07:36Z,221328,2898788,1276472,1141148,481168,371297,143,49,47,47,111,5016,263.810,2763,4259,3000,0
2026-07-25T21:08:07Z,221359,2898788,1276472,1141148,481168,363105,143,49,47,47,111,5016,263.810,2721,4159,3000,0
2026-07-25T21:08:38Z,221390,2898788,1276472,1141148,481168,375393,143,49,47,47,111,5016,263.810,2613,4427,3000,0
2026-07-25T21:09:10Z,221422,2898788,1276472,1141148,481168,381537,143,49,47,47,111,5016,263.810,2669,4419,3000,0
2026-07-25T21:09:41Z,221453,2898788,1276472,1141148,481168,438881,143,49,47,47,111,5016,263.810,2689,4267,3000,0
2026-07-25T21:10:13Z,221485,2898788,1276472,1141148,481168,354913,143,49,47,47,111,5016,263.810,2631,4123,3000,0
2026-07-25T21:10:44Z,221516,2898788,1276472,1141148,481168,354913,143,49,47,47,111,5016,263.810,2695,4263,3000,0
2026-07-25T21:11:15Z,221547,2898792,1276472,1141152,481168,361057,143,49,47,47,111,5016,263.810,2683,4311,3000,0
2026-07-25T21:11:47Z,221579,2898792,1276472,1141152,481168,371297,143,49,47,47,111,5016,263.810,2621,4061,3000,0
2026-07-25T21:12:18Z,221610,2898792,1276472,1141152,481168,383585,143,49,47,47,111,5016,263.810,2803,4331,3000,0
2026-07-25T21:12:49Z,221641,2898940,1276620,1141152,481168,373345,143,49,47,47,111,5016,263.810,2859,4335,3000,0
2026-07-25T21:13:21Z,221673,2898940,1276620,1141152,481168,367201,143,49,47,47,111,5016,263.810,2589,4395,3000,0
2026-07-25T21:13:52Z,221704,2898940,1276620,1141152,481168,375393,143,49,47,47,111,5016,263.810,2711,4371,3000,0
2026-07-25T21:14:23Z,221735,2898944,1276620,1141156,481168,375393,143,49,47,47,111,5016,263.810,2763,4443,3000,0
2026-07-25T21:14:55Z,221767,2898944,1276620,1141156,481168,375393,143,49,47,47,111,5016,263.810,2667,4299,3000,0
2026-07-25T21:15:26Z,221798,2898944,1276620,1141156,481168,359009,143,49,47,47,111,5016,263.810,2597,4103,3000,0
2026-07-25T21:15:57Z,221829,2898944,1276620,1141156,481168,369249,143,49,47,47,111,5016,263.810,2633,4263,3000,0
2026-07-25T21:16:29Z,221861,2898944,1276620,1141156,481168,414305,143,49,47,47,111,5016,263.810,2757,4331,3000,0
2026-07-25T21:17:00Z,221892,2898944,1276620,1141156,481168,365153,143,49,47,47,111,5016,263.810,2723,4159,3000,0
2026-07-25T21:17:31Z,221923,2898944,1276620,1141156,481168,361057,143,49,47,47,111,5016,263.810,2733,4367,3000,0
2026-07-25T21:18:03Z,221955,2898944,1276620,1141156,481168,379489,143,49,47,47,111,5016,263.810,2669,4787,3000,0
2026-07-25T21:18:34Z,221986,2898944,1276620,1141156,481168,365153,143,49,47,47,111,5016,263.810,2587,4003,3000,0
2026-07-25T21:19:05Z,222017,2898948,1276620,1141160,481168,379489,143,49,47,47,111,5016,263.810,2629,4171,3000,0
2026-07-25T21:19:37Z,222049,2898948,1276620,1141160,481168,371297,143,49,47,47,111,5016,263.810,2657,4283,3000,0
2026-07-25T21:20:08Z,222080,2898948,1276620,1141160,481168,438882,143,49,47,47,111,5016,263.810,2657,4243,3000,0
2026-07-25T21:20:39Z,222111,2898948,1276620,1141160,481168,383586,143,49,47,47,111,5016,263.810,2639,4303,3000,0
2026-07-25T21:21:11Z,222143,2898948,1276620,1141160,481168,381538,143,49,47,47,111,5016,263.810,2667,4119,3000,0
2026-07-25T21:21:42Z,222174,2898952,1276620,1141164,481168,367207,143,49,47,47,111,5016,263.810,2651,4571,3000,0
2026-07-25T21:22:14Z,222206,2898952,1276620,1141164,481168,363111,143,49,47,47,111,5016,263.810,2633,4179,3000,0
2026-07-25T21:22:45Z,222237,2898952,1276620,1141164,481168,379495,143,49,47,47,111,5016,263.810,2655,4143,3000,0
2026-07-25T21:23:16Z,222268,2898960,1276620,1141172,481168,485992,143,49,47,47,111,5016,263.810,2747,4431,3000,0
2026-07-25T21:23:48Z,222300,2898960,1276620,1141172,481168,447084,143,49,47,47,111,5016,263.810,2567,4251,3000,0
2026-07-25T21:24:19Z,222331,2898964,1276620,1141176,481168,377452,143,49,47,47,111,5016,263.810,2683,4359,3000,0
2026-07-25T21:24:50Z,222362,2898964,1276620,1141176,481168,383596,143,49,47,47,111,5016,263.810,2661,4607,3000,0
2026-07-25T21:25:22Z,222394,2898968,1276624,1141176,481168,428663,143,49,47,47,111,5016,263.810,2567,4267,3000,0
2026-07-25T21:25:53Z,222425,2898968,1276624,1141176,481168,375415,143,49,47,47,111,5016,263.810,2713,4407,3000,0
2026-07-25T21:26:24Z,222456,2898968,1276624,1141176,481168,369271,143,49,47,47,111,5016,263.810,2809,4511,3000,0
2026-07-25T21:26:56Z,222488,2898972,1276628,1141176,481168,445050,143,49,47,47,111,5016,263.810,2795,4279,3000,0
2026-07-25T21:27:27Z,222519,2898972,1276628,1141176,481168,377466,143,49,47,47,111,5016,263.810,2595,4069,3000,0
2026-07-25T21:27:58Z,222550,2898972,1276628,1141176,481168,377466,143,49,47,47,111,5016,263.810,2731,4243,3000,0
2026-07-25T21:28:30Z,222582,2898972,1276628,1141176,481168,518778,143,49,47,47,111,5016,263.810,2769,4367,3000,0
2026-07-25T21:29:01Z,222613,2899040,1276684,1141188,481168,453242,143,49,47,47,111,5016,263.810,2607,4155,3000,0
2026-07-25T21:29:32Z,222644,2899040,1276684,1141188,481168,367226,143,49,47,47,111,5016,263.810,2603,4235,3000,0
2026-07-25T21:30:04Z,222676,2899040,1276684,1141188,481168,377466,143,49,47,47,111,5016,263.810,2685,4283,3000,0
2026-07-25T21:30:35Z,222707,2899040,1276684,1141188,481168,422522,143,49,47,47,111,5016,263.810,2585,4231,3000,0
2026-07-25T21:31:06Z,222738,2899040,1276684,1141188,481168,379514,143,49,47,47,111,5016,263.810,2661,4195,3000,0
2026-07-25T21:31:38Z,222770,2899040,1276684,1141188,481168,385658,143,49,47,47,111,5016,263.810,2673,4211,3000,0
2026-07-25T21:32:09Z,222801,2899216,1276804,1141188,481224,375418,143,49,47,47,111,5016,263.810,2781,4319,3000,0
2026-07-25T21:32:40Z,222832,2899216,1276804,1141188,481224,383610,143,49,47,47,111,5016,263.810,2609,4167,3000,0
2026-07-25T21:33:12Z,222864,2899216,1276804,1141188,481224,393850,143,49,47,47,111,5016,263.810,2683,4295,3000,0
2026-07-25T21:33:43Z,222895,2899216,1276804,1141188,481224,436858,143,49,47,47,111,5016,263.810,2671,4207,3000,0
2026-07-25T21:34:14Z,222926,2899220,1276804,1141192,481224,365178,143,49,47,47,111,5016,263.810,2605,4115,3000,0
2026-07-25T21:34:46Z,222958,2899220,1276804,1141192,481224,354938,143,49,47,47,111,5016,263.810,2737,4343,3000,0
2026-07-25T21:35:17Z,222989,2899220,1276804,1141192,481224,375418,143,49,47,47,111,5016,263.810,2709,4207,3000,0
2026-07-25T21:35:49Z,223021,2899220,1276804,1141192,481224,359034,143,49,47,47,111,5016,263.810,2625,4159,3000,0
2026-07-25T21:36:20Z,223052,2899224,1276804,1141196,481224,371322,143,49,47,47,111,5016,263.810,2649,4203,3000,0
2026-07-25T21:36:51Z,223083,2899224,1276804,1141196,481224,365178,143,49,47,47,111,5016,263.810,2693,4647,3000,0
2026-07-25T21:37:23Z,223115,2899224,1276804,1141196,481224,363130,143,49,47,47,111,5016,263.810,2763,4367,3000,0
2026-07-25T21:37:54Z,223146,2899236,1276804,1141208,481224,377466,143,49,47,47,111,5016,263.810,2711,4215,3000,0
2026-07-25T21:38:25Z,223177,2899236,1276804,1141208,481224,377466,143,49,47,47,111,5016,263.810,2815,4263,3000,0
2026-07-25T21:38:57Z,223209,2899236,1276804,1141208,481224,432762,143,49,47,47,111,5016,263.810,2649,4779,3000,0
2026-07-25T21:39:28Z,223240,2899236,1276804,1141208,481224,365178,143,49,47,47,111,5016,263.810,2591,4167,3000,0
2026-07-25T21:39:59Z,223271,2899236,1276804,1141208,481224,359034,143,49,47,47,111,5016,263.810,2651,4215,3000,0
2026-07-25T21:40:31Z,223303,2899236,1276804,1141208,481224,365178,143,49,47,47,111,5016,263.810,2667,4571,3000,0
2026-07-25T21:41:02Z,223334,2899236,1276804,1141208,481224,365178,143,49,47,47,111,5016,263.810,2627,4155,3000,0
2026-07-25T21:41:33Z,223365,2899236,1276804,1141208,481224,373370,143,49,47,47,111,5016,263.810,2743,4295,3000,0
2026-07-25T21:42:05Z,223397,2899236,1276804,1141208,481224,375418,143,49,47,47,111,5016,263.810,2715,4279,3000,0
2026-07-25T21:42:36Z,223428,2899236,1276804,1141208,481224,361082,143,49,47,47,111,5016,263.810,2663,4115,3000,0
2026-07-25T21:43:07Z,223459,2899236,1276804,1141208,481224,371322,143,49,47,47,111,5016,263.810,2639,4167,3000,0
2026-07-25T21:43:39Z,223491,2899236,1276804,1141208,481224,373370,143,49,47,47,111,5016,263.810,2637,4271,3000,0
2026-07-25T21:44:10Z,223522,2899236,1276804,1141208,481224,369274,143,49,47,47,111,5016,263.810,2683,4383,3000,0
2026-07-25T21:44:41Z,223553,2899236,1276804,1141208,481224,363130,143,49,47,47,111,5016,263.810,2603,4419,3000,0
2026-07-25T21:45:13Z,223585,2899236,1276804,1141208,481224,371322,143,49,47,47,111,5016,263.810,2765,4287,3000,0
2026-07-25T21:45:44Z,223616,2899236,1276804,1141208,481224,371322,143,49,47,47,111,5016,263.810,2725,4299,3000,0
2026-07-25T21:46:16Z,223648,2899236,1276804,1141208,481224,424570,143,49,47,47,111,5016,263.810,2583,4183,3000,0
2026-07-25T21:46:47Z,223679,2899236,1276804,1141208,481224,359034,143,49,47,47,111,5016,263.810,2693,4299,3000,0
2026-07-25T21:47:18Z,223710,2899300,1276804,1141272,481224,352890,143,49,47,47,111,5016,263.810,2669,4155,3000,0
2026-07-25T21:47:50Z,223742,2899304,1276804,1141276,481224,428666,143,49,47,47,111,5016,263.810,2657,4219,3000,0
2026-07-25T21:48:21Z,223773,2899304,1276804,1141276,481224,371322,143,49,47,47,111,5016,263.810,2623,4159,3000,0
2026-07-25T21:48:52Z,223804,2899304,1276804,1141276,481224,373370,143,49,47,47,111,5016,263.810,2647,4131,3000,0
2026-07-25T21:49:24Z,223836,2899304,1276804,1141276,481224,377466,143,49,47,47,111,5016,263.810,2653,4411,3000,0
2026-07-25T21:49:55Z,223867,2899304,1276804,1141276,481224,371322,143,49,47,47,111,5016,263.810,2609,4135,3000,0
2026-07-25T21:50:26Z,223898,2899304,1276804,1141276,481224,371322,143,49,47,47,111,5016,263.810,2701,4235,3000,0
2026-07-25T21:50:58Z,223930,2899304,1276804,1141276,481224,393850,143,49,47,47,111,5016,263.810,2799,4195,3000,0
2026-07-25T21:51:29Z,223961,2899304,1276804,1141276,481224,510586,143,49,47,47,111,5016,263.810,2589,4299,3000,0
2026-07-25T21:52:00Z,223992,2899304,1276804,1141276,481224,359034,143,49,47,47,111,5016,263.810,2649,4183,3000,0
2026-07-25T21:52:32Z,224024,2899304,1276804,1141276,481224,363130,143,49,47,47,111,5016,263.810,2647,4191,3000,0
2026-07-25T21:53:03Z,224055,2899304,1276804,1141276,481224,346746,143,49,47,47,111,5016,263.810,2659,4099,3000,0
2026-07-25T21:53:34Z,224086,2899304,1276804,1141276,481224,375418,143,49,47,47,111,5016,263.810,2625,4083,3000,0
2026-07-25T21:54:06Z,224118,2899304,1276804,1141276,481224,375418,143,49,47,47,111,5016,263.810,2639,4135,3000,0
2026-07-25T21:54:37Z,224149,2899328,1276804,1141300,481224,365178,143,49,47,47,111,5016,263.810,2741,4459,3000,0
2026-07-25T21:55:08Z,224180,2899332,1276804,1141304,481224,359034,143,49,47,47,111,5016,263.810,2687,4187,3000,0
2026-07-25T21:55:40Z,224212,2899332,1276804,1141304,481224,379514,143,49,47,47,111,5016,263.810,2655,4319,3000,0
2026-07-25T21:56:11Z,224243,2899332,1276804,1141304,481224,389754,143,49,47,47,111,5016,263.810,2671,4367,3000,0
2026-07-25T21:56:43Z,224275,2899344,1276804,1141316,481224,365178,143,49,47,47,111,5016,263.810,2643,4307,3000,0
2026-07-25T21:57:14Z,224306,2899344,1276804,1141316,481224,367226,143,49,47,47,111,5016,263.810,2629,4187,3000,0
2026-07-25T21:57:45Z,224337,2899344,1276804,1141316,481224,387706,143,49,47,47,111,5016,263.810,2655,4271,3000,0
2026-07-25T21:58:17Z,224369,2899344,1276804,1141316,481224,500346,143,49,47,47,111,5016,263.810,2645,4303,3000,0
2026-07-25T21:58:48Z,224400,2899344,1276804,1141316,481224,365178,143,49,47,47,111,5016,263.810,2699,4147,3000,0
2026-07-25T21:59:19Z,224431,2899344,1276804,1141316,481224,356986,143,49,47,47,111,5016,263.810,2723,4339,3000,0
2026-07-25T21:59:51Z,224463,2899344,1276804,1141316,481224,430714,143,49,47,47,111,5016,263.810,2685,4179,3000,0
2026-07-25T22:00:22Z,224494,2899344,1276804,1141316,481224,432762,143,49,47,47,111,5016,263.810,2619,4599,3000,0
2026-07-25T22:00:53Z,224525,2899344,1276804,1141316,481224,365178,143,49,47,47,111,5016,263.810,2725,4419,3000,0
2026-07-25T22:01:25Z,224557,2899344,1276804,1141316,481224,383610,143,49,47,47,111,5016,263.810,2677,4243,3000,0
2026-07-25T22:01:56Z,224588,2899344,1276804,1141316,481224,367226,143,49,47,47,111,5016,263.810,2579,4183,3000,0
2026-07-25T22:02:28Z,224620,2899344,1276804,1141316,481224,373370,143,49,47,47,111,5016,263.810,2621,4383,3000,0
2026-07-25T22:02:59Z,224651,2899388,1276804,1141360,481224,377466,143,49,47,47,111,5016,263.810,2767,4323,3000,0
2026-07-25T22:03:30Z,224682,2899388,1276804,1141360,481224,440954,143,49,47,47,111,5016,263.810,2751,4431,3000,0
2026-07-25T22:04:02Z,224714,2899388,1276804,1141360,481224,373370,143,49,47,47,111,5016,263.810,2615,4131,3000,0
2026-07-25T22:04:33Z,224745,2899388,1276804,1141360,481224,375418,143,49,47,47,111,5016,263.810,2629,4287,3000,0
2026-07-25T22:05:04Z,224776,2899388,1276804,1141360,481224,496250,143,49,47,47,111,5016,263.810,2663,4247,3000,0
2026-07-25T22:05:36Z,224808,2899388,1276804,1141360,481224,434810,143,49,47,47,111,5016,263.810,2607,4523,3000,0
2026-07-25T22:06:07Z,224839,2899388,1276804,1141360,481224,363130,143,49,47,47,111,5016,263.810,2673,4543,3000,0
2026-07-25T22:06:38Z,224870,2899388,1276804,1141360,481224,365178,143,49,47,47,111,5016,263.810,2667,4507,3000,0
2026-07-25T22:07:10Z,224902,2899388,1276804,1141360,481224,365178,143,49,47,47,111,5016,263.810,2701,4219,3000,0
2026-07-25T22:07:41Z,224933,2899388,1276804,1141360,481224,371322,143,49,47,47,111,5016,263.810,2623,4031,3000,0
2026-07-25T22:08:13Z,224965,2899388,1276804,1141360,481224,383610,143,49,47,47,111,5016,263.810,2803,4439,3000,0
2026-07-25T22:08:44Z,224996,2899396,1276804,1141368,481224,367235,143,49,47,47,111,5016,263.810,2679,4231,3000,0
2026-07-25T22:09:15Z,225027,2899396,1276804,1141368,481224,369283,143,49,47,47,111,5016,263.810,2621,4239,3000,0
2026-07-25T22:09:47Z,225059,2899396,1276804,1141368,481224,375427,143,49,47,47,111,5016,263.810,2731,4367,3000,0
2026-07-25T22:10:18Z,225090,2899396,1276804,1141368,481224,447107,143,49,47,47,111,5016,263.810,2815,4451,3000,0
2026-07-25T22:10:49Z,225121,2899396,1276804,1141368,481224,447108,143,49,47,47,111,5016,263.810,2637,4199,3000,0
2026-07-25T22:11:21Z,225153,2899396,1276804,1141368,481224,373380,143,49,47,47,111,5016,263.810,2629,4295,3000,0
2026-07-25T22:11:52Z,225184,2899396,1276804,1141368,481224,383620,143,49,47,47,111,5016,263.810,2689,4351,3000,0
2026-07-25T22:12:23Z,225215,2899396,1276804,1141368,481224,510596,143,49,47,47,111,5016,263.810,2553,4287,3000,0
2026-07-25T22:12:55Z,225247,2899396,1276804,1141368,481224,375428,143,49,47,47,111,5016,263.810,2725,4227,3000,0
2026-07-25T22:13:26Z,225278,2899404,1276804,1141376,481224,359044,143,49,47,47,111,5016,263.810,2665,4227,3000,0
2026-07-25T22:13:57Z,225309,2899404,1276804,1141376,481224,436868,143,49,47,47,111,5016,263.810,2763,4403,3000,0
2026-07-25T22:14:29Z,225341,2899404,1276804,1141376,481224,373380,143,49,47,47,111,5016,263.810,2597,4053,3000,0
2026-07-25T22:15:00Z,225372,2899404,1276804,1141376,481224,365188,143,49,47,47,111,5016,263.810,2633,4191,3000,0
2026-07-25T22:15:31Z,225403,2899404,1276804,1141376,481224,354948,143,49,47,47,111,5016,263.810,2687,4367,3000,0
2026-07-25T22:16:03Z,225435,2899404,1276804,1141376,481224,356996,143,49,47,47,111,5016,263.810,2711,4171,3000,0
2026-07-25T22:16:34Z,225466,2899404,1276804,1141376,481224,365188,143,49,47,47,111,5016,263.810,2635,4163,3000,0
2026-07-25T22:17:06Z,225498,2899404,1276804,1141376,481224,371332,143,49,47,47,111,5016,263.810,2753,4387,3000,0
2026-07-25T22:17:37Z,225529,2899404,1276804,1141376,481224,508548,143,49,47,47,111,5016,263.810,2559,4127,3000,0
2026-07-25T22:18:08Z,225560,2899404,1276804,1141376,481224,363140,143,49,47,47,111,5016,263.810,2605,4187,3000,0
2026-07-25T22:18:40Z,225592,2899404,1276804,1141376,481224,375428,143,49,47,47,111,5016,263.810,2643,4183,3000,0
2026-07-25T22:19:11Z,225623,2899404,1276804,1141376,481224,432772,143,49,47,47,111,5016,263.810,2663,4499,3000,0
2026-07-25T22:19:42Z,225654,2899404,1276804,1141376,481224,367236,143,49,47,47,111,5016,263.810,2685,4131,3000,0
2026-07-25T22:20:14Z,225686,2899404,1276804,1141376,481224,371332,143,49,47,47,111,5016,263.810,2671,4431,3000,0
2026-07-25T22:20:45Z,225717,2899404,1276804,1141376,481224,440964,143,49,47,47,111,5016,263.810,2663,4267,3000,0
2026-07-25T22:21:16Z,225748,2899404,1276804,1141376,481224,440964,143,49,47,47,111,5016,263.810,2595,4175,3000,0
2026-07-25T22:21:48Z,225780,2899404,1276804,1141376,481224,367236,143,49,47,47,111,5016,263.810,2641,4211,3000,0
2026-07-25T22:22:19Z,225811,2899404,1276804,1141376,481224,369284,143,49,47,47,111,5016,263.810,2691,4323,3000,0
2026-07-25T22:22:50Z,225842,2899404,1276804,1141376,481224,426628,143,49,47,47,111,5016,263.810,2589,4287,3000,0
2026-07-25T22:23:22Z,225874,2899404,1276804,1141376,481224,367236,143,49,47,47,111,5016,263.810,2633,4267,3000,0
2026-07-25T22:23:53Z,225905,2899404,1276804,1141376,481224,377476,143,49,47,47,111,5016,263.810,2679,4307,3000,0
2026-07-25T22:24:24Z,225936,2899404,1276804,1141376,481224,514692,143,49,47,47,111,5016,263.810,2669,4767,3000,0
2026-07-25T22:24:56Z,225968,2899404,1276804,1141376,481224,367236,143,49,47,47,111,5016,263.810,2705,4347,3000,0
2026-07-25T22:25:27Z,225999,2899404,1276804,1141376,481224,356996,143,49,47,47,111,5016,263.810,2655,4407,3000,0
2026-07-25T22:25:59Z,226031,2899404,1276804,1141376,481224,440964,143,49,47,47,111,5016,263.810,2803,4275,3000,0
2026-07-25T22:26:30Z,226062,2899404,1276804,1141376,481224,443012,143,49,47,47,111,5016,263.810,2599,4499,3000,0
2026-07-25T22:27:01Z,226093,2899404,1276804,1141376,481224,369284,143,49,47,47,111,5016,263.810,2661,4203,3000,0
2026-07-25T22:27:33Z,226125,2899404,1276804,1141376,481224,379524,143,49,47,47,111,5016,263.810,2683,4287,3000,0
2026-07-25T22:28:04Z,226156,2899404,1276804,1141376,481224,369284,143,49,47,47,111,5016,263.810,2585,4275,3000,0
2026-07-25T22:28:35Z,226187,2899404,1276804,1141376,481224,367236,143,49,47,47,111,5016,263.810,2709,4199,3000,0
2026-07-25T22:29:07Z,226219,2899404,1276804,1141376,481224,369284,143,49,47,47,111,5016,263.810,2687,4175,3000,0
2026-07-25T22:29:38Z,226250,2899404,1276804,1141376,481224,371332,143,49,47,47,111,5016,263.810,2647,4163,3000,0
2026-07-25T22:30:09Z,226281,2899404,1276804,1141376,481224,377476,143,49,47,47,111,5016,263.810,2603,4207,3000,0
2026-07-25T22:30:41Z,226313,2899404,1276804,1141376,481224,373380,143,49,47,47,111,5016,263.810,2671,4151,3000,0
2026-07-25T22:31:12Z,226344,2899404,1276804,1141376,481224,418436,143,49,47,47,111,5016,263.810,2697,4259,3000,0
2026-07-25T22:31:44Z,226376,2899404,1276804,1141376,481224,352900,143,49,47,47,111,5016,263.810,2581,4311,3000,0
2026-07-25T22:32:15Z,226407,2899404,1276804,1141376,481224,367236,143,49,47,47,111,5016,263.810,2651,4303,3000,0
2026-07-25T22:32:46Z,226438,2899404,1276804,1141376,481224,369284,143,49,47,47,111,5016,263.810,2695,4203,3000,0
2026-07-25T22:33:18Z,226470,2899404,1276804,1141376,481224,359044,143,49,47,47,111,5016,263.810,2577,4323,3000,0
2026-07-25T22:33:49Z,226501,2899404,1276804,1141376,481224,363140,143,49,47,47,111,5016,263.810,2759,4263,3000,0
2026-07-25T22:34:20Z,226532,2899404,1276804,1141376,481224,371332,143,49,47,47,111,5016,263.810,2701,4187,3000,0
2026-07-25T22:34:52Z,226564,2899404,1276804,1141376,481224,352900,143,49,47,47,111,5016,263.810,2909,4415,3000,0
2026-07-25T22:35:23Z,226595,2899404,1276804,1141376,481224,371332,143,49,47,47,111,5016,263.810,2617,4081,3000,0
2026-07-25T22:35:54Z,226626,2899404,1276804,1141376,481224,363140,143,49,47,47,111,5016,263.810,2647,4107,3000,0
2026-07-25T22:36:26Z,226658,2899404,1276804,1141376,481224,375428,143,49,47,47,111,5016,263.810,2649,4215,3000,0
2026-07-25T22:36:57Z,226689,2899404,1276804,1141376,481224,373380,143,49,47,47,111,5016,263.810,2759,4139,3000,0
2026-07-25T22:37:28Z,226720,2899404,1276804,1141376,481224,375428,143,49,47,47,111,5016,263.810,2735,4207,3000,0
2026-07-25T22:38:00Z,226752,2899404,1276804,1141376,481224,395908,143,49,47,47,111,5016,263.810,2817,4391,3000,0
2026-07-25T22:38:31Z,226783,2899404,1276804,1141376,481224,430724,143,49,47,47,111,5016,263.810,2569,4431,3000,0
2026-07-25T22:39:02Z,226814,2899404,1276804,1141376,481224,379524,143,49,47,47,111,5016,263.810,2721,4231,3000,0
2026-07-25T22:39:34Z,226846,2899404,1276804,1141376,481224,367236,143,49,47,47,111,5016,263.810,2639,4211,3000,0
2026-07-25T22:40:05Z,226877,2899404,1276804,1141376,481224,354948,143,49,47,47,111,5016,263.810,2701,4507,3000,0
2026-07-25T22:40:37Z,226909,2899404,1276804,1141376,481224,373380,143,49,47,47,111,5016,263.810,2623,4383,3000,0
2026-07-25T22:41:08Z,226940,2899404,1276804,1141376,481224,373380,143,49,47,47,111,5016,263.810,2667,4471,3000,0
2026-07-25T22:41:39Z,226971,2899404,1276804,1141376,481224,438917,143,49,47,47,111,5016,263.810,2691,4243,3000,0
2026-07-25T22:42:11Z,227003,2899404,1276804,1141376,481224,438917,143,49,47,47,111,5016,263.810,2605,4531,3000,0
2026-07-25T22:42:42Z,227034,2899404,1276804,1141376,481224,369285,143,49,47,47,111,5016,263.810,2621,4175,3000,0
2026-07-25T22:43:13Z,227065,2899404,1276804,1141376,481224,377477,143,49,47,47,111,5016,263.810,2769,4391,3000,0
2026-07-25T22:43:45Z,227097,2899404,1276804,1141376,481224,569989,143,49,47,47,111,5016,263.810,2659,4515,3000,0
2026-07-25T22:44:16Z,227128,2899404,1276804,1141376,481224,359045,143,49,47,47,111,5016,263.810,2613,4355,3000,0
2026-07-25T22:44:47Z,227159,2899404,1276804,1141376,481224,356997,143,49,47,47,111,5016,263.810,2683,4279,3000,0
2026-07-25T22:45:19Z,227191,2899404,1276804,1141376,481224,494213,143,49,47,47,111,5016,263.810,2667,4707,3000,0
2026-07-25T22:45:50Z,227222,2899404,1276804,1141376,481224,367237,143,49,47,47,111,5016,263.810,2643,4263,3000,0
2026-07-25T22:46:21Z,227253,2899404,1276804,1141376,481224,373381,143,49,47,47,111,5016,263.810,2807,4379,3000,0
2026-07-25T22:46:53Z,227285,2899404,1276804,1141376,481224,520837,143,49,47,47,111,5016,263.810,2665,4187,3000,0
2026-07-25T22:47:24Z,227316,2899404,1276804,1141376,481224,510597,143,49,47,47,111,5016,263.810,2705,4179,3000,0
2026-07-25T22:47:55Z,227347,2899404,1276804,1141376,481224,371333,143,49,47,47,111,5016,263.810,2633,4179,3000,0
2026-07-25T22:48:27Z,227379,2899404,1276804,1141376,481224,377477,143,49,47,47,111,5016,263.810,2855,4363,3000,0
2026-07-25T22:48:58Z,227410,2899404,1276804,1141376,481224,498309,143,49,47,47,111,5016,263.810,2703,4355,3000,0
2026-07-25T22:49:30Z,227442,2899404,1276804,1141376,481224,359045,143,49,47,47,111,5016,263.810,2711,4227,3000,0
2026-07-25T22:50:01Z,227473,2899404,1276804,1141376,481224,369285,143,49,47,47,111,5016,263.810,2645,4455,3000,0
2026-07-25T22:50:32Z,227504,2899404,1276804,1141376,481224,359045,143,49,47,47,111,5016,263.810,2803,4459,3000,0
2026-07-25T22:51:04Z,227536,2899404,1276804,1141376,481224,359045,143,49,47,47,111,5016,263.810,2617,4439,3000,0
2026-07-25T22:51:35Z,227567,2899404,1276804,1141376,481224,385669,143,49,47,47,111,5016,263.810,2669,4131,3000,0
2026-07-25T22:52:06Z,227598,2899408,1276804,1141380,481224,371335,143,49,47,47,111,5016,263.810,2665,4511,3000,0
2026-07-25T22:52:38Z,227630,2899408,1276804,1141380,481224,367239,143,49,47,47,111,5016,263.810,2699,4135,3000,0
2026-07-25T22:53:09Z,227661,2899408,1276804,1141380,481224,371335,143,49,47,47,111,5016,263.810,2629,4179,3000,0
2026-07-25T22:53:40Z,227692,2899408,1276804,1141380,481224,383623,143,49,47,47,111,5016,263.810,2631,4531,3000,0
2026-07-25T22:54:12Z,227724,2899408,1276804,1141380,481224,533127,143,49,47,47,111,5016,263.810,2571,4131,3000,0
2026-07-25T22:54:43Z,227755,2899408,1276804,1141380,481224,354951,143,49,47,47,111,5016,263.810,2611,4283,3000,0
2026-07-25T22:55:14Z,227786,2899408,1276804,1141380,481224,369287,143,49,47,47,111,5016,263.810,2643,4195,3000,0
2026-07-25T22:55:46Z,227818,2899408,1276804,1141380,481224,432775,143,49,47,47,111,5016,263.810,2677,4223,3000,0
2026-07-25T22:56:17Z,227849,2899408,1276804,1141380,481224,375431,143,49,47,47,111,5016,263.810,2613,4391,3000,0
2026-07-25T22:56:48Z,227880,2899408,1276804,1141380,481224,375431,143,49,47,47,111,5016,263.810,2729,4383,3000,0
2026-07-25T22:57:20Z,227912,2899408,1276804,1141380,481224,443015,143,49,47,47,111,5016,263.810,2675,4647,3000,0
2026-07-25T22:57:51Z,227943,2899408,1276804,1141380,481224,432775,143,49,47,47,111,5016,263.810,2725,4123,3000,0
2026-07-25T22:58:23Z,227975,2899408,1276804,1141380,481224,377479,143,49,47,47,111,5016,263.810,2647,4259,3000,0
2026-07-25T22:58:54Z,228006,2899408,1276804,1141380,481224,371335,143,49,47,47,111,5016,263.810,2667,4363,3000,0
2026-07-25T22:59:25Z,228037,2899408,1276804,1141380,481224,367241,143,49,47,47,111,5016,263.810,2581,4467,3000,0
2026-07-25T22:59:57Z,228069,2899408,1276804,1141380,481224,367241,143,49,47,47,111,5016,263.810,2729,4251,3000,0
2026-07-25T23:00:28Z,228100,2899408,1276804,1141380,481224,381577,143,49,47,47,111,5016,263.810,2711,4647,3000,0
2026-07-25T23:00:59Z,228131,2899408,1276804,1141380,481224,426633,143,49,47,47,111,5016,263.810,2633,4451,3000,0
2026-07-25T23:01:31Z,228163,2899408,1276804,1141380,481224,367241,143,49,47,47,111,5016,263.810,2629,4187,3000,0
2026-07-25T23:02:02Z,228194,2899408,1276804,1141380,481224,365193,143,49,47,47,111,5016,263.810,2759,4279,3000,0
2026-07-25T23:02:34Z,228226,2899408,1276804,1141380,481224,359049,143,49,47,47,111,5016,263.810,2669,4375,3000,0
2026-07-25T23:03:05Z,228257,2899408,1276804,1141380,481224,352905,143,49,47,47,111,5016,263.810,2657,4359,3000,0
2026-07-25T23:03:36Z,228288,2899408,1276804,1141380,481224,373385,143,49,47,47,111,5016,263.810,2645,4327,3000,0
2026-07-25T23:04:08Z,228320,2899408,1276804,1141380,481224,369289,143,49,47,47,111,5016,263.810,2681,4355,3000,0
2026-07-25T23:04:39Z,228351,2899408,1276804,1141380,481224,361097,143,49,47,47,111,5016,263.810,2585,4219,3000,0
2026-07-25T23:05:10Z,228382,2899408,1276804,1141380,481224,375433,143,49,47,47,111,5016,263.810,2661,4211,3000,0
2026-07-25T23:05:42Z,228414,2899408,1276804,1141380,481224,387721,143,49,47,47,111,5016,263.810,2665,4543,3000,0
2026-07-25T23:06:13Z,228445,2899408,1276804,1141380,481224,443017,143,49,47,47,111,5016,263.810,2647,4251,3000,0
2026-07-25T23:06:44Z,228476,2899408,1276804,1141380,481224,369289,143,49,47,47,111,5016,263.810,2635,4085,3000,0
2026-07-25T23:07:16Z,228508,2899408,1276804,1141380,481224,361097,143,49,47,47,111,5016,263.810,2747,4239,3000,0
2026-07-25T23:07:47Z,228539,2899408,1276804,1141380,481224,424585,143,49,47,47,111,5016,263.810,2689,4311,3000,0
2026-07-25T23:08:18Z,228570,2899408,1276804,1141380,481224,434825,143,49,47,47,111,5016,263.810,2619,4107,3000,0
2026-07-25T23:08:50Z,228602,2899408,1276804,1141380,481224,379529,143,49,47,47,111,5016,263.810,2643,4295,3000,0
2026-07-25T23:09:21Z,228633,2899408,1276804,1141380,481224,373385,143,49,47,47,111,5016,263.810,2761,4279,3000,0
2026-07-25T23:09:52Z,228664,2899408,1276804,1141380,481224,436873,143,49,47,47,111,5016,263.810,2667,4427,3000,0
2026-07-25T23:10:24Z,228696,2899416,1276812,1141380,481224,381577,143,49,47,47,111,5016,263.810,2613,4187,3000,0
2026-07-25T23:10:55Z,228727,2899416,1276812,1141380,481224,377481,143,49,47,47,111,5016,263.810,2661,4093,3000,0
2026-07-25T23:11:26Z,228758,2899416,1276812,1141380,481224,377481,143,49,47,47,111,5016,263.810,2669,4535,3000,0
2026-07-25T23:11:58Z,228790,2899416,1276812,1141380,481224,383625,143,49,47,47,111,5016,263.810,2609,4679,3000,0
2026-07-25T23:12:29Z,228821,2899416,1276812,1141380,481224,379529,143,49,47,47,111,5016,263.810,2847,4371,3000,0
2026-07-25T23:13:00Z,228852,2899416,1276812,1141380,481224,436873,143,49,47,47,111,5016,263.810,2681,4343,3000,0
2026-07-25T23:13:32Z,228884,2899416,1276812,1141380,481224,357001,143,49,47,47,111,5016,263.810,2665,4279,3000,0
2026-07-25T23:14:03Z,228915,2899416,1276812,1141380,481224,361097,143,49,47,47,111,5016,263.810,2611,4135,3000,0
2026-07-25T23:14:34Z,228946,2899416,1276812,1141380,481224,379529,143,49,47,47,111,5016,263.810,2663,4295,3000,0
2026-07-25T23:15:06Z,228978,2899416,1276812,1141380,481224,371337,143,49,47,47,111,5016,263.810,2581,4155,3000,0
2026-07-25T23:15:37Z,229009,2899416,1276812,1141380,481224,375433,143,49,47,47,111,5016,263.810,2635,4511,3000,0
2026-07-25T23:16:09Z,229041,2899416,1276812,1141380,481224,393865,143,49,47,47,111,5016,263.810,2647,4069,3000,0
2026-07-25T23:16:40Z,229072,2899416,1276812,1141380,481224,369289,143,49,47,47,111,5016,263.810,2659,4299,3000,0
2026-07-25T23:17:11Z,229103,2899416,1276812,1141380,481224,371337,143,49,47,47,111,5016,263.810,2621,4343,3000,0
2026-07-25T23:17:43Z,229135,2899416,1276812,1141380,481224,377481,143,49,47,47,111,5016,263.810,2657,4319,3000,0
2026-07-25T23:18:14Z,229166,2899416,1276812,1141380,481224,377481,143,49,47,47,111,5016,263.810,2729,4603,3000,0
2026-07-25T23:18:45Z,229197,2899416,1276812,1141380,481224,354953,143,49,47,47,111,5016,263.810,2717,4315,3000,0
2026-07-25T23:19:17Z,229229,2899416,1276812,1141380,481224,375433,143,49,47,47,111,5016,263.810,2639,4539,3000,0
2026-07-25T23:19:48Z,229260,2899416,1276812,1141380,481224,379529,143,49,47,47,111,5016,263.810,2673,4267,3000,0
2026-07-25T23:20:19Z,229291,2899416,1276812,1141380,481224,502409,143,49,47,47,111,5016,263.810,2589,4279,3000,0
2026-07-25T23:20:51Z,229323,2899416,1276812,1141380,481224,373385,143,49,47,47,111,5016,263.810,2619,4295,3000,0
2026-07-25T23:21:22Z,229354,2899416,1276812,1141380,481224,373385,143,49,47,47,111,5016,263.810,2705,4307,3000,0
2026-07-25T23:21:53Z,229385,2899416,1276812,1141380,481224,357001,143,49,47,47,111,5016,263.810,2659,4275,3000,0
2026-07-25T23:22:25Z,229417,2899416,1276812,1141380,481224,367241,143,49,47,47,111,5016,263.810,2591,4507,3000,0
2026-07-25T23:22:56Z,229448,2899416,1276812,1141380,481224,373385,143,49,47,47,111,5016,263.810,2675,4459,3000,0
2026-07-25T23:23:27Z,229479,2899416,1276812,1141380,481224,371337,143,49,47,47,111,5016,263.810,2645,4463,3000,0
2026-07-25T23:23:59Z,229511,2899416,1276812,1141380,481224,365193,143,49,47,47,111,5016,263.810,2579,4263,3000,0
2026-07-25T23:24:30Z,229542,2899416,1276812,1141380,481224,373385,143,49,47,47,111,5016,263.810,2593,4271,3000,0
2026-07-25T23:25:01Z,229573,2899416,1276812,1141380,481224,377481,143,49,47,47,111,5016,263.810,2667,4671,3000,0
2026-07-25T23:25:33Z,229605,2899416,1276812,1141380,481224,361097,143,49,47,47,111,5016,263.810,2607,4431,3000,0
2026-07-25T23:26:04Z,229636,2899416,1276812,1141380,481224,365193,143,49,47,47,111,5016,263.810,2645,4171,3000,0
2026-07-25T23:26:36Z,229668,2899416,1276812,1141380,481224,373385,143,49,47,47,111,5016,263.810,2663,4195,3000,0
2026-07-25T23:27:07Z,229699,2899416,1276812,1141380,481224,430729,143,49,47,47,111,5016,263.810,2709,4483,3000,0
2026-07-25T23:27:38Z,229730,2899508,1276904,1141380,481224,375433,143,49,47,47,111,5016,263.810,2771,4093,3000,0
2026-07-25T23:28:10Z,229762,2899508,1276904,1141380,481224,369289,143,49,47,47,111,5016,263.810,2703,4267,3000,0
2026-07-25T23:28:41Z,229793,2899508,1276904,1141380,481224,387721,143,49,47,47,111,5016,263.810,2803,4423,3000,0
2026-07-25T23:29:12Z,229824,2899508,1276904,1141380,481224,379529,143,49,47,47,111,5016,263.810,2715,4167,3000,0
2026-07-25T23:29:44Z,229856,2899508,1276904,1141380,481224,371337,143,49,47,47,111,5016,263.810,2639,4267,3000,0
2026-07-25T23:30:15Z,229887,2899508,1276904,1141380,481224,387721,143,49,47,47,111,5016,263.810,2871,4411,3000,0
2026-07-25T23:30:46Z,229918,2899508,1276904,1141380,481224,367241,143,49,47,47,111,5016,263.810,2599,4455,3000,0
2026-07-25T23:31:18Z,229950,2899508,1276904,1141380,481224,371337,143,49,47,47,111,5016,263.810,2633,4231,3000,0
2026-07-25T23:31:49Z,229981,2899508,1276904,1141380,481224,375433,143,49,47,47,111,5016,263.810,2665,4127,3000,0
2026-07-25T23:32:20Z,230012,2899508,1276904,1141380,481224,440969,143,49,47,47,111,5016,263.810,2605,4327,3000,0
2026-07-25T23:32:52Z,230044,2899508,1276904,1141380,481224,365193,143,49,47,47,111,5016,263.810,2735,4327,3000,0
2026-07-25T23:33:23Z,230075,2899508,1276904,1141380,481224,377481,143,49,47,47,111,5016,263.810,2647,4143,3000,0
2026-07-25T23:33:55Z,230107,2899508,1276904,1141380,481224,494217,143,49,47,47,111,5016,263.810,2691,4299,3000,0
2026-07-25T23:34:26Z,230138,2899508,1276904,1141380,481224,416393,143,49,47,47,111,5016,263.810,2613,4207,3000,0
2026-07-25T23:34:57Z,230169,2899508,1276904,1141380,481224,350857,143,49,47,47,111,5016,263.810,2621,4159,3000,0
2026-07-25T23:35:29Z,230201,2899508,1276904,1141380,481224,363145,143,49,47,47,111,5016,263.810,2851,4375,3000,0
2026-07-25T23:36:00Z,230232,2899508,1276904,1141380,481224,430729,143,49,47,47,111,5016,263.810,2567,4119,3000,0
2026-07-25T23:36:31Z,230263,2899508,1276904,1141380,481224,365193,143,49,47,47,111,5016,263.810,2641,4287,3000,0
2026-07-25T23:37:03Z,230295,2899508,1276904,1141380,481224,381577,143,49,47,47,111,5016,263.810,2839,4231,3000,0
2026-07-25T23:37:34Z,230326,2899508,1276904,1141380,481224,365193,143,49,47,47,111,5016,263.810,2701,4271,3000,0
2026-07-25T23:38:05Z,230357,2899508,1276904,1141380,481224,377481,143,49,47,47,111,5016,263.810,2615,4167,3000,0
2026-07-25T23:38:37Z,230389,2899508,1276904,1141380,481224,367241,143,49,47,47,111,5016,263.810,2765,4263,3000,0
2026-07-25T23:39:08Z,230420,2899508,1276904,1141380,481224,440969,143,49,47,47,111,5016,263.810,2669,4227,3000,0
2026-07-25T23:39:39Z,230451,2899508,1276904,1141380,481224,438921,143,49,47,47,111,5016,263.810,2585,4179,3000,0
2026-07-25T23:40:11Z,230483,2899508,1276904,1141380,481224,373385,143,49,47,47,111,5016,263.810,2637,4223,3000,0
2026-07-25T23:40:42Z,230514,2899508,1276904,1141380,481224,379529,143,49,47,47,111,5016,263.810,2649,4351,3000,0
2026-07-25T23:41:13Z,230545,2899508,1276904,1141380,481224,428681,143,49,47,47,111,5016,263.810,2573,4311,3000,0
2026-07-25T23:41:45Z,230577,2899508,1276904,1141380,481224,365193,143,49,47,47,111,5016,263.810,2635,4147,3000,0
2026-07-25T23:42:16Z,230608,2899508,1276904,1141380,481224,377481,143,49,47,47,111,5016,263.810,2663,4315,3000,0
2026-07-25T23:42:48Z,230640,2899508,1276904,1141380,481224,350857,143,49,47,47,111,5016,263.810,2627,4395,3000,0
2026-07-25T23:43:19Z,230671,2899508,1276904,1141380,481224,361097,143,49,47,47,111,5016,263.810,2793,4275,3000,0
2026-07-25T23:43:50Z,230702,2899508,1276904,1141380,481224,379529,143,49,47,47,111,5016,263.810,2653,4167,3000,0
2026-07-25T23:44:22Z,230734,2899512,1276904,1141384,481224,449161,143,49,47,47,111,5016,263.810,2679,4523,3000,0
2026-07-25T23:44:53Z,230765,2899512,1276904,1141384,481224,479882,143,49,47,47,111,5016,263.810,2617,4291,3000,0
2026-07-25T23:45:24Z,230796,2899512,1276904,1141384,481224,369290,143,49,47,47,111,5016,263.810,2631,4175,3000,0
2026-07-25T23:45:56Z,230828,2899512,1276904,1141384,481224,381578,143,49,47,47,111,5016,263.810,2777,4323,3000,0
2026-07-25T23:46:27Z,230859,2899512,1276904,1141384,481224,510602,143,49,47,47,111,5016,263.810,2553,4599,3000,0
2026-07-25T23:46:58Z,230890,2899512,1276904,1141384,481224,369290,143,49,47,47,111,5016,263.810,2667,4203,3000,0
2026-07-25T23:47:30Z,230922,2899512,1276904,1141384,481224,361098,143,49,47,47,111,5016,263.810,2781,4475,3000,0
2026-07-25T23:48:01Z,230953,2899512,1276904,1141384,481224,357002,143,49,47,47,111,5016,263.810,2783,4551,3000,0
2026-07-25T23:48:32Z,230984,2899512,1276904,1141384,481224,369290,143,49,47,47,111,5016,263.810,2613,4127,3000,0
2026-07-25T23:49:04Z,231016,2899512,1276904,1141384,481224,371338,143,49,47,47,111,5016,263.810,2623,4207,3000,0
2026-07-25T23:49:35Z,231047,2899512,1276904,1141384,481224,455306,143,49,47,47,111,5016,263.810,2843,4411,3000,0
2026-07-25T23:50:07Z,231079,2899512,1276904,1141384,481224,428682,143,49,47,47,111,5016,263.810,2605,4091,3000,0
2026-07-25T23:50:38Z,231110,2899512,1276904,1141384,481224,381578,143,49,47,47,111,5016,263.810,2635,4147,3000,0
2026-07-25T23:51:09Z,231141,2899512,1276904,1141384,481224,367242,143,49,47,47,111,5016,263.810,2823,4303,3000,0
2026-07-25T23:51:41Z,231173,2899512,1276904,1141384,481224,440970,143,49,47,47,111,5016,263.810,2623,4287,3000,0
2026-07-25T23:52:12Z,231204,2899512,1276904,1141384,481224,369290,143,49,47,47,111,5016,263.810,2731,4187,3000,0
2026-07-25T23:52:43Z,231235,2899512,1276904,1141384,481224,381578,143,49,47,47,111,5016,263.810,2741,4399,3000,0
2026-07-25T23:53:15Z,231267,2899512,1276904,1141384,481224,498314,143,49,47,47,111,5016,263.810,2627,4219,3000,0
2026-07-25T23:53:46Z,231298,2899512,1276904,1141384,481224,357002,143,49,47,47,111,5016,263.810,2657,4251,3000,0
2026-07-25T23:54:18Z,231330,2899512,1276904,1141384,481224,363146,143,49,47,47,111,5016,263.810,2623,4199,3000,0
2026-07-25T23:54:49Z,231361,2899512,1276904,1141384,481224,445066,143,49,47,47,111,5016,263.810,2809,4379,3000,0
2026-07-25T23:55:20Z,231392,2899512,1276904,1141384,481224,445066,143,49,47,47,111,5016,263.810,2619,4279,3000,0
2026-07-25T23:55:52Z,231424,2899512,1276904,1141384,481224,373386,143,49,47,47,111,5016,263.810,2783,4391,3000,0
2026-07-25T23:56:23Z,231455,2899512,1276904,1141384,481224,381578,143,49,47,47,111,5016,263.810,2805,4235,3000,0
2026-07-25T23:56:54Z,231486,2899512,1276904,1141384,481224,434826,143,49,47,47,111,5016,263.810,2607,4243,3000,0
2026-07-25T23:57:26Z,231518,2899512,1276904,1141384,481224,367242,143,49,47,47,111,5016,263.810,2629,4199,3000,0
2026-07-25T23:57:57Z,231549,2899512,1276904,1141384,481224,369290,143,49,47,47,111,5016,263.810,2793,4391,3000,0
2026-07-25T23:58:28Z,231580,2899512,1276904,1141384,481224,438922,143,49,47,47,111,5016,263.810,2649,4295,3000,0
2026-07-25T23:59:00Z,231612,2899512,1276904,1141384,481224,373386,143,49,47,47,111,5016,263.810,2721,4167,3000,0
2026-07-25T23:59:31Z,231643,2899512,1276904,1141384,481224,373386,143,49,47,47,111,5016,263.810,2669,4295,3000,0
2026-07-26T00:00:03Z,231675,2899512,1276904,1141384,481224,492170,143,49,47,47,111,5016,263.810,2643,4183,3000,0
2026-07-26T00:00:34Z,231706,2899512,1276904,1141384,481224,422538,143,49,47,47,111,5016,263.810,2603,4555,3000,0
2026-07-26T00:01:05Z,231737,2899512,1276904,1141384,481224,357002,143,49,47,47,111,5016,263.810,2675,4283,3000,0
2026-07-26T00:01:37Z,231769,2899512,1276904,1141384,481224,365194,143,49,47,47,111,5016,263.810,2683,4355,3000,0
2026-07-26T00:02:08Z,231800,2899512,1276904,1141384,481224,348810,143,49,47,47,111,5016,263.810,2583,4515,3000,0
2026-07-26T00:02:39Z,231831,2899512,1276904,1141384,481224,375434,143,49,47,47,111,5016,263.810,2631,4247,3000,0
2026-07-26T00:03:11Z,231863,2899512,1276904,1141384,481224,375434,143,49,47,47,111,5016,263.810,2669,4271,3000,0
2026-07-26T00:03:42Z,231894,2899512,1276904,1141384,481224,361098,143,49,47,47,111,5016,263.810,2755,4423,3000,0
2026-07-26T00:04:13Z,231925,2899512,1276904,1141384,481224,361098,143,49,47,47,111,5016,263.810,2661,4275,3000,0
2026-07-26T00:04:45Z,231957,2899512,1276904,1141384,481224,387722,143,49,47,47,111,5016,263.810,2627,4127,3000,0
2026-07-26T00:05:16Z,231988,2899512,1276904,1141384,481224,381578,143,49,47,47,111,5016,263.810,2767,4327,3000,0
2026-07-26T00:05:47Z,232019,2899512,1276904,1141384,481224,359050,143,49,47,47,111,5016,263.810,2595,4143,3000,0
2026-07-26T00:06:19Z,232051,2899512,1276904,1141384,481224,377482,143,49,47,47,111,5016,263.810,2647,4235,3000,0
2026-07-26T00:06:50Z,232082,2899512,1276904,1141384,481224,369290,143,49,47,47,111,5016,263.810,2673,4247,3000,0
2026-07-26T00:07:22Z,232114,2899512,1276904,1141384,481224,422538,143,49,47,47,111,5016,263.810,2707,4379,3000,0
2026-07-26T00:07:53Z,232145,2899512,1276904,1141384,481224,357002,143,49,47,47,111,5016,263.810,2623,4143,3000,0
2026-07-26T00:08:24Z,232176,2899512,1276904,1141384,481224,379530,143,49,47,47,111,5016,263.810,2661,4179,3000,0
2026-07-26T00:08:56Z,232208,2899512,1276904,1141384,481224,443019,143,49,47,47,111,5016,263.810,2659,4491,3000,0
2026-07-26T00:09:27Z,232239,2899512,1276904,1141384,481224,371339,143,49,47,47,111,5016,263.810,2615,4139,3000,0
2026-07-26T00:09:58Z,232270,2899512,1276904,1141384,481224,369291,143,49,47,47,111,5016,263.810,2667,4195,3000,0
2026-07-26T00:10:30Z,232302,2899512,1276904,1141384,481224,381579,143,49,47,47,111,5016,263.810,2705,4299,3000,0
2026-07-26T00:11:01Z,232333,2899512,1276904,1141384,481224,379531,143,49,47,47,111,5016,263.810,2607,4495,3000,0
2026-07-26T00:11:32Z,232364,2899512,1276904,1141384,481224,379531,143,49,47,47,111,5016,263.810,2621,4231,3000,0
2026-07-26T00:12:04Z,232396,2899512,1276904,1141384,481224,375435,143,49,47,47,111,5016,263.810,2711,4323,3000,0
2026-07-26T00:12:35Z,232427,2899512,1276904,1141384,481224,369291,143,49,47,47,111,5016,263.810,2589,4127,3000,0
2026-07-26T00:13:06Z,232458,2899512,1276904,1141384,481224,365195,143,49,47,47,111,5016,263.810,2621,4291,3000,0
2026-07-26T00:13:38Z,232490,2899512,1276904,1141384,481224,371339,143,49,47,47,111,5016,263.810,2661,4251,3000,0
2026-07-26T00:14:09Z,232521,2899512,1276904,1141384,481224,506507,143,49,47,47,111,5016,263.810,2817,4371,3000,0
2026-07-26T00:14:40Z,232552,2899512,1276904,1141384,481224,373387,143,49,47,47,111,5016,263.810,2741,4195,3000,0
2026-07-26T00:15:12Z,232584,2899512,1276904,1141384,481224,363147,143,49,47,47,111,5016,263.810,2681,4179,3000,0
2026-07-26T00:15:43Z,232615,2899512,1276904,1141384,481224,438923,143,49,47,47,111,5016,263.810,2645,4787,3000,0
2026-07-26T00:16:14Z,232646,2899512,1276904,1141384,481224,361099,143,49,47,47,111,5016,263.810,2591,4035,3000,0
2026-07-26T00:16:46Z,232678,2899520,1276904,1141392,481224,361099,143,49,47,47,111,5016,263.810,2661,4267,3000,0
2026-07-26T00:17:17Z,232709,2899520,1276904,1141392,481224,379534,143,49,47,47,111,5016,263.810,2787,4503,3000,0
2026-07-26T00:17:48Z,232740,2899520,1276904,1141392,481224,443022,143,49,47,47,111,5016,263.810,2553,4163,3000,0
2026-07-26T00:18:20Z,232772,2899520,1276904,1141392,481224,377486,143,49,47,47,111,5016,263.810,2649,4159,3000,0
2026-07-26T00:18:51Z,232803,2899520,1276904,1141392,481224,379534,143,49,47,47,111,5016,263.810,2661,4139,3000,0
2026-07-26T00:19:22Z,232834,2899524,1276904,1141396,481224,445075,143,49,47,47,111,5016,263.810,2601,4291,3000,0
2026-07-26T00:19:54Z,232866,2899524,1276904,1141396,481224,369299,143,49,47,47,111,5016,263.810,2601,4183,3000,0
2026-07-26T00:20:25Z,232897,2899524,1276904,1141396,481224,367251,143,49,47,47,111,5016,263.810,2629,4367,3000,0
2026-07-26T00:20:57Z,232929,2899524,1276904,1141396,481224,506515,143,49,47,47,111,5016,263.810,2767,4259,3000,0
2026-07-26T00:21:28Z,232960,2899524,1276904,1141396,481224,361107,143,49,47,47,111,5016,263.810,2599,4115,3000,0
2026-07-26T00:21:59Z,232991,2899524,1276904,1141396,481224,367251,143,49,47,47,111,5016,263.810,2609,4123,3000,0
2026-07-26T00:22:31Z,233023,2899524,1276904,1141396,481224,377491,143,49,47,47,111,5016,263.810,2659,4603,3000,0
2026-07-26T00:23:02Z,233054,2899524,1276904,1141396,481224,434835,143,49,47,47,111,5016,263.810,2681,4235,3000,0
2026-07-26T00:23:33Z,233085,2899524,1276904,1141396,481224,363155,143,49,47,47,111,5016,263.810,2623,4187,3000,0
2026-07-26T00:24:05Z,233117,2899524,1276904,1141396,481224,373395,143,49,47,47,111,5016,263.810,2649,4319,3000,0
2026-07-26T00:24:36Z,233148,2899524,1276904,1141396,481224,367251,143,49,47,47,111,5016,263.810,2593,4135,3000,0
2026-07-26T00:25:07Z,233179,2899524,1276904,1141396,481224,365203,143,49,47,47,111,5016,263.810,2715,4083,3000,0
2026-07-26T00:25:39Z,233211,2899524,1276904,1141396,481224,377491,143,49,47,47,111,5016,263.810,2657,4323,3000,0
2026-07-26T00:26:10Z,233242,2899524,1276904,1141396,481224,453267,143,49,47,47,111,5016,263.810,2805,4319,3000,0
2026-07-26T00:26:41Z,233273,2899524,1276904,1141396,481224,438931,143,49,47,47,111,5016,263.810,2587,4107,3000,0
2026-07-26T00:27:13Z,233305,2899524,1276904,1141396,481224,363155,143,49,47,47,111,5016,263.810,2629,4207,3000,0
2026-07-26T00:27:44Z,233336,2899524,1276904,1141396,481224,373395,143,49,47,47,111,5016,263.810,2677,4259,3000,0
2026-07-26T00:28:15Z,233367,2899524,1276904,1141396,481224,434835,143,49,47,47,111,5016,263.810,2605,4179,3000,0
2026-07-26T00:28:47Z,233399,2899524,1276904,1141396,481224,359059,143,49,47,47,111,5016,263.810,2633,4167,3000,0
2026-07-26T00:29:18Z,233430,2899524,1276904,1141396,481224,377491,143,49,47,47,111,5016,263.810,2771,4395,3000,0
2026-07-26T00:29:50Z,233462,2899524,1276904,1141396,481224,352915,143,49,47,47,111,5016,263.810,2615,4343,3000,0
2026-07-26T00:30:21Z,233493,2899524,1276904,1141396,481224,365203,143,49,47,47,111,5016,263.810,2719,4323,3000,0
2026-07-26T00:30:52Z,233524,2899524,1276904,1141396,481224,375443,143,49,47,47,111,5016,263.810,2673,4275,3000,0
2026-07-26T00:31:24Z,233556,2899524,1276904,1141396,481224,381587,143,49,47,47,111,5016,263.810,2735,4179,3000,0
2026-07-26T00:31:55Z,233587,2899524,1276904,1141396,481224,369299,143,49,47,47,111,5016,263.810,2697,4411,3000,0
2026-07-26T00:32:26Z,233618,2899524,1276904,1141396,481224,361107,143,49,47,47,111,5016,263.810,2639,4251,3000,0
2026-07-26T00:32:58Z,233650,2899524,1276904,1141396,481224,379539,143,49,47,47,111,5016,263.810,2725,4199,3000,0
2026-07-26T00:33:29Z,233681,2899524,1276904,1141396,481224,361107,143,49,47,47,111,5016,263.810,2575,4651,3000,0
2026-07-26T00:34:00Z,233712,2899524,1276904,1141396,481224,375443,143,49,47,47,111,5016,263.810,2581,4179,3000,0
2026-07-26T00:34:32Z,233744,2899524,1276904,1141396,481224,371347,143,49,47,47,111,5016,263.810,2649,4631,3000,0
2026-07-26T00:35:03Z,233775,2899524,1276904,1141396,481224,430739,143,49,47,47,111,5016,263.810,2735,4335,3000,0
2026-07-26T00:35:34Z,233806,2899524,1276904,1141396,481224,363155,143,49,47,47,111,5016,263.810,2595,4195,3000,0
2026-07-26T00:36:06Z,233838,2899524,1276904,1141396,481224,363155,143,49,47,47,111,5016,263.810,2647,4415,3000,0
2026-07-26T00:36:37Z,233869,2899528,1276904,1141400,481224,367251,143,49,47,47,111,5016,263.810,2663,4291,3000,0
2026-07-26T00:37:08Z,233900,2899528,1276904,1141400,481224,363155,143,49,47,47,111,5016,263.810,2679,4251,3000,0
2026-07-26T00:37:40Z,233932,2899528,1276904,1141400,481224,367251,143,49,47,47,111,5016,263.810,2723,4383,3000,0
2026-07-26T00:38:11Z,233963,2899528,1276904,1141400,481224,389779,143,49,47,47,111,5016,263.810,2657,4319,3000,0
2026-07-26T00:38:42Z,233994,2899528,1276904,1141400,481224,369299,143,49,47,47,111,5016,263.810,2567,4203,3000,0
2026-07-26T00:39:14Z,234026,2899528,1276904,1141400,481224,373395,143,49,47,47,111,5016,263.810,2611,4111,3000,0
2026-07-26T00:39:45Z,234057,2899528,1276904,1141400,481224,383635,143,49,47,47,111,5016,263.810,2685,4231,3000,0
2026-07-26T00:40:16Z,234088,2899528,1276904,1141400,481224,369299,143,49,47,47,111,5016,263.810,2613,4227,3000,0
2026-07-26T00:40:48Z,234120,2899528,1276904,1141400,481224,373395,143,49,47,47,111,5016,263.810,2623,4279,3000,0
2026-07-26T00:41:19Z,234151,2899528,1276904,1141400,481224,373395,143,49,47,47,111,5016,263.810,2781,4355,3000,0
2026-07-26T00:41:51Z,234183,2899528,1276904,1141400,481224,424595,143,49,47,47,111,5016,263.810,2651,4271,3000,0
2026-07-26T00:42:22Z,234214,2899528,1276904,1141400,481224,352915,143,49,47,47,111,5016,263.810,2589,4027,3000,0
2026-07-26T00:42:53Z,234245,2899528,1276904,1141400,481224,367251,143,49,47,47,111,5016,263.810,2621,4283,3000,0
2026-07-26T00:43:25Z,234277,2899528,1276904,1141400,481224,375443,143,49,47,47,111,5016,263.810,2735,4299,3000,0
2026-07-26T00:43:56Z,234308,2899528,1276904,1141400,481224,367251,143,49,47,47,111,5016,263.810,2585,4423,3000,0
2026-07-26T00:44:27Z,234339,2899528,1276904,1141400,481224,361107,143,49,47,47,111,5016,263.810,2669,4191,3000,0
2026-07-26T00:44:59Z,234371,2899528,1276904,1141400,481224,389779,143,49,47,47,111,5016,263.810,2695,4555,3000,0
2026-07-26T00:45:30Z,234402,2899528,1276904,1141400,481224,377491,143,49,47,47,111,5016,263.810,2635,4263,3000,0
2026-07-26T00:46:01Z,234433,2899528,1276904,1141400,481224,379539,143,49,47,47,111,5016,263.810,2637,4175,3000,0
2026-07-26T00:46:33Z,234465,2899528,1276904,1141400,481224,371347,143,49,47,47,111,5016,263.810,2649,4239,3000,0
2026-07-26T00:47:04Z,234496,2899528,1276904,1141400,481224,365203,143,49,47,47,111,5016,263.810,2663,4735,3000,0
2026-07-26T00:47:35Z,234527,2899528,1276904,1141400,481224,354963,143,49,47,47,111,5016,263.810,2617,4067,3000,0
2026-07-26T00:48:07Z,234559,2899528,1276904,1141400,481224,383635,143,49,47,47,111,5016,263.810,2663,4371,3000,0
2026-07-26T00:48:38Z,234590,2899528,1276904,1141400,481224,381587,143,49,47,47,111,5016,263.810,2669,4463,3000,0
2026-07-26T00:49:10Z,234622,2899528,1276904,1141400,481224,432787,143,49,47,47,111,5016,263.810,2661,4211,3000,0
2026-07-26T00:49:41Z,234653,2899528,1276904,1141400,481224,361107,143,49,47,47,111,5016,263.810,2743,4167,3000,0
2026-07-26T00:50:12Z,234684,2899528,1276904,1141400,481224,373395,143,49,47,47,111,5016,263.810,2733,4263,3000,0
2026-07-26T00:50:44Z,234716,2899528,1276904,1141400,481224,363155,143,49,47,47,111,5016,263.810,2737,4503,3000,0
2026-07-26T00:51:15Z,234747,2899528,1276904,1141400,481224,367251,143,49,47,47,111,5016,263.810,2645,4147,3000,0
2026-07-26T00:51:46Z,234778,2899528,1276904,1141400,481224,371347,143,49,47,47,111,5016,263.810,2771,4239,3000,0
2026-07-26T00:52:18Z,234810,2899528,1276904,1141400,481224,371347,143,49,47,47,111,5016,263.810,2675,4327,3000,0
2026-07-26T00:52:49Z,234841,2899528,1276904,1141400,481224,371347,143,49,47,47,111,5016,263.810,2697,4147,3000,0
2026-07-26T00:53:20Z,234872,2899528,1276904,1141400,481224,381587,143,49,47,47,111,5016,263.810,2653,4123,3000,0
2026-07-26T00:53:52Z,234904,2899528,1276904,1141400,481224,389779,143,49,47,47,111,5016,263.810,2623,4467,3000,0
2026-07-26T00:54:23Z,234935,2899528,1276904,1141400,481224,438931,143,49,47,47,111,5016,263.810,2563,4139,3000,0
2026-07-26T00:54:54Z,234966,2899528,1276904,1141400,481224,375443,143,49,47,47,111,5016,263.810,2607,4419,3000,0
2026-07-26T00:55:26Z,234998,2899528,1276904,1141400,481224,365203,143,49,47,47,111,5016,263.810,2683,4327,3000,0
2026-07-26T00:55:57Z,235029,2899528,1276904,1141400,481224,352915,143,49,47,47,111,5016,263.810,2639,4247,3000,0
2026-07-26T00:56:29Z,235061,2899528,1276904,1141400,481224,379539,143,49,47,47,111,5016,263.810,2619,4123,3000,0
2026-07-26T00:57:00Z,235092,2899528,1276904,1141400,481224,375443,143,49,47,47,111,5016,263.810,2649,4195,3000,0
2026-07-26T00:57:31Z,235123,2899528,1276904,1141400,481224,361107,143,49,47,47,111,5016,263.810,2683,4231,3000,0
2026-07-26T00:58:03Z,235155,2899528,1276904,1141400,481224,365203,143,49,47,47,111,5016,263.810,2591,3925,3000,0
2026-07-26T00:58:34Z,235186,2899528,1276904,1141400,481224,367251,143,49,47,47,111,5016,263.810,2609,4263,3000,0
2026-07-26T00:59:05Z,235217,2899528,1276904,1141400,481224,369299,143,49,47,47,111,5016,263.810,2625,4247,3000,0
2026-07-26T00:59:37Z,235249,2899528,1276904,1141400,481224,369299,143,49,47,47,111,5016,263.810,2573,4203,3000,0
2026-07-26T01:00:08Z,235280,2899528,1276904,1141400,481224,361107,143,49,47,47,111,5016,263.810,2751,4239,3000,0
2026-07-26T01:00:39Z,235311,2899528,1276904,1141400,481224,387731,143,49,47,47,111,5016,263.810,2643,4155,3000,0
2026-07-26T01:01:11Z,235343,2899528,1276904,1141400,481224,424595,143,49,47,47,111,5016,263.810,2669,4347,3000,0
2026-07-26T01:01:42Z,235374,2899528,1276904,1141400,481224,363155,143,49,47,47,111,5016,263.810,2617,4231,3000,0
2026-07-26T01:02:13Z,235405,2899528,1276904,1141400,481224,361107,143,49,47,47,111,5016,263.810,2741,4331,3000,0
2026-07-26T01:02:45Z,235437,2899528,1276904,1141400,481224,359059,143,49,47,47,111,5016,263.810,2745,4211,3000,0
2026-07-26T01:03:16Z,235468,2899528,1276904,1141400,481224,354963,143,49,47,47,111,5016,263.810,2613,4155,3000,0
2026-07-26T01:03:48Z,235500,2899528,1276904,1141400,481224,363155,143,49,47,47,111,5016,263.810,2659,4259,3000,0
2026-07-26T01:04:19Z,235531,2899528,1276904,1141400,481224,381587,143,49,47,47,111,5016,263.810,2693,4275,3000,0
2026-07-26T01:04:50Z,235562,2899532,1276904,1141404,481224,359059,143,49,47,47,111,5016,263.810,2573,4479,3000,0
2026-07-26T01:05:22Z,235594,2899532,1276904,1141404,481224,369299,143,49,47,47,111,5016,263.810,2639,4451,3000,0
2026-07-26T01:05:53Z,235625,2899532,1276904,1141404,481224,369299,143,49,47,47,111,5016,263.810,2685,4287,3000,0
2026-07-26T01:06:24Z,235656,2899532,1276904,1141404,481224,359059,143,49,47,47,111,5016,263.810,2585,4171,3000,0
2026-07-26T01:06:56Z,235688,2899532,1276904,1141404,481224,371347,143,49,47,47,111,5016,263.810,2711,4243,3000,0
2026-07-26T01:07:27Z,235719,2899532,1276904,1141404,481224,373395,143,49,47,47,111,5016,263.810,2693,4155,3000,0
2026-07-26T01:07:58Z,235750,2899532,1276904,1141404,481224,500371,143,49,47,47,111,5016,263.810,2685,4323,3000,0
2026-07-26T01:08:30Z,235782,2899532,1276904,1141404,481224,363155,143,49,47,47,111,5016,263.810,2591,4183,3000,0
2026-07-26T01:09:01Z,235813,2899532,1276904,1141404,481224,363155,143,49,47,47,111,5016,263.810,2629,4013,3000,0
2026-07-26T01:09:33Z,235845,2899532,1276904,1141404,481224,363155,143,49,47,47,111,5016,263.810,2825,4359,3000,0
2026-07-26T01:10:04Z,235876,2899532,1276904,1141404,481224,426643,143,49,47,47,111,5016,263.810,2717,4283,3000,0
2026-07-26T01:10:35Z,235907,2899532,1276904,1141404,481224,373395,143,49,47,47,111,5016,263.810,2627,4219,3000,0
2026-07-26T01:11:07Z,235939,2899532,1276904,1141404,481224,375443,143,49,47,47,111,5016,263.810,2671,4503,3000,0
2026-07-26T01:11:38Z,235970,2899532,1276904,1141404,481224,357011,143,49,47,47,111,5016,263.810,2603,4247,3000,0
2026-07-26T01:12:09Z,236001,2899532,1276904,1141404,481224,363155,143,49,47,47,111,5016,263.810,2713,4307,3000,0
2026-07-26T01:12:41Z,236033,2899532,1276904,1141404,481224,363155,143,49,47,47,111,5016,263.810,2651,4247,3000,0
2026-07-26T01:13:12Z,236064,2899532,1276904,1141404,481224,367251,143,49,47,47,111,5016,263.810,2753,4391,3000,0
2026-07-26T01:13:43Z,236095,2899532,1276904,1141404,481224,367251,143,49,47,47,111,5016,263.810,2583,4115,3000,0
2026-07-26T01:14:15Z,236127,2899532,1276904,1141404,481224,371347,143,49,47,47,111,5016,263.810,2619,4167,3000,0
2026-07-26T01:14:46Z,236158,2899532,1276904,1141404,481224,385683,143,49,47,47,111,5016,263.810,2785,4435,3000,0
2026-07-26T01:15:17Z,236189,2899532,1276904,1141404,481224,422547,143,49,47,47,111,5016,263.810,2709,4231,3000,0
2026-07-26T01:15:49Z,236221,2899532,1276904,1141404,481224,363155,143,49,47,47,111,5016,263.810,2669,4243,3000,0
2026-07-26T01:16:20Z,236252,2899532,1276904,1141404,481224,359059,143,49,47,47,111,5016,263.810,2683,4747,3000,0
2026-07-26T01:16:51Z,236283,2899532,1276904,1141404,481224,432787,143,49,47,47,111,5016,263.810,2713,4351,3000,0
2026-07-26T01:17:23Z,236315,2899532,1276904,1141404,481224,361107,143,49,47,47,111,5016,263.810,2613,4183,3000,0
2026-07-26T01:17:54Z,236346,2899532,1276904,1141404,481224,375443,143,49,47,47,111,5016,263.810,2671,4143,3000,0
2026-07-26T01:18:26Z,236378,2899532,1276904,1141404,481224,389779,143,49,47,47,111,5016,263.810,2625,4471,3000,0
2026-07-26T01:18:57Z,236409,2899532,1276904,1141404,481224,369299,143,49,47,47,111,5016,263.810,2563,4027,3000,0
2026-07-26T01:19:28Z,236440,2899532,1276904,1141404,481224,379539,143,49,47,47,111,5016,263.810,2695,4207,3000,0
2026-07-26T01:20:00Z,236472,2899532,1276904,1141404,481224,375443,143,49,47,47,111,5016,263.810,2637,4379,3000,0
2026-07-26T01:20:31Z,236503,2899596,1276904,1141468,481224,365203,143,49,47,47,111,5016,263.810,2573,4375,3000,0
2026-07-26T01:21:02Z,236534,2899596,1276904,1141468,481224,375443,143,49,47,47,111,5016,263.810,2627,4307,3000,0
2026-07-26T01:21:34Z,236566,2899596,1276904,1141468,481224,383635,143,49,47,47,111,5016,263.810,2759,4435,3000,0
2026-07-26T01:22:05Z,236597,2899596,1276904,1141468,481224,432787,143,49,47,47,111,5016,263.810,2623,4479,3000,0
2026-07-26T01:22:36Z,236628,2899596,1276904,1141468,481224,348819,143,49,47,47,111,5016,263.810,2601,4199,3000,0
2026-07-26T01:23:08Z,236660,2899596,1276904,1141468,481224,363155,143,49,47,47,111,5016,263.810,2647,4331,3000,0
2026-07-26T01:23:39Z,236691,2899596,1276904,1141468,481224,354963,143,49,47,47,111,5016,263.810,2651,4291,3000,0
2026-07-26T01:24:10Z,236722,2899596,1276904,1141468,481224,379539,143,49,47,47,111,5016,263.810,2629,4379,3000,0
2026-07-26T01:24:42Z,236754,2899596,1276904,1141468,481224,377491,143,49,47,47,111,5016,263.810,2653,4159,3000,0
2026-07-26T01:25:13Z,236785,2899596,1276904,1141468,481224,373395,143,49,47,47,111,5016,263.810,2793,4371,3000,0
2026-07-26T01:25:44Z,236816,2899596,1276904,1141468,481224,443027,143,49,47,47,111,5016,263.810,2579,4151,3000,0
2026-07-26T01:26:16Z,236848,2899596,1276904,1141468,481224,373395,143,49,47,47,111,5016,263.810,2633,4151,3000,0
2026-07-26T01:26:47Z,236879,2899608,1276904,1141480,481224,371347,143,49,47,47,111,5016,263.810,2677,4223,3000,0
2026-07-26T01:27:18Z,236910,2899608,1276904,1141480,481224,455315,143,49,47,47,111,5016,263.810,2745,4267,3000,0
2026-07-26T01:27:50Z,236942,2899608,1276904,1141480,481224,375443,143,49,47,47,111,5016,263.810,2627,4175,3000,0
2026-07-26T01:28:21Z,236973,2899608,1276904,1141480,481224,375443,143,49,47,47,111,5016,263.810,2781,4255,3000,0
2026-07-26T01:28:52Z,237004,2899608,1276904,1141480,481224,498323,143,49,47,47,111,5016,263.810,2655,4183,3000,0
2026-07-26T01:29:24Z,237036,2899608,1276904,1141480,481224,369299,143,49,47,47,111,5016,263.810,2575,4055,3000,0
2026-07-26T01:29:55Z,237067,2899608,1276904,1141480,481224,373395,143,49,47,47,111,5016,263.810,2621,4211,3000,0
2026-07-26T01:30:26Z,237098,2899608,1276904,1141480,481224,373395,143,49,47,47,111,5016,263.810,2691,4267,3000,0
2026-07-26T01:30:58Z,237130,2899608,1276904,1141480,481224,432787,143,49,47,47,111,5016,263.810,2573,4175,3000,0
2026-07-26T01:31:29Z,237161,2899608,1276904,1141480,481224,365203,143,49,47,47,111,5016,263.810,2635,4095,3000,0
2026-07-26T01:32:01Z,237193,2899608,1276904,1141480,481224,367251,143,49,47,47,111,5016,263.810,2663,4507,3000,0
2026-07-26T01:32:32Z,237224,2899608,1276904,1141480,481224,373395,143,49,47,47,111,5016,263.810,2637,4351,3000,0
2026-07-26T01:33:03Z,237255,2899608,1276904,1141480,481224,381587,143,49,47,47,111,5016,263.810,2621,4171,3000,0
2026-07-26T01:33:35Z,237287,2899608,1276904,1141480,481224,379539,143,49,47,47,111,5016,263.810,2657,4247,3000,0
2026-07-26T01:34:06Z,237318,2899608,1276904,1141480,481224,438931,143,49,47,47,111,5016,263.810,2743,4359,3000,0
2026-07-26T01:34:37Z,237349,2899608,1276904,1141480,481224,371347,143,49,47,47,111,5016,263.810,2631,4175,3000,0
2026-07-26T01:35:09Z,237381,2899608,1276904,1141480,481224,373395,143,49,47,47,111,5016,263.810,2671,4143,3000,0
2026-07-26T01:35:40Z,237412,2899608,1276904,1141480,481224,389779,143,49,47,47,111,5016,263.810,2821,4347,3000,0
2026-07-26T01:36:11Z,237443,2899608,1276904,1141480,481224,506516,143,49,47,47,111,5016,263.810,2613,4227,3000,0
2026-07-26T01:36:43Z,237475,2899608,1276904,1141480,481224,363156,143,49,47,47,111,5016,263.810,2649,4103,3000,0
2026-07-26T01:37:14Z,237506,2899608,1276904,1141480,481224,377492,143,49,47,47,111,5016,263.810,2675,4207,3000,0
2026-07-26T01:37:45Z,237537,2899608,1276904,1141480,481224,363157,143,49,47,47,111,5016,263.810,2703,4351,3000,0
2026-07-26T01:38:17Z,237569,2899608,1276904,1141480,481224,369301,143,49,47,47,111,5016,263.810,2721,4211,3000,0
2026-07-26T01:38:48Z,237600,2899608,1276904,1141480,481224,381589,143,49,47,47,111,5016,263.810,2779,4207,3000,0
2026-07-26T01:39:20Z,237632,2899608,1276904,1141480,481224,434837,143,49,47,47,111,5016,263.810,2773,4375,3000,0
2026-07-26T01:39:51Z,237663,2899608,1276904,1141480,481224,365205,143,49,47,47,111,5016,263.810,2593,4255,3000,0
2026-07-26T01:40:22Z,237694,2899608,1276904,1141480,481224,371349,143,49,47,47,111,5016,263.810,2643,4187,3000,0
2026-07-26T01:40:54Z,237726,2899608,1276904,1141480,481224,369301,143,49,47,47,111,5016,263.810,2691,4355,3000,0
2026-07-26T01:41:25Z,237757,2899608,1276904,1141480,481224,426645,143,49,47,47,111,5016,263.810,2587,4123,3000,0
2026-07-26T01:41:56Z,237788,2899608,1276904,1141480,481224,357013,143,49,47,47,111,5016,263.810,2631,4327,3000,0
2026-07-26T01:42:28Z,237820,2899608,1276904,1141480,481224,381589,143,49,47,47,111,5016,263.810,2669,4331,3000,0
2026-07-26T01:42:59Z,237851,2899608,1276904,1141480,481224,492181,143,49,47,47,111,5016,263.810,2607,4267,3000,0
2026-07-26T01:43:30Z,237882,2899608,1276904,1141480,481224,361109,143,49,47,47,111,5016,263.810,2691,4183,3000,0
2026-07-26T01:44:02Z,237914,2899608,1276904,1141480,481224,367253,143,49,47,47,111,5016,263.810,2675,4339,3000,0
2026-07-26T01:44:33Z,237945,2899608,1276904,1141480,481224,449173,143,49,47,47,111,5016,263.810,2683,4267,3000,0
2026-07-26T01:45:04Z,237976,2899608,1276904,1141480,481224,387733,143,49,47,47,111,5016,263.810,2713,4191,3000,0
2026-07-26T01:45:36Z,238008,2899608,1276904,1141480,481224,377493,143,49,47,47,111,5016,263.810,2697,4179,3000,0
2026-07-26T01:46:07Z,238039,2899608,1276904,1141480,481224,367253,143,49,47,47,111,5016,263.810,2703,4351,3000,0
2026-07-26T01:46:39Z,238071,2899612,1276904,1141484,481224,436886,143,49,47,47,111,5016,263.810,2705,4267,3000,0
2026-07-26T01:47:10Z,238102,2899612,1276904,1141484,481224,371350,143,49,47,47,111,5016,263.810,2645,4211,3000,0
2026-07-26T01:47:41Z,238133,2899612,1276904,1141484,481224,375446,143,49,47,47,111,5016,263.810,2811,4359,3000,0
2026-07-26T01:48:13Z,238165,2899612,1276904,1141484,481224,359062,143,49,47,47,111,5016,263.810,2677,4147,3000,0
2026-07-26T01:48:44Z,238196,2899612,1276904,1141484,481224,373398,143,49,47,47,111,5016,263.810,2737,4247,3000,0
2026-07-26T01:49:15Z,238227,2899612,1276904,1141484,481224,377494,143,49,47,47,111,5016,263.810,2661,4127,3000,0
2026-07-26T01:49:47Z,238259,2899612,1276904,1141484,481224,426646,143,49,47,47,111,5016,263.810,2709,4411,3000,0
2026-07-26T01:50:18Z,238290,2899612,1276904,1141484,481224,363158,143,49,47,47,111,5016,263.810,2591,4223,3000,0
2026-07-26T01:50:49Z,238321,2899612,1276904,1141484,481224,373398,143,49,47,47,111,5016,263.810,2697,4283,3000,0
2026-07-26T01:51:21Z,238353,2899612,1276904,1141484,481224,371350,143,49,47,47,111,5016,263.810,2763,4339,3000,0
2026-07-26T01:51:52Z,238384,2899612,1276904,1141484,481224,440985,143,49,47,47,111,5016,263.810,2567,4223,3000,0
2026-07-26T01:52:23Z,238415,2899612,1276904,1141484,481224,367257,143,49,47,47,111,5016,263.810,2717,4447,3000,0
2026-07-26T01:52:55Z,238447,2899612,1276904,1141484,481224,369305,143,49,47,47,111,5016,263.810,2689,4295,3000,0
2026-07-26T01:53:26Z,238478,2899612,1276904,1141484,481224,434841,143,49,47,47,111,5016,263.810,2649,4287,3000,0
2026-07-26T01:53:57Z,238509,2899616,1276904,1141484,481228,375449,143,49,47,47,111,5016,263.810,2611,4171,3000,0
2026-07-26T01:54:29Z,238541,2899616,1276904,1141484,481228,373401,143,49,47,47,111,5016,263.810,2655,4175,3000,0
2026-07-26T01:55:00Z,238572,2899616,1276904,1141484,481228,449177,143,49,47,47,111,5016,263.810,2735,4219,3000,0
2026-07-26T01:55:32Z,238604,2899616,1276904,1141484,481228,383641,143,49,47,47,111,5016,263.810,2629,4115,3000,0
2026-07-26T01:56:03Z,238635,2899616,1276904,1141484,481228,371353,143,49,47,47,111,5016,263.810,2719,4195,3000,0
2026-07-26T01:56:34Z,238666,2899616,1276904,1141484,481228,373401,143,49,47,47,111,5016,263.810,2699,4355,3000,0
2026-07-26T01:57:06Z,238698,2899616,1276904,1141484,481228,500377,143,49,47,47,111,5016,263.810,2573,4295,3000,0
2026-07-26T01:57:37Z,238729,2899616,1276904,1141484,481228,369305,143,49,47,47,111,5016,263.810,2595,4263,3000,0
2026-07-26T01:58:08Z,238760,2899616,1276904,1141484,481228,383641,143,49,47,47,111,5016,263.810,2623,4223,3000,0
2026-07-26T01:58:40Z,238792,2899616,1276904,1141484,481228,367257,143,49,47,47,111,5016,263.810,2763,4371,3000,0
2026-07-26T01:59:11Z,238823,2899616,1276904,1141484,481228,373401,143,49,47,47,111,5016,263.810,2713,4171,3000,0
2026-07-26T01:59:42Z,238854,2899616,1276904,1141484,481228,379545,143,49,47,47,111,5016,263.810,2759,4275,3000,0
2026-07-26T02:00:14Z,238886,2899616,1276904,1141484,481228,453273,143,49,47,47,111,5016,263.810,2731,4323,3000,0
2026-07-26T02:00:45Z,238917,2899616,1276904,1141484,481228,361113,143,49,47,47,111,5016,263.810,2663,4207,3000,0
2026-07-26T02:01:16Z,238948,2899616,1276904,1141484,481228,365209,143,49,47,47,111,5016,263.810,2635,4215,3000,0
2026-07-26T02:01:48Z,238980,2899616,1276904,1141484,481228,381593,143,49,47,47,111,5016,263.810,2673,4239,3000,0
2026-07-26T02:02:19Z,239011,1758132,1276904,0,481228,325060,92,47,0,45,75,5016,263.810,2491,4407,3000,0
2026-07-26T02:02:51Z,239043,2055872,1276904,297736,481232,352491,143,49,47,47,113,5016,263.810,2675,6535,3000,0
2026-07-26T02:03:22Z,239074,2118760,1276904,360552,481304,338412,143,49,47,47,113,5016,263.810,2717,5855,3000,0
2026-07-26T02:03:53Z,239105,2210808,1276904,452656,481248,438814,143,49,47,47,111,5016,263.810,2699,4439,3000,0
2026-07-26T02:04:25Z,239137,2218916,1276904,460764,481248,383514,143,49,47,47,111,5016,263.810,2595,4343,3000,0
2026-07-26T02:04:56Z,239168,2222624,1276904,464472,481248,391706,143,49,47,47,111,5016,263.810,2673,4275,3000,0
2026-07-26T02:05:27Z,239199,2226348,1276904,468196,481248,389673,143,49,47,47,111,5016,263.810,2639,4575,3000,0
2026-07-26T02:05:59Z,239231,2226416,1276904,468200,481312,383534,143,49,47,47,111,5016,263.810,2617,4235,3000,0
2026-07-26T02:06:30Z,239262,2226544,1276904,468328,481312,387632,143,49,47,47,111,5016,263.810,2643,4307,3000,0
2026-07-26T02:07:02Z,239294,2227928,1276904,469712,481312,383540,143,49,47,47,111,5016,263.810,2671,4359,3000,0
2026-07-26T02:07:33Z,239325,2228240,1276904,470024,481312,363068,143,49,47,47,111,5016,263.810,2659,4443,3000,0
2026-07-26T02:08:04Z,239356,2228248,1276904,470032,481312,367166,143,49,47,47,111,5016,263.810,2735,4423,3000,0
2026-07-26T02:08:36Z,239388,2228396,1276904,470180,481312,381505,143,49,47,47,111,5016,263.810,2747,4339,3000,0
2026-07-26T02:09:07Z,239419,2228492,1276904,470276,481312,440897,143,49,47,47,111,5016,263.810,2735,4607,3000,0
2026-07-26T02:09:38Z,239450,2228492,1276904,470276,481312,371271,143,49,47,47,111,5016,263.810,2587,4411,3000,0
2026-07-26T02:10:10Z,239482,2228492,1276904,470276,481312,387655,143,49,47,47,111,5016,263.810,2681,4179,3000,0
2026-07-26T02:10:41Z,239513,2228496,1276904,470280,481312,463432,143,49,47,47,111,5016,263.810,2767,4327,3000,0
2026-07-26T02:11:12Z,239544,2228496,1276904,470280,481312,381513,143,49,47,47,111,5016,263.810,2591,4275,3000,0
2026-07-26T02:11:44Z,239576,2228536,1276904,470320,481312,389707,143,49,47,47,111,5016,263.810,2645,4051,3000,0
2026-07-26T02:12:15Z,239607,2228576,1276904,470360,481312,399947,143,49,47,47,111,5016,263.810,2673,4415,3000,0
2026-07-26T02:12:47Z,239639,2228604,1276904,470388,481312,381515,143,49,47,47,111,5016,263.810,2585,4231,3000,0
2026-07-26T02:13:18Z,239670,2228604,1276904,470388,481312,391755,143,49,47,47,111,5016,263.810,2791,4395,3000,0
2026-07-26T02:13:49Z,239701,2228604,1276904,470388,481312,385611,143,49,47,47,111,5016,263.810,2673,4271,3000,0
2026-07-26T02:14:21Z,239733,2228604,1276904,470388,481312,438860,143,49,47,47,111,5016,263.810,2659,4259,3000,0
2026-07-26T02:14:52Z,239764,2228604,1276904,470388,481312,383565,143,49,47,47,111,5016,263.810,2687,4195,3000,0
2026-07-26T02:15:23Z,239795,2228604,1276904,470388,481312,379469,143,49,47,47,111,5016,263.810,2693,4195,3000,0
2026-07-26T02:15:55Z,239827,2228656,1276904,470440,481312,358989,143,49,47,47,111,5016,263.810,2761,4327,3000,0
2026-07-26T02:16:26Z,239858,2228656,1276904,470440,481312,373325,143,49,47,47,111,5016,263.810,2781,4271,3000,0
2026-07-26T02:16:57Z,239889,2228656,1276904,470440,481312,381521,143,49,47,47,111,5016,263.810,2791,4275,3000,0
2026-07-26T02:17:29Z,239921,2228656,1276904,470440,481312,381521,143,49,47,47,111,5016,263.810,2755,4447,3000,0
2026-07-26T02:18:00Z,239952,2228656,1276904,470440,481312,432722,143,49,47,47,111,5016,263.810,2635,4303,3000,0
2026-07-26T02:18:31Z,239983,2228656,1276904,470440,481312,375378,143,49,47,47,111,5016,263.810,2585,4275,3000,0
2026-07-26T02:19:03Z,240015,2230552,1276904,472336,481312,377368,143,49,47,47,111,5016,263.810,2701,4307,3000,0
2026-07-26T02:19:34Z,240046,2230940,1276904,472724,481312,442904,143,49,47,47,111,5016,263.810,2827,4283,3000,0
2026-07-26T02:20:06Z,240078,2230940,1276904,472724,481312,369176,143,49,47,47,111,5016,263.810,2659,4187,3000,0
2026-07-26T02:20:37Z,240109,2230940,1276904,472724,481312,381464,143,49,47,47,111,5016,263.810,2689,4211,3000,0
2026-07-26T02:21:08Z,240140,2230976,1276904,472760,481312,422426,143,49,47,47,111,5016,263.810,2791,4403,3000,0
2026-07-26T02:21:40Z,240172,2230976,1276904,472760,481312,356890,143,49,47,47,111,5016,263.810,2619,4355,3000,0
2026-07-26T02:22:11Z,240203,2230976,1276904,472760,481312,363034,143,49,47,47,111,5016,263.810,2803,4375,3000,0
2026-07-26T02:22:43Z,240235,2230976,1276904,472760,481312,360987,143,49,47,47,111,5016,263.810,2677,4435,3000,0
2026-07-26T02:23:14Z,240266,2230980,1276904,472764,481312,428574,143,49,47,47,111,5016,263.810,2599,4159,3000,0
2026-07-26T02:23:45Z,240297,2230980,1276904,472764,481312,383518,143,49,47,47,111,5016,263.810,2653,4211,3000,0
2026-07-26T02:24:17Z,240329,2230980,1276904,472764,481312,375326,143,49,47,47,111,5016,263.810,2719,4279,3000,0
2026-07-26T02:24:48Z,240360,2230984,1276908,472764,481312,371230,143,49,47,47,111,5016,263.810,2803,4347,3000,0
2026-07-26T02:25:19Z,240391,2230984,1276908,472764,481312,381470,143,49,47,47,111,5016,263.810,2631,4251,3000,0
2026-07-26T02:25:51Z,240423,2230984,1276908,472764,481312,379422,143,49,47,47,111,5016,263.810,2753,4435,3000,0
2026-07-26T02:26:22Z,240454,2230984,1276908,472764,481312,414238,143,49,47,47,111,5016,263.810,2691,4207,3000,0
2026-07-26T02:26:53Z,240485,2230984,1276908,472764,481312,350750,143,49,47,47,111,5016,263.810,2687,4155,3000,0
2026-07-26T02:27:25Z,240517,2230984,1276908,472764,481312,360991,143,49,47,47,111,5016,263.810,2621,4155,3000,0
2026-07-26T02:27:56Z,240548,2230984,1276908,472764,481312,369184,143,49,47,47,111,5016,263.810,2677,4211,3000,0
2026-07-26T02:28:28Z,240580,2230984,1276908,472764,481312,371232,143,49,47,47,111,5016,263.810,2727,4295,3000,0
2026-07-26T02:28:59Z,240611,2230984,1276908,472764,481312,367136,143,49,47,47,111,5016,263.810,2773,4259,3000,0
2026-07-26T02:29:30Z,240642,2230984,1276908,472764,481312,375328,143,49,47,47,111,5016,263.810,2667,4623,3000,0
2026-07-26T02:30:02Z,240674,2230992,1276908,472772,481312,358946,143,49,47,47,111,5016,263.810,2731,4355,3000,0
2026-07-26T02:30:33Z,240705,2230996,1276908,472776,481312,369186,143,49,47,47,111,5016,263.810,2775,4307,3000,0
2026-07-26T02:31:04Z,240736,2230996,1276908,472776,481312,375330,143,49,47,47,111,5016,263.810,2697,4159,3000,0
2026-07-26T02:31:36Z,240768,2230996,1276908,472776,481312,373287,143,49,47,47,111,5016,263.810,2691,4247,3000,0
2026-07-26T02:32:07Z,240799,2230996,1276908,472776,481312,375335,143,49,47,47,111,5016,263.810,2643,4247,3000,0
2026-07-26T02:32:39Z,240831,2231028,1276908,472808,481312,383528,143,49,47,47,111,5016,263.810,2653,4403,3000,0
2026-07-26T02:33:10Z,240862,2231028,1276908,472808,481312,373288,143,49,47,47,111,5016,263.810,2723,4363,3000,0
2026-07-26T02:33:41Z,240893,2231028,1276908,472808,481312,371240,143,49,47,47,111,5016,263.810,2613,4167,3000,0
2026-07-26T02:34:13Z,240925,2231028,1276908,472808,481312,361000,143,49,47,47,111,5016,263.810,2633,4127,3000,0
2026-07-26T02:34:44Z,240956,2231028,1276908,472808,481312,379438,143,49,47,47,111,5016,263.810,2745,4383,3000,0
2026-07-26T02:35:16Z,240988,2231036,1276908,472816,481312,356911,143,49,47,47,111,5016,263.810,2669,4223,3000,0
2026-07-26T02:35:47Z,241019,2231036,1276908,472816,481312,361007,143,49,47,47,111,5016,263.810,2633,4175,3000,0
2026-07-26T02:36:18Z,241050,2231036,1276908,472816,481312,369199,143,49,47,47,111,5016,263.810,2687,4247,3000,0
2026-07-26T02:36:50Z,241082,2231044,1276908,472824,481312,369204,143,49,47,47,111,5016,263.810,2857,4363,3000,0
2026-07-26T02:37:21Z,241113,2231044,1276908,472824,481312,361012,143,49,47,47,111,5016,263.810,2581,4227,3000,0
2026-07-26T02:37:52Z,241144,2231044,1276908,472824,481312,373300,143,49,47,47,111,5016,263.810,2689,4295,3000,0
2026-07-26T02:38:24Z,241176,2231044,1276908,472824,481312,383540,143,49,47,47,111,5016,263.810,2691,4615,3000,0
2026-07-26T02:38:55Z,241207,2231048,1276908,472828,481312,363060,143,49,47,47,111,5016,263.810,2573,4339,3000,0
2026-07-26T02:39:26Z,241238,2231048,1276908,472828,481312,367156,143,49,47,47,111,5016,263.810,2619,4239,3000,0
2026-07-26T02:39:58Z,241270,2231048,1276908,472828,481312,381492,143,49,47,47,111,5016,263.810,2843,4419,3000,0
2026-07-26T02:40:29Z,241301,2231048,1276908,472828,481312,422452,143,49,47,47,111,5016,263.810,2599,4755,3000,0
2026-07-26T02:41:01Z,241333,2231048,1276908,472828,481312,358964,143,49,47,47,111,5016,263.810,2623,4089,3000,0
2026-07-26T02:41:32Z,241364,2231048,1276908,472828,481312,365108,143,49,47,47,111,5016,263.810,2679,4407,3000,0
2026-07-26T02:42:03Z,241395,2231048,1276908,472828,481312,358964,143,49,47,47,111,5016,263.810,2677,4415,3000,0
2026-07-26T02:42:35Z,241427,2231048,1276908,472828,481312,373300,143,49,47,47,111,5016,263.810,2733,4343,3000,0
2026-07-26T02:43:06Z,241458,2231048,1276908,472828,481312,377396,143,49,47,47,111,5016,263.810,2605,4099,3000,0
2026-07-26T02:43:37Z,241489,2231048,1276908,472828,481312,379444,143,49,47,47,111,5016,263.810,2661,4215,3000,0
2026-07-26T02:44:09Z,241521,2231048,1276908,472828,481312,430644,143,49,47,47,111,5016,263.810,2563,4093,3000,0
2026-07-26T02:44:40Z,241552,2231048,1276908,472828,481312,379444,143,49,47,47,111,5016,263.810,2653,4219,3000,0
2026-07-26T02:45:11Z,241583,2231048,1276908,472828,481312,361012,143,49,47,47,111,5016,263.810,2801,4359,3000,0
2026-07-26T02:45:43Z,241615,2231052,1276908,472832,481312,363061,143,49,47,47,111,5016,263.810,2611,4275,3000,0
2026-07-26T02:46:14Z,241646,2231056,1276908,472836,481312,363061,143,49,47,47,111,5016,263.810,2637,4191,3000,0
2026-07-26T02:46:46Z,241678,2231056,1276908,472836,481312,371253,143,49,47,47,111,5016,263.810,2699,4179,3000,0
2026-07-26T02:47:17Z,241709,2231056,1276908,472836,481312,420407,143,49,47,47,111,5016,263.810,2723,4279,3000,0
2026-07-26T02:47:48Z,241740,2231056,1276908,472836,481312,358967,143,49,47,47,111,5016,263.810,2801,4187,3000,0
2026-07-26T02:48:20Z,241772,2231056,1276908,472836,481312,365111,143,49,47,47,111,5016,263.810,2643,4131,3000,0
2026-07-26T02:48:51Z,241803,2231056,1276908,472836,481312,361015,143,49,47,47,111,5016,263.810,2663,4363,3000,0
2026-07-26T02:49:22Z,241834,2231056,1276908,472836,481312,426552,143,49,47,47,111,5016,263.810,2559,4571,3000,0
2026-07-26T02:49:54Z,241866,2231056,1276908,472836,481312,369208,143,49,47,47,111,5016,263.810,2599,4463,3000,0
2026-07-26T02:50:25Z,241897,2231056,1276908,472836,481312,369208,143,49,47,47,111,5016,263.810,2665,4531,3000,0
2026-07-26T02:50:57Z,241929,2231056,1276908,472836,481312,447032,143,49,47,47,111,5016,263.810,2601,4387,3000,0
2026-07-26T02:51:28Z,241960,2231056,1276908,472836,481312,365116,143,49,47,47,111,5016,263.810,2641,4103,3000,0
2026-07-26T02:51:59Z,241991,2231056,1276908,472836,481312,385596,143,49,47,47,111,5016,263.810,2647,4591,3000,0
2026-07-26T02:52:31Z,242023,2231056,1276908,472836,481312,453180,143,49,47,47,111,5016,263.810,2811,4371,3000,0
2026-07-26T02:53:02Z,242054,2231056,1276908,472836,481312,371260,143,49,47,47,111,5016,263.810,2603,4115,3000,0
2026-07-26T02:53:33Z,242085,2231056,1276908,472836,481312,373308,143,49,47,47,111,5016,263.810,2777,4143,3000,0
2026-07-26T02:54:05Z,242117,2231064,1276908,472844,481312,381500,143,49,47,47,111,5016,263.810,2649,4455,3000,0
2026-07-26T02:54:36Z,242148,2231064,1276908,472844,481312,367164,143,49,47,47,111,5016,263.810,2575,4607,3000,0
2026-07-26T02:55:08Z,242180,2231064,1276908,472844,481312,363068,143,49,47,47,111,5016,263.810,2781,4311,3000,0
2026-07-26T02:55:39Z,242211,2231064,1276908,472844,481312,363068,143,49,47,47,111,5016,263.810,2711,4095,3000,0
2026-07-26T02:56:10Z,242242,2231912,1276908,473692,481312,498238,143,49,47,47,111,5016,263.810,2705,4227,3000,0
2026-07-26T02:56:42Z,242274,2231916,1276908,473696,481312,365118,143,49,47,47,111,5016,263.810,2747,4179,3000,0
2026-07-26T02:57:13Z,242305,2231916,1276908,473696,481312,369214,143,49,47,47,111,5016,263.810,2641,4643,3000,0
2026-07-26T02:57:44Z,242336,2232728,1276908,474508,481312,430655,143,49,47,47,111,5016,263.810,2645,4795,3000,0
2026-07-26T02:58:16Z,242368,2232732,1276908,474512,481312,383551,143,49,47,47,111,5016,263.810,2787,4295,3000,0
2026-07-26T02:58:47Z,242399,2232732,1276908,474512,481312,377407,143,49,47,47,111,5016,263.810,2635,4183,3000,0
2026-07-26T02:59:18Z,242430,2232732,1276908,474512,481312,369215,143,49,47,47,111,5016,263.810,2789,4355,3000,0
2026-07-26T02:59:50Z,242462,2232732,1276908,474512,481312,436799,143,49,47,47,111,5016,263.810,2655,4323,3000,0
2026-07-26T03:00:21Z,242493,2232732,1276908,474512,481312,377407,143,49,47,47,111,5016,263.810,2649,4203,3000,0
2026-07-26T03:00:53Z,242525,2232732,1276908,474512,481312,379455,143,49,47,47,111,5016,263.810,2789,4363,3000,0
2026-07-26T03:01:24Z,242556,2232732,1276908,474512,481312,508479,143,49,47,47,111,5016,263.810,2723,4423,3000,0
2026-07-26T03:01:55Z,242587,2232732,1276908,474512,481312,354879,143,49,47,47,111,5016,263.810,2681,4315,3000,0
2026-07-26T03:02:27Z,242619,2232732,1276908,474512,481312,363071,143,49,47,47,111,5016,263.810,2839,4463,3000,0
2026-07-26T03:02:58Z,242650,2232732,1276908,474512,481312,436799,143,49,47,47,111,5016,263.810,2715,4435,3000,0
2026-07-26T03:03:30Z,242682,2232732,1276908,474512,481312,363071,143,49,47,47,111,5016,263.810,2683,4033,3000,0
2026-07-26T03:04:01Z,242713,2232732,1276908,474512,481312,373311,143,49,47,47,111,5016,263.810,2763,4423,3000,0
2026-07-26T03:04:32Z,242744,2232732,1276908,474512,481312,373311,143,49,47,47,111,5016,263.810,2701,4311,3000,0
2026-07-26T03:05:04Z,242776,2232736,1276908,474516,481312,422464,143,49,47,47,111,5016,263.810,2615,4195,3000,0
2026-07-26T03:05:35Z,242807,2232736,1276908,474516,481312,373312,143,49,47,47,111,5016,263.810,2657,4203,3000,0
2026-07-26T03:06:06Z,242838,2232736,1276908,474516,481312,373312,143,49,47,47,111,5016,263.810,2695,4283,3000,0
2026-07-26T03:06:38Z,242870,2232736,1276908,474516,481312,424512,143,49,47,47,111,5016,263.810,2643,4395,3000,0
2026-07-26T03:07:09Z,242901,2232736,1276908,474516,481312,367168,143,49,47,47,111,5016,263.810,2669,4073,3000,0
2026-07-26T03:07:40Z,242932,2232736,1276908,474516,481312,371264,143,49,47,47,111,5016,263.810,2703,4263,3000,0
2026-07-26T03:08:12Z,242964,2232736,1276908,474516,481312,420416,143,49,47,47,111,5016,263.810,2779,4407,3000,0
2026-07-26T03:08:43Z,242995,2232736,1276908,474516,481312,358976,143,49,47,47,111,5016,263.810,2659,4203,3000,0
2026-07-26T03:09:15Z,243027,2232736,1276908,474516,481312,365120,143,49,47,47,111,5016,263.810,2639,4471,3000,0
2026-07-26T03:09:46Z,243058,2232736,1276908,474516,481312,377408,143,49,47,47,111,5016,263.810,2675,4335,3000,0
2026-07-26T03:10:17Z,243089,2232740,1276908,474520,481312,369216,143,49,47,47,111,5016,263.810,2769,4307,3000,0
2026-07-26T03:10:49Z,243121,2232756,1276908,474536,481312,367168,143,49,47,47,111,5016,263.810,2639,4255,3000,0
2026-07-26T03:11:20Z,243152,2232756,1276908,474536,481312,377408,143,49,47,47,111,5016,263.810,2695,4379,3000,0
2026-07-26T03:11:51Z,243183,2232756,1276908,474536,481312,436800,143,49,47,47,111,5016,263.810,2849,4343,3000,0
2026-07-26T03:12:23Z,243215,2232756,1276908,474536,481312,365120,143,49,47,47,111,5016,263.810,2635,4379,3000,0
2026-07-26T03:12:54Z,243246,2232756,1276908,474536,481312,369216,143,49,47,47,111,5016,263.810,2649,4119,3000,0
2026-07-26T03:13:26Z,243278,2232764,1276908,474544,481312,447040,143,49,47,47,111,5016,263.810,2679,4203,3000,0
2026-07-26T03:13:57Z,243309,2232764,1276908,474544,481312,363072,143,49,47,47,111,5016,263.810,2597,4559,3000,0
2026-07-26T03:14:28Z,243340,2232764,1276908,474544,481312,365120,143,49,47,47,111,5016,263.810,2591,4399,3000,0
2026-07-26T03:15:00Z,243372,2232764,1276908,474544,481312,391744,143,49,47,47,111,5016,263.810,2661,4271,3000,0
2026-07-26T03:15:31Z,243403,2232764,1276908,474544,481312,354880,143,49,47,47,111,5016,263.810,2667,4391,3000,0
2026-07-26T03:16:02Z,243434,2232768,1276908,474548,481312,361024,143,49,47,47,111,5016,263.810,2637,4235,3000,0
2026-07-26T03:16:34Z,243466,2232768,1276908,474548,481312,367168,143,49,47,47,111,5016,263.810,2691,4419,3000,0
2026-07-26T03:17:05Z,243497,2232768,1276908,474548,481312,358976,143,49,47,47,111,5016,263.810,2607,4315,3000,0
2026-07-26T03:17:36Z,243528,2232768,1276908,474548,481312,365120,143,49,47,47,111,5016,263.810,2653,4195,3000,0
2026-07-26T03:18:08Z,243560,2232768,1276908,474548,481312,383552,143,49,47,47,111,5016,263.810,2821,4263,3000,0
2026-07-26T03:18:39Z,243591,2232768,1276908,474548,481312,371264,143,49,47,47,111,5016,263.810,2707,4195,3000,0
2026-07-26T03:19:10Z,243622,2232768,1276908,474548,481312,369216,143,49,47,47,111,5016,263.810,2843,4527,3000,0
2026-07-26T03:19:42Z,243654,2232768,1276908,474548,481312,373312,143,49,47,47,111,5016,263.810,2769,4475,3000,0
2026-07-26T03:20:13Z,243685,2232768,1276908,474548,481312,367168,143,49,47,47,111,5016,263.810,2949,4551,3000,0
2026-07-26T03:20:45Z,243717,2232768,1276908,474548,481312,354881,143,49,47,47,111,5016,263.810,2711,4235,3000,0
2026-07-26T03:21:16Z,243748,2232768,1276908,474548,481312,377409,143,49,47,47,111,5016,263.810,2945,4483,3000,0
2026-07-26T03:21:47Z,243779,2232768,1276908,474548,481312,379457,143,49,47,47,111,5016,263.810,2815,4667,3000,0
2026-07-26T03:22:19Z,243811,2232768,1276908,474548,481312,440897,143,49,47,47,111,5016,263.810,2723,4667,3000,0
2026-07-26T03:22:50Z,243842,2232772,1276908,474552,481312,354881,143,49,47,47,111,5016,263.810,2809,4555,3000,0
2026-07-26T03:23:21Z,243873,2232772,1276908,474552,481312,369217,143,49,47,47,111,5016,263.810,2841,4343,3000,0
2026-07-26T03:23:53Z,243905,2232776,1276908,474556,481312,350790,143,49,47,47,111,5016,263.810,2771,4399,3000,0
2026-07-26T03:24:24Z,243936,2232776,1276908,474556,481312,361030,143,49,47,47,111,5016,263.810,2755,4283,3000,0
2026-07-26T03:24:56Z,243968,2232776,1276908,474556,481312,387654,143,49,47,47,111,5016,263.810,2805,4547,3000,0
2026-07-26T03:25:27Z,243999,2232776,1276908,474556,481312,373318,143,49,47,47,111,5016,263.810,2883,4447,3000,0
2026-07-26T03:25:58Z,244030,2232784,1276908,474564,481312,356940,143,49,47,47,111,5016,263.810,2857,4459,3000,0
2026-07-26T03:26:30Z,244062,2232784,1276908,474564,481312,377420,143,49,47,47,111,5016,263.810,2765,4351,3000,0
2026-07-26T03:27:01Z,244093,2232784,1276908,474564,481312,361036,143,49,47,47,111,5016,263.810,2959,4507,3000,0
2026-07-26T03:27:33Z,244125,2232784,1276908,474564,481312,381516,143,49,47,47,111,5016,263.810,2707,4563,3000,0
2026-07-26T03:28:04Z,244156,2232784,1276908,474564,481312,373324,143,49,47,47,111,5016,263.810,2905,4287,3000,0
2026-07-26T03:28:35Z,244187,2232796,1276908,474576,481312,385612,143,49,47,47,111,5016,263.810,2779,4535,3000,0
2026-07-26T03:29:07Z,244219,2232804,1276908,474584,481312,428620,143,49,47,47,111,5016,263.810,3021,4511,3000,0
2026-07-26T03:29:38Z,244250,2232804,1276908,474584,481312,361036,143,49,47,47,111,5016,263.810,2727,4515,3000,0
2026-07-26T03:30:10Z,244282,2232804,1276908,474584,481312,375372,143,49,47,47,111,5016,263.810,2715,4415,3000,0
2026-07-26T03:30:41Z,244313,2232804,1276908,474584,481312,375372,143,49,47,47,111,5016,263.810,2887,4319,3000,0
2026-07-26T03:31:12Z,244344,2232804,1276908,474584,481312,434765,143,49,47,47,111,5016,263.810,2641,4195,3000,0
2026-07-26T03:31:44Z,244376,2232804,1276908,474584,481312,356941,143,49,47,47,111,5016,263.810,2777,4363,3000,0
2026-07-26T03:32:15Z,244407,2232804,1276908,474584,481312,373325,143,49,47,47,111,5016,263.810,2821,4387,3000,0
2026-07-26T03:32:46Z,244438,2232808,1276908,474588,481312,432717,143,49,47,47,111,5016,263.810,2715,4727,3000,0
2026-07-26T03:33:18Z,244470,2232808,1276908,474588,481312,369229,143,49,47,47,111,5016,263.810,2823,4555,3000,0
2026-07-26T03:33:49Z,244501,2232812,1276908,474592,481312,383565,143,49,47,47,111,5016,263.810,2817,4439,3000,0
2026-07-26T03:34:21Z,244533,2232812,1276908,474592,481312,428621,143,49,47,47,111,5016,263.810,2745,4503,3000,0
2026-07-26T03:34:52Z,244564,2232812,1276908,474592,481312,356941,143,49,47,47,111,5016,263.810,2709,4331,3000,0
2026-07-26T03:35:23Z,244595,2232812,1276908,474592,481312,358989,143,49,47,47,111,5016,263.810,2987,4535,3000,0
2026-07-26T03:35:55Z,244627,2232812,1276908,474592,481312,424525,143,49,47,47,111,5016,263.810,2985,4483,3000,0
2026-07-26T03:36:26Z,244658,2232812,1276908,474592,481312,424525,143,49,47,47,111,5016,263.810,2685,4371,3000,0
2026-07-26T03:36:57Z,244689,2232812,1276908,474592,481312,363085,143,49,47,47,111,5016,263.810,2885,4335,3000,0
2026-07-26T03:37:29Z,244721,2232812,1276908,474592,481312,367181,143,49,47,47,111,5016,263.810,2761,4739,3000,0
2026-07-26T03:38:00Z,244752,2232812,1276908,474592,481312,375373,143,49,47,47,111,5016,263.810,2747,4591,3000,0
2026-07-26T03:38:32Z,244784,2232812,1276908,474592,481312,365133,143,49,47,47,111,5016,263.810,2927,4487,3000,0
2026-07-26T03:39:03Z,244815,2232812,1276908,474592,481312,381517,143,49,47,47,111,5016,263.810,2873,4571,3000,0
2026-07-26T03:39:34Z,244846,2232812,1276908,474592,481312,369229,143,49,47,47,111,5016,263.810,2807,4471,3000,0
2026-07-26T03:40:06Z,244878,2232812,1276908,474592,481312,365133,143,49,47,47,111,5016,263.810,2705,4399,3000,0
2026-07-26T03:40:37Z,244909,2232812,1276908,474592,481312,379469,143,49,47,47,111,5016,263.810,2743,4547,3000,0
2026-07-26T03:41:08Z,244940,2232812,1276908,474592,481312,377421,143,49,47,47,111,5016,263.810,2925,4695,3000,0
2026-07-26T03:41:40Z,244972,2232812,1276908,474592,481312,408141,143,49,47,47,111,5016,263.810,2777,4403,3000,0
2026-07-26T03:42:11Z,245003,2232812,1276908,474592,481312,369229,143,49,47,47,111,5016,263.810,2719,4539,3000,0
2026-07-26T03:42:42Z,245034,2232812,1276908,474592,481312,367181,143,49,47,47,111,5016,263.810,2835,4575,3000,0
2026-07-26T03:43:14Z,245066,2232812,1276908,474592,481312,496205,143,49,47,47,111,5016,263.810,2735,4595,3000,0
2026-07-26T03:43:45Z,245097,2232812,1276908,474592,481312,358989,143,49,47,47,111,5016,263.810,2743,4607,3000,0
2026-07-26T03:44:17Z,245129,2232812,1276908,474592,481312,361037,143,49,47,47,111,5016,263.810,2779,4699,3000,0
2026-07-26T03:44:48Z,245160,2232812,1276908,474592,481312,361037,143,49,47,47,111,5016,263.810,2745,4483,3000,0
2026-07-26T03:45:19Z,245191,2232812,1276908,474592,481312,363085,143,49,47,47,111,5016,263.810,2657,4411,3000,0
2026-07-26T03:45:51Z,245223,2232812,1276908,474592,481312,371277,143,49,47,47,111,5016,263.810,2977,4599,3000,0
2026-07-26T03:46:22Z,245254,2232816,1276908,474596,481312,379469,143,49,47,47,111,5016,263.810,2775,4575,3000,0
2026-07-26T03:46:53Z,245285,2232816,1276908,474596,481312,365133,143,49,47,47,111,5016,263.810,2753,4351,3000,0
2026-07-26T03:47:25Z,245317,2232816,1276908,474596,481312,375373,143,49,47,47,111,5016,263.810,2823,4739,3000,0
2026-07-26T03:47:56Z,245348,2232816,1276908,474596,481312,383565,143,49,47,47,111,5016,263.810,2791,4607,3000,0
2026-07-26T03:48:28Z,245380,2232816,1276908,474596,481312,369229,143,49,47,47,111,5016,263.810,2745,4351,3000,0
2026-07-26T03:48:59Z,245411,2232816,1276908,474596,481312,375373,143,49,47,47,111,5016,263.810,2745,4391,3000,0
2026-07-26T03:49:30Z,245442,2232816,1276908,474596,481312,369229,143,49,47,47,111,5016,263.810,2731,5035,3000,0
2026-07-26T03:50:02Z,245474,2232816,1276908,474596,481312,424525,143,49,47,47,111,5016,263.810,2731,4315,3000,0
2026-07-26T03:50:33Z,245505,2232816,1276908,474596,481312,356941,143,49,47,47,111,5016,263.810,2855,4431,3000,0
2026-07-26T03:51:05Z,245537,2232816,1276908,474596,481312,363085,143,49,47,47,111,5016,263.810,2739,4499,3000,0
2026-07-26T03:51:36Z,245568,2232816,1276908,474596,481312,377421,143,49,47,47,111,5016,263.810,2761,4547,3000,0
2026-07-26T03:52:07Z,245599,2232816,1276908,474596,481312,356941,143,49,47,47,111,5016,263.810,2881,4459,3000,0
2026-07-26T03:52:39Z,245631,2232816,1276908,474596,481312,367181,143,49,47,47,111,5016,263.810,2719,4663,3000,0
2026-07-26T03:53:10Z,245662,2232824,1276908,474604,481312,373325,143,49,47,47,111,5016,263.810,3007,4511,3000,0
2026-07-26T03:53:41Z,245693,2232824,1276908,474604,481312,363085,143,49,47,47,111,5016,263.810,2783,4567,3000,0
2026-07-26T03:54:13Z,245725,2232824,1276908,474604,481312,369229,143,49,47,47,111,5016,263.810,2741,4567,3000,0
2026-07-26T03:54:44Z,245756,2232824,1276908,474604,481312,375373,143,49,47,47,111,5016,263.810,2791,4663,3000,0
2026-07-26T03:55:16Z,245788,2232824,1276908,474604,481312,365133,143,49,47,47,111,5016,263.810,2811,4471,3000,0
2026-07-26T03:55:47Z,245819,2232824,1276908,474604,481312,356941,143,49,47,47,111,5016,263.810,2963,4515,3000,0
2026-07-26T03:56:18Z,245850,2232824,1276908,474604,481312,375373,143,49,47,47,111,5016,263.810,2899,4599,3000,0
2026-07-26T03:56:50Z,245882,2232824,1276908,474604,481312,430669,143,49,47,47,111,5016,263.810,2797,4435,3000,0
2026-07-26T03:57:21Z,245913,2232824,1276908,474604,481312,354893,143,49,47,47,111,5016,263.810,2681,4347,3000,0
2026-07-26T03:57:52Z,245944,2232824,1276908,474604,481312,354893,143,49,47,47,111,5016,263.810,2707,4219,3000,0
2026-07-26T03:58:24Z,245976,2232824,1276908,474604,481312,371277,143,49,47,47,111,5016,263.810,2783,4423,3000,0
2026-07-26T03:58:55Z,246007,2232824,1276908,474604,481312,354893,143,49,47,47,111,5016,263.810,2781,4591,3000,0
2026-07-26T03:59:26Z,246038,2232856,1276908,474636,481312,369229,143,49,47,47,111,5016,263.810,2687,4327,3000,0
2026-07-26T03:59:58Z,246070,2232856,1276908,474636,481312,383565,143,49,47,47,111,5016,263.810,2799,4435,3000,0
2026-07-26T04:00:29Z,246101,2232872,1276920,474640,481312,373325,143,49,47,47,111,5016,263.810,2951,4771,3000,0
2026-07-26T04:01:01Z,246133,2232872,1276920,474640,481312,375373,143,49,47,47,111,5016,263.810,2861,4359,3000,0
2026-07-26T04:01:32Z,246164,2232872,1276920,474640,481312,373325,143,49,47,47,111,5016,263.810,2741,4483,3000,0
2026-07-26T04:02:03Z,246195,2232872,1276920,474640,481312,471629,143,49,47,47,111,5016,263.810,2893,4919,3000,0
2026-07-26T04:02:35Z,246227,2232872,1276920,474640,481312,422477,143,49,47,47,111,5016,263.810,2683,4107,3000,0
2026-07-26T04:03:06Z,246258,2232872,1276920,474640,481312,365133,143,49,47,47,111,5016,263.810,2707,4463,3000,0
2026-07-26T04:03:38Z,246290,2232872,1276920,474640,481312,369229,143,49,47,47,111,5016,263.810,2823,4687,3000,0
2026-07-26T04:04:09Z,246321,2232872,1276920,474640,481312,432717,143,49,47,47,111,5016,263.810,2825,4687,3000,0
2026-07-26T04:04:40Z,246352,2232872,1276920,474640,481312,365133,143,49,47,47,111,5016,263.810,2699,4411,3000,0
2026-07-26T04:05:12Z,246384,2232872,1276920,474640,481312,365133,143,49,47,47,111,5016,263.810,2939,4595,3000,0
2026-07-26T04:05:43Z,246415,2232872,1276920,474640,481312,434765,143,49,47,47,111,5016,263.810,2759,4823,3000,0
2026-07-26T04:06:15Z,246447,2232872,1276920,474640,481312,373325,143,49,47,47,111,5016,263.810,2777,4287,3000,0
2026-07-26T04:06:46Z,246478,2232872,1276920,474640,481312,371277,143,49,47,47,111,5016,263.810,2829,4707,3000,0
2026-07-26T04:07:17Z,246509,2232872,1276920,474640,481312,375373,143,49,47,47,111,5016,263.810,2955,4543,3000,0
2026-07-26T04:07:49Z,246541,2232872,1276920,474640,481312,369229,143,49,47,47,111,5016,263.810,2777,4379,3000,0
2026-07-26T04:08:20Z,246572,2232872,1276920,474640,481312,369229,143,49,47,47,111,5016,263.810,2733,4595,3000,0
2026-07-26T04:08:51Z,246603,2232872,1276920,474640,481312,383565,143,49,47,47,111,5016,263.810,2855,4547,3000,0
2026-07-26T04:09:23Z,246635,2232880,1276920,474648,481312,508501,143,49,47,47,111,5016,263.810,2955,4647,3000,0
2026-07-26T04:09:54Z,246666,2232880,1276920,474648,481312,358997,143,49,47,47,111,5016,263.810,2991,4423,3000,0
2026-07-26T04:10:26Z,246698,2232880,1276920,474648,481312,367189,143,49,47,47,111,5016,263.810,2813,4947,3000,0
2026-07-26T04:10:57Z,246729,2232880,1276920,474648,481312,434774,143,49,47,47,111,5016,263.810,3015,4727,3000,0
2026-07-26T04:11:28Z,246760,2232880,1276920,474648,481312,356950,143,49,47,47,111,5016,263.810,2781,4531,3000,0
2026-07-26T04:12:00Z,246792,2232880,1276920,474648,481312,371286,143,49,47,47,111,5016,263.810,2969,4371,3000,0
2026-07-26T04:12:31Z,246823,2232880,1276920,474648,481312,440918,143,49,47,47,111,5016,263.810,3011,4907,3000,0
2026-07-26T04:13:02Z,246854,2232880,1276920,474648,481312,434774,143,49,47,47,111,5016,263.810,2713,4183,3000,0
2026-07-26T04:13:34Z,246886,2232880,1276920,474648,481312,361046,143,49,47,47,111,5016,263.810,2985,4595,3000,0
2026-07-26T04:14:05Z,246917,2232880,1276920,474648,481312,387670,143,49,47,47,111,5016,263.810,2813,4863,3000,0
2026-07-26T04:14:37Z,246949,2233732,1276920,475500,481312,510550,143,49,47,47,111,5016,263.810,2745,4415,3000,0
2026-07-26T04:15:08Z,246980,2233736,1276920,475504,481312,371286,143,49,47,47,111,5016,263.810,2787,4391,3000,0
2026-07-26T04:15:39Z,247011,2233736,1276920,475504,481312,367190,143,49,47,47,111,5016,263.810,2817,4255,3000,0
2026-07-26T04:16:11Z,247043,2233736,1276920,475504,481312,502358,143,49,47,47,111,5016,263.810,2939,4687,3000,0
2026-07-26T04:16:42Z,247074,2233736,1276920,475504,481312,361046,143,49,47,47,111,5016,263.810,2743,4587,3000,0
2026-07-26T04:17:14Z,247106,2233736,1276920,475504,481312,361046,143,49,47,47,111,5016,263.810,2805,4383,3000,0
2026-07-26T04:17:45Z,247137,2233736,1276920,475504,481312,434774,143,49,47,47,111,5016,263.810,2843,4707,3000,0
2026-07-26T04:18:16Z,247168,2233736,1276920,475504,481312,424534,143,49,47,47,111,5016,263.810,2799,4427,3000,0
2026-07-26T04:18:48Z,247200,2233736,1276920,475504,481312,361046,143,49,47,47,111,5016,263.810,2775,4447,3000,0
2026-07-26T04:19:19Z,247231,2233736,1276920,475504,481312,377430,143,49,47,47,111,5016,263.810,3005,4643,3000,0
2026-07-26T04:19:50Z,247262,2234552,1276920,476320,481312,506454,143,49,47,47,111,5016,263.810,2921,4463,3000,0
2026-07-26T04:20:22Z,247294,2234556,1276920,476324,481312,363094,143,49,47,47,111,5016,263.810,2755,4327,3000,0
2026-07-26T04:20:53Z,247325,2234556,1276920,476324,481312,373334,143,49,47,47,111,5016,263.810,2775,4491,3000,0
2026-07-26T04:21:25Z,247357,2234556,1276920,476324,481312,434774,143,49,47,47,111,5016,263.810,2851,4595,3000,0
2026-07-26T04:21:56Z,247388,2234556,1276920,476324,481312,363094,143,49,47,47,111,5016,263.810,2771,4495,3000,0
2026-07-26T04:22:27Z,247419,2234556,1276920,476324,481312,363094,143,49,47,47,111,5016,263.810,2779,4251,3000,0
2026-07-26T04:22:59Z,247451,2234556,1276920,476324,481312,498262,143,49,47,47,111,5016,263.810,2897,4663,3000,0
2026-07-26T04:23:30Z,247482,2234556,1276920,476324,481312,424534,143,49,47,47,111,5016,263.810,2645,4703,3000,0
2026-07-26T04:24:02Z,247514,2234556,1276920,476324,481312,371286,143,49,47,47,111,5016,263.810,3019,4663,3000,0
2026-07-26T04:24:33Z,247545,2234556,1276920,476324,481312,365142,143,49,47,47,111,5016,263.810,2767,4575,3000,0
2026-07-26T04:25:04Z,247576,2234556,1276920,476324,481312,426582,143,49,47,47,111,5016,263.810,2747,4755,3000,0
2026-07-26T04:25:36Z,247608,2234556,1276920,476324,481312,365142,143,49,47,47,111,5016,263.810,2783,4355,3000,0
2026-07-26T04:26:07Z,247639,2234556,1276920,476324,481312,377430,143,49,47,47,111,5016,263.810,2805,4355,3000,0
2026-07-26T04:26:38Z,247670,2234560,1276920,476328,481312,381526,143,49,47,47,111,5016,263.810,2775,4819,3000,0
2026-07-26T04:27:10Z,247702,2234560,1276920,476328,481312,377430,143,49,47,47,111,5016,263.810,2903,4595,3000,0
2026-07-26T04:27:41Z,247733,2234560,1276920,476328,481312,383574,143,49,47,47,111,5016,263.810,2841,4559,3000,0
2026-07-26T04:28:13Z,247765,2236188,1276920,477956,481312,506454,143,49,47,47,111,5016,263.810,2875,4563,3000,0
2026-07-26T04:28:44Z,247796,2236188,1276920,477956,481312,504406,143,49,47,47,111,5016,263.810,2725,4175,3000,0
2026-07-26T04:29:15Z,247827,2236188,1276920,477956,481312,369238,143,49,47,47,111,5016,263.810,2827,4451,3000,0
2026-07-26T04:29:47Z,247859,2236188,1276920,477956,481312,371286,143,49,47,47,111,5016,263.810,3009,4615,3000,0
2026-07-26T04:30:18Z,247890,2237000,1276920,478768,481312,571990,143,49,47,47,111,5016,263.810,2767,4851,3000,0
2026-07-26T04:30:50Z,247922,2237004,1276920,478772,481312,365142,143,49,47,47,111,5016,263.810,2731,4219,3000,0
2026-07-26T04:31:21Z,247953,2237004,1276920,478772,481312,367190,143,49,47,47,111,5016,263.810,2865,4443,3000,0
2026-07-26T04:31:52Z,247984,2237004,1276920,478772,481312,346710,143,49,47,47,111,5016,263.810,2757,4291,3000,0
2026-07-26T04:32:24Z,248016,2237004,1276920,478772,481312,369238,143,49,47,47,111,5016,263.810,2841,4259,3000,0
2026-07-26T04:32:55Z,248047,2237004,1276920,478772,481312,377430,143,49,47,47,111,5016,263.810,2803,4747,3000,0
2026-07-26T04:33:26Z,248078,2237004,1276920,478772,481312,383574,143,49,47,47,111,5016,263.810,2841,4563,3000,0
2026-07-26T04:33:58Z,248110,2237004,1276920,478772,481312,365142,143,49,47,47,111,5016,263.810,2761,4267,3000,0
2026-07-26T04:34:29Z,248141,2237004,1276920,478772,481312,363094,143,49,47,47,111,5016,263.810,2809,4487,3000,0
2026-07-26T04:35:01Z,248173,2237004,1276920,478772,481312,369238,143,49,47,47,111,5016,263.810,2943,4787,3000,0
2026-07-26T04:35:32Z,248204,2237004,1276920,478772,481312,436822,143,49,47,47,111,5016,263.810,2971,4571,3000,0
2026-07-26T04:36:03Z,248235,2237004,1276920,478772,481312,367190,143,49,47,47,111,5016,263.810,2791,4551,3000,0
2026-07-26T04:36:35Z,248267,2237004,1276920,478772,481312,371286,143,49,47,47,111,5016,263.810,2891,4403,3000,0
2026-07-26T04:37:06Z,248298,2237004,1276920,478772,481312,356950,143,49,47,47,111,5016,263.810,2753,4507,3000,0
2026-07-26T04:37:38Z,248330,2237004,1276920,478772,481312,369238,143,49,47,47,111,5016,263.810,2789,4735,3000,0
2026-07-26T04:38:09Z,248361,2237004,1276920,478772,481312,369238,143,49,47,47,111,5016,263.810,2795,4415,3000,0
2026-07-26T04:38:40Z,248392,2237024,1276920,478792,481312,371286,143,49,47,47,111,5016,263.810,2839,4387,3000,0
2026-07-26T04:39:12Z,248424,2237024,1276920,478792,481312,352854,143,49,47,47,111,5016,263.810,2755,4167,3000,0
2026-07-26T04:39:43Z,248455,2237024,1276920,478792,481312,373334,143,49,47,47,111,5016,263.810,2981,4499,3000,0
2026-07-26T04:40:14Z,248486,2237024,1276920,478792,481312,375382,143,49,47,47,111,5016,263.810,2775,4683,3000,0
2026-07-26T04:40:46Z,248518,2237024,1276920,478792,481312,356950,143,49,47,47,111,5016,263.810,2709,4631,3000,0
2026-07-26T04:41:17Z,248549,2237024,1276920,478792,481312,365142,143,49,47,47,111,5016,263.810,2753,4487,3000,0
2026-07-26T04:41:49Z,248581,2237024,1276920,478792,481312,367190,143,49,47,47,111,5016,263.810,2709,4487,3000,0
2026-07-26T04:42:20Z,248612,2237024,1276920,478792,481312,420438,143,49,47,47,111,5016,263.810,2699,4211,3000,0
2026-07-26T04:42:51Z,248643,2237028,1276920,478796,481312,369238,143,49,47,47,111,5016,263.810,2837,4183,3000,0
2026-07-26T04:43:23Z,248675,2237048,1276940,478796,481312,363094,143,49,47,47,111,5016,263.810,2697,4515,3000,0
2026-07-26T04:43:54Z,248706,2237048,1276940,478796,481312,356950,143,49,47,47,111,5016,263.810,2791,4335,3000,0
2026-07-26T04:44:25Z,248737,2237048,1276940,478796,481312,354902,143,49,47,47,111,5016,263.810,2693,4259,3000,0
2026-07-26T04:44:57Z,248769,2237048,1276940,478796,481312,367190,143,49,47,47,111,5016,263.810,2855,4295,3000,0
2026-07-26T04:45:28Z,248800,2237048,1276940,478796,481312,373334,143,49,47,47,111,5016,263.810,2781,4795,3000,0
2026-07-26T04:45:59Z,248831,2237048,1276940,478796,481312,356950,143,49,47,47,111,5016,263.810,2873,4867,3000,0
2026-07-26T04:46:31Z,248863,2237048,1276940,478796,481312,375382,143,49,47,47,111,5016,263.810,2787,4651,3000,0
2026-07-26T04:47:02Z,248894,2237048,1276940,478796,481312,379478,143,49,47,47,111,5016,263.810,3003,4551,3000,0
2026-07-26T04:47:34Z,248926,2237048,1276940,478796,481312,369238,143,49,47,47,111,5016,263.810,2719,4387,3000,0
2026-07-26T04:48:05Z,248957,2237048,1276940,478796,481312,373334,143,49,47,47,111,5016,263.810,2733,4259,3000,0
2026-07-26T04:48:36Z,248988,2237048,1276940,478796,481312,369238,143,49,47,47,111,5016,263.810,2783,4263,3000,0
2026-07-26T04:49:08Z,249020,2237048,1276940,478796,481312,451158,143,49,47,47,111,5016,263.810,2883,4667,3000,0
2026-07-26T04:49:39Z,249051,2237048,1276940,478796,481312,356950,143,49,47,47,111,5016,263.810,2761,4151,3000,0
2026-07-26T04:50:10Z,249082,2237048,1276940,478796,481312,371286,143,49,47,47,111,5016,263.810,2757,4539,3000,0
2026-07-26T04:50:42Z,249114,2237048,1276940,478796,481312,373334,143,49,47,47,111,5016,263.810,2977,4535,3000,0
2026-07-26T04:51:13Z,249145,2237048,1276940,478796,481312,363094,143,49,47,47,111,5016,263.810,2753,4611,3000,0
2026-07-26T04:51:45Z,249177,2237048,1276940,478796,481312,373334,143,49,47,47,111,5016,263.810,2761,4295,3000,0
2026-07-26T04:52:16Z,249208,2237048,1276940,478796,481312,377430,143,49,47,47,111,5016,263.810,2991,4611,3000,0
2026-07-26T04:52:47Z,249239,2237048,1276940,478796,481312,367190,143,49,47,47,111,5016,263.810,2885,4639,3000,0
2026-07-26T04:53:19Z,249271,2237048,1276940,478796,481312,369238,143,49,47,47,111,5016,263.810,2769,4567,3000,0
2026-07-26T04:53:50Z,249302,2237060,1276940,478808,481312,371286,143,49,47,47,111,5016,263.810,2809,4475,3000,0
2026-07-26T04:54:21Z,249333,2237064,1276940,478812,481312,379478,143,49,47,47,111,5016,263.810,2785,4931,3000,0
2026-07-26T04:54:53Z,249365,2237064,1276940,478812,481312,352857,143,49,47,47,111,5016,263.810,2777,4195,3000,0
2026-07-26T04:55:24Z,249396,2237064,1276940,478812,481312,377433,143,49,47,47,111,5016,263.810,2791,4359,3000,0
2026-07-26T04:55:56Z,249428,2237064,1276940,478812,481312,385625,143,49,47,47,111,5016,263.810,2819,4695,3000,0
2026-07-26T04:56:27Z,249459,2237064,1276940,478812,481312,430681,143,49,47,47,111,5016,263.810,2751,4595,3000,0
2026-07-26T04:56:58Z,249490,2237064,1276940,478812,481312,369241,143,49,47,47,111,5016,263.810,2767,4587,3000,0
2026-07-26T04:57:30Z,249522,2237064,1276940,478812,481312,371289,143,49,47,47,111,5016,263.810,3023,4567,3000,0
2026-07-26T04:58:01Z,249553,2237064,1276940,478812,481312,365145,143,49,47,47,111,5016,263.810,3009,4731,3000,0
2026-07-26T04:58:32Z,249584,2237064,1276940,478812,481312,369241,143,49,47,47,111,5016,263.810,2755,4419,3000,0
2026-07-26T04:59:04Z,249616,2237064,1276940,478812,481312,373337,143,49,47,47,111,5016,263.810,2767,4351,3000,0
2026-07-26T04:59:35Z,249647,2237064,1276940,478812,481312,381529,143,49,47,47,111,5016,263.810,3043,4795,3000,0
2026-07-26T05:00:07Z,249679,2237064,1276940,478812,481312,365146,143,49,47,47,111,5016,263.810,2819,4531,3000,0
2026-07-26T05:00:38Z,249710,2237064,1276940,478812,481312,381530,143,49,47,47,111,5016,263.810,2833,4527,3000,0
2026-07-26T05:01:09Z,249741,2237064,1276940,478812,481312,375386,143,49,47,47,111,5016,263.810,2873,4763,3000,0
2026-07-26T05:01:41Z,249773,2237064,1276940,478812,481312,354906,143,49,47,47,111,5016,263.810,2785,4891,3000,0
2026-07-26T05:02:12Z,249804,2237064,1276940,478812,481312,369242,143,49,47,47,111,5016,263.810,2927,4587,3000,0
2026-07-26T05:02:43Z,249835,2237064,1276940,478812,481312,375386,143,49,47,47,111,5016,263.810,2797,4607,3000,0
2026-07-26T05:03:15Z,249867,2237064,1276940,478812,481312,434778,143,49,47,47,111,5016,263.810,2953,4747,3000,0
2026-07-26T05:03:46Z,249898,2237064,1276940,478812,481312,369242,143,49,47,47,111,5016,263.810,2753,4627,3000,0
2026-07-26T05:04:18Z,249930,2237064,1276940,478812,481312,371290,143,49,47,47,111,5016,263.810,2763,4335,3000,0
2026-07-26T05:04:49Z,249961,2237064,1276940,478812,481312,373338,143,49,47,47,111,5016,263.810,2969,4667,3000,0
2026-07-26T05:05:20Z,249992,2237064,1276940,478812,481312,350810,143,49,47,47,111,5016,263.810,2703,4411,3000,0
2026-07-26T05:05:52Z,250024,2237064,1276940,478812,481312,373338,143,49,47,47,111,5016,263.810,2819,4503,3000,0
2026-07-26T05:06:23Z,250055,2237064,1276940,478812,481312,395866,143,49,47,47,111,5016,263.810,2875,4663,3000,0
2026-07-26T05:06:55Z,250087,2237064,1276940,478812,481312,369242,143,49,47,47,111,5016,263.810,2815,4639,3000,0
2026-07-26T05:07:26Z,250118,2237064,1276940,478812,481312,363098,143,49,47,47,111,5016,263.810,2779,4287,3000,0
2026-07-26T05:07:57Z,250149,2237064,1276940,478812,481312,383578,143,49,47,47,111,5016,263.810,3001,4455,3000,0
2026-07-26T05:08:29Z,250181,2237064,1276940,478812,481312,373338,143,49,47,47,111,5016,263.810,2895,4791,3000,0
2026-07-26T05:09:00Z,250212,2237064,1276940,478812,481312,367194,143,49,47,47,111,5016,263.810,2861,4191,3000,0
2026-07-26T05:09:31Z,250243,2237064,1276940,478812,481312,367194,143,49,47,47,111,5016,263.810,2715,4291,3000,0
2026-07-26T05:10:03Z,250275,2237064,1276940,478812,481312,438874,143,49,47,47,111,5016,263.810,2895,4783,3000,0
2026-07-26T05:10:34Z,250306,2237064,1276940,478812,481312,352858,143,49,47,47,111,5016,263.810,2841,4335,3000,0
2026-07-26T05:11:05Z,250337,2237068,1276940,478816,481312,356954,143,49,47,47,111,5016,263.810,2793,4295,3000,0
2026-07-26T05:11:37Z,250369,2237068,1276940,478816,481312,367194,143,49,47,47,111,5016,263.810,2851,4863,3000,0
2026-07-26T05:12:08Z,250400,2237068,1276940,478816,481312,352858,143,49,47,47,111,5016,263.810,2937,4767,3000,0
2026-07-26T05:12:40Z,250432,2237068,1276940,478816,481312,377434,143,49,47,47,111,5016,263.810,2907,4651,3000,0
2026-07-26T05:13:11Z,250463,2237068,1276940,478816,481312,369242,143,49,47,47,111,5016,263.810,2799,4583,3000,0
2026-07-26T05:13:42Z,250494,2237068,1276940,478816,481312,381530,143,49,47,47,111,5016,263.810,2919,4419,3000,0
2026-07-26T05:14:14Z,250526,2237068,1276940,478816,481312,375386,143,49,47,47,111,5016,263.810,2855,4407,3000,0
2026-07-26T05:14:45Z,250557,2237068,1276940,478816,481312,377434,143,49,47,47,111,5016,263.810,2795,4551,3000,0
2026-07-26T05:15:16Z,250588,2237880,1276940,479628,481312,434778,143,49,47,47,111,5016,263.810,2853,4555,3000,0
2026-07-26T05:15:48Z,250620,2237880,1276940,479628,481312,434778,143,49,47,47,111,5016,263.810,2727,4455,3000,0
2026-07-26T05:16:19Z,250651,2237880,1276940,479628,481312,367194,143,49,47,47,111,5016,263.810,2783,4371,3000,0
2026-07-26T05:16:51Z,250683,2237880,1276940,479628,481312,379482,143,49,47,47,111,5016,263.810,2777,4763,3000,0
2026-07-26T05:17:22Z,250714,2237880,1276940,479628,481312,428634,143,49,47,47,111,5016,263.810,2897,4535,3000,0
2026-07-26T05:17:53Z,250745,2237880,1276940,479628,481312,371290,143,49,47,47,111,5016,263.810,2753,4579,3000,0
2026-07-26T05:18:25Z,250777,2237880,1276940,479628,481312,367194,143,49,47,47,111,5016,263.810,2795,4463,3000,0
2026-07-26T05:18:56Z,250808,2237880,1276940,479628,481312,420442,143,49,47,47,111,5016,263.810,2695,4523,3000,0
2026-07-26T05:19:28Z,250840,2237880,1276940,479628,481312,373338,143,49,47,47,111,5016,263.810,2713,4563,3000,0
2026-07-26T05:19:59Z,250871,2237880,1276940,479628,481312,377434,143,49,47,47,111,5016,263.810,2843,4255,3000,0
2026-07-26T05:20:30Z,250902,2237880,1276940,479628,481312,436826,143,49,47,47,111,5016,263.810,2805,4303,3000,0
2026-07-26T05:21:02Z,250934,2237880,1276940,479628,481312,442970,143,49,47,47,111,5016,263.810,2733,4287,3000,0
2026-07-26T05:21:33Z,250965,2237880,1276940,479628,481312,373338,143,49,47,47,111,5016,263.810,2927,4479,3000,0
2026-07-26T05:22:04Z,250996,2237880,1276940,479628,481312,377434,143,49,47,47,111,5016,263.810,3065,4759,3000,0
2026-07-26T05:22:36Z,251028,2237880,1276940,479628,481312,432730,143,49,47,47,111,5016,263.810,2739,4635,3000,0
2026-07-26T05:23:07Z,251059,2237880,1276940,479628,481312,365146,143,49,47,47,111,5016,263.810,2753,4399,3000,0
2026-07-26T05:23:39Z,251091,2237880,1276940,479628,481312,375386,143,49,47,47,111,5016,263.810,2783,4415,3000,0
2026-07-26T05:24:10Z,251122,2237880,1276940,479628,481312,432730,143,49,47,47,111,5016,263.810,2747,4379,3000,0
2026-07-26T05:24:41Z,251153,2237880,1276940,479628,481312,356954,143,49,47,47,111,5016,263.810,2719,4347,3000,0
2026-07-26T05:25:13Z,251185,2237880,1276940,479628,481312,369242,143,49,47,47,111,5016,263.810,2705,4235,3000,0
2026-07-26T05:25:44Z,251216,2237880,1276940,479628,481312,356954,143,49,47,47,111,5016,263.810,2841,4359,3000,0
2026-07-26T05:26:16Z,251248,2237880,1276940,479628,481312,352858,143,49,47,47,111,5016,263.810,2689,4675,3000,0
2026-07-26T05:26:47Z,251279,2237880,1276940,479628,481312,373338,143,49,47,47,111,5016,263.810,2717,4207,3000,0
2026-07-26T05:27:18Z,251310,2237880,1276940,479628,481312,375386,143,49,47,47,111,5016,263.810,2895,4671,3000,0
2026-07-26T05:27:50Z,251342,2237880,1276940,479628,481312,363098,143,49,47,47,111,5016,263.810,2911,4495,3000,0
2026-07-26T05:28:21Z,251373,2237880,1276940,479628,481312,371290,143,49,47,47,111,5016,263.810,2703,4283,3000,0
2026-07-26T05:28:53Z,251405,2237880,1276940,479628,481312,385626,143,49,47,47,111,5016,263.810,2791,4539,3000,0
2026-07-26T05:29:24Z,251436,2237880,1276940,479628,481312,375386,143,49,47,47,111,5016,263.810,2763,4527,3000,0
2026-07-26T05:29:55Z,251467,2237880,1276940,479628,481312,369242,143,49,47,47,111,5016,263.810,2891,4435,3000,0
2026-07-26T05:30:27Z,251499,2237880,1276940,479628,481312,369242,143,49,47,47,111,5016,263.810,2787,4235,3000,0
2026-07-26T05:30:58Z,251530,2237880,1276940,479628,481312,420442,143,49,47,47,111,5016,263.810,2921,4627,3000,0
2026-07-26T05:31:29Z,251561,2237880,1276940,479628,481312,350810,143,49,47,47,111,5016,263.810,2757,4275,3000,0
2026-07-26T05:32:01Z,251593,2237880,1276940,479628,481312,365146,143,49,47,47,111,5016,263.810,2807,4775,3000,0
2026-07-26T05:32:32Z,251624,2237880,1276940,479628,481312,369242,143,49,47,47,111,5016,263.810,2909,4635,3000,0
2026-07-26T05:33:04Z,251656,2237880,1276940,479628,481312,365147,143,49,47,47,111,5016,263.810,2755,4419,3000,0
2026-07-26T05:33:35Z,251687,2237880,1276940,479628,481312,359003,143,49,47,47,111,5016,263.810,2989,4491,3000,0
2026-07-26T05:34:06Z,251718,2237880,1276940,479628,481312,375387,143,49,47,47,111,5016,263.810,2787,4531,3000,0
2026-07-26T05:34:38Z,251750,2238692,1276940,480440,481312,440923,143,49,47,47,111,5016,263.810,2803,4659,3000,0
2026-07-26T05:35:09Z,251781,2238776,1277024,480440,481312,377435,143,49,47,47,111,5016,263.810,2835,4351,3000,0
2026-07-26T05:35:40Z,251812,2238776,1277024,480440,481312,375387,143,49,47,47,111,5016,263.810,2809,4435,3000,0
2026-07-26T05:36:12Z,251844,2238776,1277024,480440,481312,371291,143,49,47,47,111,5016,263.810,2837,4431,3000,0
2026-07-26T05:36:43Z,251875,2238776,1277024,480440,481312,352859,143,49,47,47,111,5016,263.810,2747,4627,3000,0
2026-07-26T05:37:15Z,251907,2238776,1277024,480440,481312,354907,143,49,47,47,111,5016,263.810,2913,4523,3000,0
2026-07-26T05:37:46Z,251938,2238776,1277024,480440,481312,375387,143,49,47,47,111,5016,263.810,2829,4335,3000,0
2026-07-26T05:38:17Z,251969,2238776,1277024,480440,481312,496219,143,49,47,47,111,5016,263.810,2763,4519,3000,0
2026-07-26T05:38:49Z,252001,2238776,1277024,480440,481312,361051,143,49,47,47,111,5016,263.810,2795,4663,3000,0
2026-07-26T05:39:20Z,252032,2238776,1277024,480440,481312,363099,143,49,47,47,111,5016,263.810,2803,4275,3000,0
2026-07-26T05:39:51Z,252063,2238776,1277024,480440,481312,508507,143,49,47,47,111,5016,263.810,2993,4467,3000,0
2026-07-26T05:40:23Z,252095,2238776,1277024,480440,481312,363099,143,49,47,47,111,5016,263.810,2735,4295,3000,0
2026-07-26T05:40:54Z,252126,2238776,1277024,480440,481312,367195,143,49,47,47,111,5016,263.810,2775,4419,3000,0
2026-07-26T05:41:26Z,252158,2238776,1277024,480440,481312,434779,143,49,47,47,111,5016,263.810,2795,4575,3000,0
2026-07-26T05:41:57Z,252189,2238780,1277024,480444,481312,428635,143,49,47,47,111,5016,263.810,2723,4231,3000,0
2026-07-26T05:42:28Z,252220,2255900,1277024,497564,481312,377435,143,49,47,47,111,5016,263.810,2867,4691,3000,0
2026-07-26T05:43:00Z,252252,2255900,1277024,497564,481312,369243,143,49,47,47,111,5016,263.810,2823,4623,3000,0
2026-07-26T05:43:31Z,252283,2255904,1277024,497568,481312,361051,143,49,47,47,111,5016,263.810,2755,4351,3000,0
2026-07-26T05:44:03Z,252315,2255904,1277024,497568,481312,371291,143,49,47,47,111,5016,263.810,2721,4363,3000,0
2026-07-26T05:44:34Z,252346,2255904,1277024,497568,481312,385627,143,49,47,47,111,5016,263.810,2879,4479,3000,0
2026-07-26T05:45:05Z,252377,2255904,1277024,497568,481312,432732,143,49,47,47,111,5016,263.810,2767,4595,3000,0
2026-07-26T05:45:37Z,252409,2255904,1277024,497568,481312,361052,143,49,47,47,111,5016,263.810,2819,4475,3000,0
2026-07-26T05:46:08Z,252440,2255904,1277024,497568,481312,361052,143,49,47,47,111,5016,263.810,2813,4467,3000,0
2026-07-26T05:46:39Z,252471,2255904,1277024,497568,481312,434780,143,49,47,47,111,5016,263.810,2759,4851,3000,0
2026-07-26T05:47:11Z,252503,2255904,1277024,497568,481312,420444,143,49,47,47,111,5016,263.810,2811,4279,3000,0
2026-07-26T05:47:42Z,252534,2255904,1277024,497568,481312,369244,143,49,47,47,111,5016,263.810,2765,4359,3000,0
2026-07-26T05:48:14Z,252566,2255904,1277024,497568,481312,371292,143,49,47,47,111,5016,263.810,2953,4375,3000,0
2026-07-26T05:48:45Z,252597,2255904,1277024,497568,481312,432732,143,49,47,47,111,5016,263.810,2721,4463,3000,0
2026-07-26T05:49:16Z,252628,2255904,1277024,497568,481312,363100,143,49,47,47,111,5016,263.810,2903,4527,3000,0
2026-07-26T05:49:48Z,252660,2255904,1277024,497568,481312,383580,143,49,47,47,111,5016,263.810,2759,4379,3000,0
2026-07-26T05:50:19Z,252691,2255904,1277024,497568,481312,506460,143,49,47,47,111,5016,263.810,2779,4903,3000,0
2026-07-26T05:50:50Z,252722,2255904,1277024,497568,481312,359004,143,49,47,47,111,5016,263.810,2905,4395,3000,0
2026-07-26T05:51:22Z,252754,2255904,1277024,497568,481312,365148,143,49,47,47,111,5016,263.810,2761,4459,3000,0
2026-07-26T05:51:53Z,252785,2255968,1277024,497632,481312,567900,143,49,47,47,111,5016,263.810,2991,4631,3000,0
2026-07-26T05:52:25Z,252817,2255968,1277024,497632,481312,504412,143,49,47,47,111,5016,263.810,2693,4187,3000,0
2026-07-26T05:52:56Z,252848,2255968,1277024,497632,481312,356956,143,49,47,47,111,5016,263.810,2719,4223,3000,0
2026-07-26T05:53:27Z,252879,2255968,1277024,497632,481312,359004,143,49,47,47,111,5016,263.810,2981,4531,3000,0
2026-07-26T05:53:59Z,252911,2255968,1277024,497632,481312,418396,143,49,47,47,111,5016,263.810,2877,4675,3000,0
2026-07-26T05:54:30Z,252942,2255968,1277024,497632,481312,371292,143,49,47,47,111,5016,263.810,2713,4575,3000,0
2026-07-26T05:55:02Z,252974,2255968,1277024,497632,481312,377436,143,49,47,47,111,5016,263.810,2857,4375,3000,0
2026-07-26T05:55:33Z,253005,2255968,1277024,497632,481312,373340,143,49,47,47,111,5016,263.810,2749,4411,3000,0
2026-07-26T05:56:04Z,253036,2255968,1277024,497632,481312,365148,143,49,47,47,111,5016,263.810,2727,4251,3000,0
2026-07-26T05:56:36Z,253068,2255968,1277024,497632,481312,373340,143,49,47,47,111,5016,263.810,2793,4403,3000,0
2026-07-26T05:57:07Z,253099,2255968,1277024,497632,481312,512604,143,49,47,47,111,5016,263.810,2781,4663,3000,0
2026-07-26T05:57:38Z,253130,2255968,1277024,497632,481312,508508,143,49,47,47,111,5016,263.810,2715,4267,3000,0
2026-07-26T05:58:10Z,253162,2255968,1277024,497632,481312,363100,143,49,47,47,111,5016,263.810,2793,4547,3000,0
2026-07-26T05:58:41Z,253193,2255968,1277024,497632,481312,375388,143,49,47,47,111,5016,263.810,2785,4579,3000,0
2026-07-26T05:59:13Z,253225,2255968,1277024,497632,481312,567900,143,49,47,47,111,5016,263.810,2847,4735,3000,0
2026-07-26T05:59:44Z,253256,2257620,1277024,499284,481312,356956,143,49,47,47,111,5016,263.810,2915,4487,3000,0
2026-07-26T06:00:15Z,253287,2257620,1277024,499284,481312,359004,143,49,47,47,111,5016,263.810,2933,4727,3000,0
2026-07-26T06:00:47Z,253319,2257620,1277024,499284,481312,432732,143,49,47,47,111,5016,263.810,2765,4491,3000,0
2026-07-26T06:01:18Z,253350,2257620,1277024,499284,481312,359004,143,49,47,47,111,5016,263.810,2749,4255,3000,0
2026-07-26T06:01:49Z,253381,2257620,1277024,499284,481312,367196,143,49,47,47,111,5016,263.810,2995,4459,3000,0
2026-07-26T06:02:21Z,253413,2257620,1277024,499284,481312,436828,143,49,47,47,111,5016,263.810,2843,4631,3000,0
2026-07-26T06:02:52Z,253444,2257620,1277024,499284,481312,440924,143,49,47,47,111,5016,263.810,2847,4387,3000,0
2026-07-26T06:03:24Z,253476,2257620,1277024,499284,481312,373340,143,49,47,47,111,5016,263.810,2823,4375,3000,0
2026-07-26T06:03:55Z,253507,2257620,1277024,499284,481312,377436,143,49,47,47,111,5016,263.810,3019,4599,3000,0
2026-07-26T06:04:26Z,253538,2257620,1277024,499284,481312,365148,143,49,47,47,111,5016,263.810,2855,4635,3000,0
2026-07-26T06:04:58Z,253570,2257620,1277024,499284,481312,375388,143,49,47,47,111,5016,263.810,2881,4383,3000,0
2026-07-26T06:05:29Z,253601,2257620,1277024,499284,481312,371292,143,49,47,47,111,5016,263.810,2985,4579,3000,0
2026-07-26T06:06:00Z,253632,2257620,1277024,499284,481312,496220,143,49,47,47,111,5016,263.810,2735,4611,3000,0
2026-07-26T06:06:32Z,253664,2257620,1277024,499284,481312,379484,143,49,47,47,111,5016,263.810,2829,4435,3000,0
2026-07-26T06:07:03Z,253695,2257620,1277024,499284,481312,383580,143,49,47,47,111,5016,263.810,2767,4403,3000,0
2026-07-26T06:07:35Z,253727,2257620,1277024,499284,481312,375388,143,49,47,47,111,5016,263.810,2825,4555,3000,0
2026-07-26T06:08:06Z,253758,2257620,1277024,499284,481312,363100,143,49,47,47,111,5016,263.810,2765,4407,3000,0
2026-07-26T06:08:37Z,253789,2257620,1277024,499284,481312,373340,143,49,47,47,111,5016,263.810,2773,4579,3000,0
2026-07-26T06:09:09Z,253821,2257620,1277024,499284,481312,377436,143,49,47,47,111,5016,263.810,2939,4807,3000,0
2026-07-26T06:09:40Z,253852,2257620,1277024,499284,481312,381532,143,49,47,47,111,5016,263.810,2787,4503,3000,0
2026-07-26T06:10:12Z,253884,2257620,1277024,499284,481312,381532,143,49,47,47,111,5016,263.810,2809,4575,3000,0
2026-07-26T06:10:43Z,253915,2257620,1277024,499284,481312,377436,143,49,47,47,111,5016,263.810,2891,4335,3000,0
2026-07-26T06:11:14Z,253946,2257624,1277024,499288,481312,359005,143,49,47,47,111,5016,263.810,2789,4691,3000,0
2026-07-26T06:11:46Z,253978,2257624,1277024,499288,481312,373341,143,49,47,47,111,5016,263.810,2789,4671,3000,0
2026-07-26T06:12:17Z,254009,2257624,1277024,499288,481312,379485,143,49,47,47,111,5016,263.810,2973,4595,3000,0
2026-07-26T06:12:49Z,254041,2257624,1277024,499288,481312,430685,143,49,47,47,111,5016,263.810,2989,4671,3000,0
2026-07-26T06:13:20Z,254072,2257624,1277024,499288,481312,348765,143,49,47,47,111,5016,263.810,2737,4367,3000,0
2026-07-26T06:13:51Z,254103,2257624,1277024,499288,481312,365149,143,49,47,47,111,5016,263.810,2761,4511,3000,0
2026-07-26T06:14:23Z,254135,2257624,1277024,499288,481312,365149,143,49,47,47,111,5016,263.810,2869,4595,3000,0
2026-07-26T06:14:54Z,254166,2257624,1277024,499288,481312,352861,143,49,47,47,111,5016,263.810,2745,4647,3000,0
2026-07-26T06:15:25Z,254197,2257624,1277024,499288,481312,359005,143,49,47,47,111,5016,263.810,2951,4423,3000,0
2026-07-26T06:15:57Z,254229,2257624,1277024,499288,481312,373341,143,49,47,47,111,5016,263.810,2825,4495,3000,0
2026-07-26T06:16:28Z,254260,2257624,1277024,499288,481312,367197,143,49,47,47,111,5016,263.810,2767,4755,3000,0
2026-07-26T06:17:00Z,254292,2257624,1277024,499288,481312,369245,143,49,47,47,111,5016,263.810,2759,4311,3000,0
2026-07-26T06:17:31Z,254323,2257624,1277024,499288,481312,375389,143,49,47,47,111,5016,263.810,2847,4535,3000,0
2026-07-26T06:18:02Z,254354,2257624,1277024,499288,481312,363101,143,49,47,47,111,5016,263.810,2799,4471,3000,0
2026-07-26T06:18:34Z,254386,2257624,1277024,499288,481312,356957,143,49,47,47,111,5016,263.810,2725,4455,3000,0
2026-07-26T06:19:05Z,254417,2257624,1277024,499288,481312,369245,143,49,47,47,111,5016,263.810,2801,4599,3000,0
2026-07-26T06:19:36Z,254448,2257624,1277024,499288,481312,373341,143,49,47,47,111,5016,263.810,2851,4407,3000,0
2026-07-26T06:20:08Z,254480,2257628,1277024,499292,481312,432738,143,49,47,47,111,5016,263.810,2699,4299,3000,0
2026-07-26T06:20:39Z,254511,2257628,1277024,499292,481312,359010,143,49,47,47,111,5016,263.810,2783,4471,3000,0
2026-07-26T06:21:11Z,254543,2257628,1277024,499292,481312,367202,143,49,47,47,111,5016,263.810,2813,4207,3000,0
2026-07-26T06:21:42Z,254574,2257628,1277024,499292,481312,356962,143,49,47,47,111,5016,263.810,2849,4763,3000,0
2026-07-26T06:22:13Z,254605,2257628,1277024,499292,481312,361058,143,49,47,47,111,5016,263.810,2833,4611,3000,0
2026-07-26T06:22:45Z,254637,2257628,1277024,499292,481312,369250,143,49,47,47,111,5016,263.810,2775,4347,3000,0
2026-07-26T06:23:16Z,254668,2257628,1277024,499292,481312,375394,143,49,47,47,111,5016,263.810,2765,4475,3000,0
2026-07-26T06:23:48Z,254700,2257628,1277024,499292,481312,354914,143,49,47,47,111,5016,263.810,2679,4491,3000,0
2026-07-26T06:24:19Z,254731,2257628,1277024,499292,481312,373346,143,49,47,47,111,5016,263.810,2743,4591,3000,0
2026-07-26T06:24:50Z,254762,2257628,1277024,499292,481312,377442,143,49,47,47,111,5016,263.810,2837,4427,3000,0
2026-07-26T06:25:22Z,254794,2257628,1277024,499292,481312,350818,143,49,47,47,111,5016,263.810,2735,4543,3000,0
2026-07-26T06:25:53Z,254825,2257628,1277024,499292,481312,367202,143,49,47,47,111,5016,263.810,2775,4287,3000,0
2026-07-26T06:26:25Z,254857,2257628,1277024,499292,481312,369250,143,49,47,47,111,5016,263.810,2885,4359,3000,0
2026-07-26T06:26:56Z,254888,2257628,1277024,499292,481312,424546,143,49,47,47,111,5016,263.810,2725,4411,3000,0
2026-07-26T06:27:27Z,254919,2257628,1277024,499292,481312,354914,143,49,47,47,111,5016,263.810,2913,4283,3000,0
2026-07-26T06:27:59Z,254951,2257628,1277024,499292,481312,361058,143,49,47,47,111,5016,263.810,2761,4863,3000,0
2026-07-26T06:28:30Z,254982,2257628,1277024,499292,481312,373346,143,49,47,47,111,5016,263.810,2849,4607,3000,0
2026-07-26T06:29:01Z,255013,2257628,1277024,499292,481312,363106,143,49,47,47,111,5016,263.810,2691,4231,3000,0
2026-07-26T06:29:33Z,255045,2257628,1277024,499292,481312,367202,143,49,47,47,111,5016,263.810,2753,4311,3000,0
2026-07-26T06:30:04Z,255076,2257628,1277024,499292,481312,381538,143,49,47,47,111,5016,263.810,2909,4611,3000,0
2026-07-26T06:30:36Z,255108,2257628,1277024,499292,481312,367202,143,49,47,47,111,5016,263.810,2723,4547,3000,0
2026-07-26T06:31:07Z,255139,2257628,1277024,499292,481312,361058,143,49,47,47,111,5016,263.810,2759,4399,3000,0
2026-07-26T06:31:38Z,255170,2257628,1277024,499292,481312,373346,143,49,47,47,111,5016,263.810,2857,4607,3000,0
2026-07-26T06:32:10Z,255202,2257628,1277024,499292,481312,367202,143,49,47,47,111,5016,263.810,2771,4499,3000,0
2026-07-26T06:32:41Z,255233,2257628,1277024,499292,481312,354914,143,49,47,47,111,5016,263.810,2819,4219,3000,0
2026-07-26T06:33:13Z,255265,2257628,1277024,499292,481312,363106,143,49,47,47,111,5016,263.810,2835,4459,3000,0
2026-07-26T06:33:44Z,255296,2257628,1277024,499292,481312,428642,143,49,47,47,111,5016,263.810,2851,4551,3000,0
2026-07-26T06:34:15Z,255327,2257628,1277024,499292,481312,367202,143,49,47,47,111,5016,263.810,2843,4331,3000,0
2026-07-26T06:34:47Z,255359,2257628,1277024,499292,481312,363106,143,49,47,47,111,5016,263.810,2755,4603,3000,0
2026-07-26T06:35:18Z,255390,2257628,1277024,499292,481312,365154,143,49,47,47,111,5016,263.810,3001,4711,3000,0
2026-07-26T06:35:49Z,255421,2257628,1277024,499292,481312,342626,143,49,47,47,111,5016,263.810,2869,4555,3000,0
2026-07-26T06:36:21Z,255453,2257628,1277024,499292,481312,367202,143,49,47,47,111,5016,263.810,2899,4447,3000,0
2026-07-26T06:36:52Z,255484,2257628,1277024,499292,481312,379490,143,49,47,47,111,5016,263.810,2919,4371,3000,0
2026-07-26T06:37:24Z,255516,2257628,1277024,499292,481312,363106,143,49,47,47,111,5016,263.810,2731,4867,3000,0
2026-07-26T06:37:55Z,255547,2257644,1277040,499292,481312,365154,143,49,47,47,111,5016,263.810,2741,4423,3000,0
2026-07-26T06:38:26Z,255578,2257644,1277040,499292,481312,373346,143,49,47,47,111,5016,263.810,2925,4511,3000,0
2026-07-26T06:38:58Z,255610,2257644,1277040,499292,481312,432738,143,49,47,47,111,5016,263.810,2779,4643,3000,0
2026-07-26T06:39:29Z,255641,2257644,1277040,499292,481312,359010,143,49,47,47,111,5016,263.810,2743,4295,3000,0
2026-07-26T06:40:00Z,255672,2257644,1277040,499292,481312,367202,143,49,47,47,111,5016,263.810,2747,4523,3000,0
2026-07-26T06:40:32Z,255704,2257644,1277040,499292,481312,375394,143,49,47,47,111,5016,263.810,2771,4583,3000,0
2026-07-26T06:41:03Z,255735,2257644,1277040,499292,481312,359010,143,49,47,47,111,5016,263.810,2725,4563,3000,0
2026-07-26T06:41:35Z,255767,2257644,1277040,499292,481312,377442,143,49,47,47,111,5016,263.810,2731,4299,3000,0
2026-07-26T06:42:06Z,255798,2257644,1277040,499292,481312,371298,143,49,47,47,111,5016,263.810,2811,4431,3000,0
2026-07-26T06:42:37Z,255829,2257644,1277040,499292,481312,373346,143,49,47,47,111,5016,263.810,2859,4771,3000,0
2026-07-26T06:43:09Z,255861,2257644,1277040,499292,481312,377442,143,49,47,47,111,5016,263.810,2687,4143,3000,0
2026-07-26T06:43:40Z,255892,2257644,1277040,499292,481312,381538,143,49,47,47,111,5016,263.810,2749,4387,3000,0
2026-07-26T06:44:12Z,255924,2257648,1277040,499296,481312,373346,143,49,47,47,111,5016,263.810,2735,4411,3000,0
2026-07-26T06:44:43Z,255955,2257648,1277040,499296,481312,363106,143,49,47,47,111,5016,263.810,2723,4527,3000,0
2026-07-26T06:45:14Z,255986,2257648,1277040,499296,481312,369250,143,49,47,47,111,5016,263.810,2735,4503,3000,0
2026-07-26T06:45:46Z,256018,2257648,1277040,499296,481312,381538,143,49,47,47,111,5016,263.810,2781,4311,3000,0
2026-07-26T06:46:17Z,256049,2257648,1277040,499296,481312,420450,143,49,47,47,111,5016,263.810,2757,4587,3000,0
2026-07-26T06:46:48Z,256080,2257648,1277040,499296,481312,352866,143,49,47,47,111,5016,263.810,2907,4559,3000,0
2026-07-26T06:47:20Z,256112,2257648,1277040,499296,481312,365154,143,49,47,47,111,5016,263.810,2817,4639,3000,0
2026-07-26T06:47:51Z,256143,2257648,1277040,499296,481312,367202,143,49,47,47,111,5016,263.810,2743,4415,3000,0
2026-07-26T06:48:23Z,256174,2257648,1277040,499296,481312,373346,143,49,47,47,111,5016,263.810,2809,4411,3000,0
2026-07-26T06:48:54Z,256206,2257648,1277040,499296,481312,379490,143,49,47,47,111,5016,263.810,2731,4319,3000,0
2026-07-26T06:49:25Z,256237,2257648,1277040,499296,481312,375394,143,49,47,47,111,5016,263.810,2787,4483,3000,0
2026-07-26T06:49:57Z,256269,2257648,1277040,499296,481312,365154,143,49,47,47,111,5016,263.810,2697,4667,3000,0
2026-07-26T06:50:28Z,256300,2257648,1277040,499296,481312,365154,143,49,47,47,111,5016,263.810,2755,4463,3000,0
2026-07-26T06:50:59Z,256331,2257648,1277040,499296,481312,373346,143,49,47,47,111,5016,263.810,2779,4447,3000,0
2026-07-26T06:51:31Z,256363,2257648,1277040,499296,481312,359010,143,49,47,47,111,5016,263.810,2675,4679,3000,0
2026-07-26T06:52:02Z,256394,2257648,1277040,499296,481312,377442,143,49,47,47,111,5016,263.810,2803,4431,3000,0
2026-07-26T06:52:34Z,256426,2257648,1277040,499296,481312,371298,143,49,47,47,111,5016,263.810,2989,4411,3000,0
2026-07-26T06:53:05Z,256457,2257648,1277040,499296,481312,414306,143,49,47,47,111,5016,263.810,2785,4567,3000,0
2026-07-26T06:53:36Z,256488,2257648,1277040,499296,481312,356962,143,49,47,47,111,5016,263.810,2847,4419,3000,0
2026-07-26T06:54:08Z,256520,2257648,1277040,499296,481312,361058,143,49,47,47,111,5016,263.810,2823,4259,3000,0
2026-07-26T06:54:39Z,256551,2257648,1277040,499296,481312,359010,143,49,47,47,111,5016,263.810,2929,4587,3000,0
2026-07-26T06:55:10Z,256582,2257648,1277040,499296,481312,361058,143,49,47,47,111,5016,263.810,2783,4215,3000,0
2026-07-26T06:55:42Z,256614,2257648,1277040,499296,481312,367202,143,49,47,47,111,5016,263.810,2837,4635,3000,0
2026-07-26T06:56:13Z,256645,2257648,1277040,499296,481312,381538,143,49,47,47,111,5016,263.810,2853,4359,3000,0
2026-07-26T06:56:45Z,256677,2257648,1277040,499296,481312,375394,143,49,47,47,111,5016,263.810,2813,5123,3000,0
2026-07-26T06:57:16Z,256708,2257648,1277040,499296,481312,356962,143,49,47,47,111,5016,263.810,2751,4215,3000,0
2026-07-26T06:57:47Z,256739,2257648,1277040,499296,481312,377442,143,49,47,47,111,5016,263.810,2897,4331,3000,0
2026-07-26T06:58:19Z,256771,2257648,1277040,499296,481312,354914,143,49,47,47,111,5016,263.810,2751,4599,3000,0
2026-07-26T06:58:50Z,256802,2257648,1277040,499296,481312,365154,143,49,47,47,111,5016,263.810,2845,4499,3000,0
2026-07-26T06:59:22Z,256834,2257648,1277040,499296,481312,367202,143,49,47,47,111,5016,263.810,2727,4203,3000,0
2026-07-26T06:59:53Z,256865,2257648,1277040,499296,481312,422498,143,49,47,47,111,5016,263.810,2747,4611,3000,0
2026-07-26T07:00:24Z,256896,2257648,1277040,499296,481312,350818,143,49,47,47,111,5016,263.810,2707,4343,3000,0
2026-07-26T07:00:56Z,256928,2257648,1277040,499296,481312,356962,143,49,47,47,111,5016,263.810,2825,4411,3000,0
2026-07-26T07:01:27Z,256959,2257648,1277040,499296,481312,367202,143,49,47,47,111,5016,263.810,2911,4643,3000,0
2026-07-26T07:01:58Z,256990,2257648,1277040,499296,481312,350818,143,49,47,47,111,5016,263.810,2733,4515,3000,0
2026-07-26T07:02:30Z,257022,2257648,1277040,499296,481312,356962,143,49,47,47,111,5016,263.810,2869,4575,3000,0
2026-07-26T07:03:01Z,257053,2257648,1277040,499296,481312,371298,143,49,47,47,111,5016,263.810,2757,4523,3000,0
2026-07-26T07:03:33Z,257085,2257648,1277040,499296,481312,434786,143,49,47,47,111,5016,263.810,2745,4491,3000,0
2026-07-26T07:04:04Z,257116,2257648,1277040,499296,481312,371298,143,49,47,47,111,5016,263.810,2717,4439,3000,0
2026-07-26T07:04:35Z,257147,2257648,1277040,499296,481312,371298,143,49,47,47,111,5016,263.810,2743,4375,3000,0
2026-07-26T07:05:07Z,257179,2257648,1277040,499296,481312,438882,143,49,47,47,111,5016,263.810,2749,4611,3000,0
2026-07-26T07:05:38Z,257210,2257648,1277040,499296,481312,426594,143,49,47,47,111,5016,263.810,2693,4311,3000,0
2026-07-26T07:06:10Z,257242,2257648,1277040,499296,481312,369250,143,49,47,47,111,5016,263.810,2779,4339,3000,0
2026-07-26T07:06:41Z,257273,2257648,1277040,499296,481312,373346,143,49,47,47,111,5016,263.810,2801,4435,3000,0
2026-07-26T07:07:12Z,257304,2257648,1277040,499296,481312,500322,143,49,47,47,111,5016,263.810,2665,4727,3000,0
2026-07-26T07:07:44Z,257336,2257648,1277040,499296,481312,356962,143,49,47,47,111,5016,263.810,2841,4567,3000,0
2026-07-26T07:08:15Z,257367,2257648,1277040,499296,481312,359010,143,49,47,47,111,5016,263.810,2755,4327,3000,0
2026-07-26T07:08:47Z,257399,2257656,1277040,499304,481312,350818,143,49,47,47,111,5016,263.810,3025,4559,3000,0
2026-07-26T07:09:18Z,257430,2257656,1277040,499304,481312,369250,143,49,47,47,111,5016,263.810,2709,4255,3000,0
2026-07-26T07:09:49Z,257461,2257656,1277040,499304,481312,373346,143,49,47,47,111,5016,263.810,2947,4475,3000,0
2026-07-26T07:10:21Z,257493,2257656,1277040,499304,481312,367202,143,49,47,47,111,5016,263.810,2771,4303,3000,0
2026-07-26T07:10:52Z,257524,2257656,1277040,499304,481312,356962,143,49,47,47,111,5016,263.810,2679,4723,3000,0
2026-07-26T07:11:23Z,257555,2257656,1277040,499304,481312,377442,143,49,47,47,111,5016,263.810,2901,4603,3000,0
2026-07-26T07:11:55Z,257587,2257656,1277040,499304,481312,379490,143,49,47,47,111,5016,263.810,2791,4763,3000,0
2026-07-26T07:12:26Z,257618,2257656,1277040,499304,481312,367202,143,49,47,47,111,5016,263.810,2867,4647,3000,0
2026-07-26T07:12:57Z,257649,2257656,1277040,499304,481312,377442,143,49,47,47,111,5016,263.810,2855,4479,3000,0
2026-07-26T07:13:29Z,257681,2257656,1277040,499304,481312,381538,143,49,47,47,111,5016,263.810,2765,4355,3000,0
2026-07-26T07:14:00Z,257712,2257656,1277040,499304,481312,578146,143,49,47,47,111,5016,263.810,3033,4719,3000,0
2026-07-26T07:14:32Z,257744,2257656,1277040,499304,481312,361058,143,49,47,47,111,5016,263.810,2713,4371,3000,0
2026-07-26T07:15:03Z,257775,2257656,1277040,499304,481312,367202,143,49,47,47,111,5016,263.810,2785,4331,3000,0
2026-07-26T07:15:34Z,257806,2257656,1277040,499304,481312,350818,143,49,47,47,111,5016,263.810,2773,4839,3000,0
2026-07-26T07:16:06Z,257838,2257656,1277040,499304,481312,350818,143,49,47,47,111,5016,263.810,2803,4535,3000,0
2026-07-26T07:16:37Z,257869,2257656,1277040,499304,481312,361058,143,49,47,47,111,5016,263.810,2779,4395,3000,0
2026-07-26T07:17:09Z,257901,2257656,1277040,499304,481312,375394,143,49,47,47,111,5016,263.810,2803,5031,3000,0
2026-07-26T07:17:40Z,257932,2257656,1277040,499304,481312,440930,143,49,47,47,111,5016,263.810,2819,4583,3000,0
2026-07-26T07:18:11Z,257963,2257656,1277040,499304,481312,377442,143,49,47,47,111,5016,263.810,2709,4547,3000,0
2026-07-26T07:18:43Z,257995,2257656,1277040,499304,481312,381538,143,49,47,47,111,5016,263.810,2737,4811,3000,0
2026-07-26T07:19:14Z,258026,2257656,1277040,499304,481312,356962,143,49,47,47,111,5016,263.810,2777,4559,3000,0
2026-07-26T07:19:45Z,258057,2257672,1277056,499304,481312,373346,143,49,47,47,111,5016,263.810,2955,4319,3000,0
2026-07-26T07:20:17Z,258089,2257672,1277056,499304,481312,379490,143,49,47,47,111,5016,263.810,2797,4347,3000,0
2026-07-26T07:20:48Z,258120,2257672,1277056,499304,481312,432738,143,49,47,47,111,5016,263.810,3027,4635,3000,0
2026-07-26T07:21:20Z,258152,2257672,1277056,499304,481312,367202,143,49,47,47,111,5016,263.810,2735,4227,3000,0
2026-07-26T07:21:51Z,258183,2257672,1277056,499304,481312,371298,143,49,47,47,111,5016,263.810,2709,4491,3000,0
2026-07-26T07:22:22Z,258214,2257672,1277056,499304,481312,373346,143,49,47,47,111,5016,263.810,2759,4687,3000,0
2026-07-26T07:22:54Z,258246,2257672,1277056,499304,481312,359010,143,49,47,47,111,5016,263.810,2827,4275,3000,0
2026-07-26T07:23:25Z,258277,2257672,1277056,499304,481312,359010,143,49,47,47,111,5016,263.810,2739,4247,3000,0
2026-07-26T07:23:57Z,258309,2257672,1277056,499304,481312,385634,143,49,47,47,111,5016,263.810,3015,4587,3000,0
2026-07-26T07:24:28Z,258340,2257672,1277056,499304,481312,379490,143,49,47,47,111,5016,263.810,2847,4719,3000,0
2026-07-26T07:24:59Z,258371,2257672,1277056,499304,481312,377442,143,49,47,47,111,5016,263.810,2731,4427,3000,0
2026-07-26T07:25:31Z,258403,2257672,1277056,499304,481312,373346,143,49,47,47,111,5016,263.810,2963,4519,3000,0
2026-07-26T07:26:02Z,258434,2257672,1277056,499304,481312,518754,143,49,47,47,111,5016,263.810,2795,4711,3000,0
2026-07-26T07:26:33Z,258465,2257672,1277056,499304,481312,434786,143,49,47,47,111,5016,263.810,2691,4295,3000,0
2026-07-26T07:27:05Z,258497,2257672,1277056,499304,481312,356962,143,49,47,47,111,5016,263.810,2815,4499,3000,0
2026-07-26T07:27:36Z,258528,2257672,1277056,499304,481312,361058,143,49,47,47,111,5016,263.810,2943,4495,3000,0
2026-07-26T07:28:08Z,258560,2257672,1277056,499304,481312,356962,143,49,47,47,111,5016,263.810,2779,4591,3000,0
2026-07-26T07:28:39Z,258591,2257672,1277056,499304,481312,363106,143,49,47,47,111,5016,263.810,2699,4335,3000,0
2026-07-26T07:29:10Z,258622,2257672,1277056,499304,481312,379490,143,49,47,47,111,5016,263.810,2753,4559,3000,0
2026-07-26T07:29:42Z,258654,2257672,1277056,499304,481312,356962,143,49,47,47,111,5016,263.810,2773,4951,3000,0
2026-07-26T07:30:13Z,258685,2257672,1277056,499304,481312,369250,143,49,47,47,111,5016,263.810,2805,4435,3000,0
2026-07-26T07:30:44Z,258716,2257672,1277056,499304,481312,371298,143,49,47,47,111,5016,263.810,2881,4475,3000,0
2026-07-26T07:31:16Z,258748,2257672,1277056,499304,481312,434786,143,49,47,47,111,5016,263.810,2941,4527,3000,0
2026-07-26T07:31:47Z,258779,2257672,1277056,499304,481312,424546,143,49,47,47,111,5016,263.810,2765,4495,3000,0
2026-07-26T07:32:19Z,258811,2257672,1277056,499304,481312,375394,143,49,47,47,111,5016,263.810,2777,4627,3000,0
2026-07-26T07:32:50Z,258842,2257672,1277056,499304,481312,373346,143,49,47,47,111,5016,263.810,2783,4747,3000,0
2026-07-26T07:33:21Z,258873,2257672,1277056,499304,481312,426594,143,49,47,47,111,5016,263.810,2807,4463,3000,0
2026-07-26T07:33:53Z,258905,2257672,1277056,499304,481312,365154,143,49,47,47,111,5016,263.810,2765,4319,3000,0
2026-07-26T07:34:24Z,258936,2257672,1277056,499304,481312,371298,143,49,47,47,111,5016,263.810,2881,4807,3000,0
2026-07-26T07:34:55Z,258967,2257672,1277056,499304,481312,434786,143,49,47,47,111,5016,263.810,2785,4651,3000,0
2026-07-26T07:35:27Z,258999,2257672,1277056,499304,481312,354914,143,49,47,47,111,5016,263.810,2915,4411,3000,0
2026-07-26T07:35:58Z,259030,2257672,1277056,499304,481312,363106,143,49,47,47,111,5016,263.810,2713,4887,3000,0
2026-07-26T07:36:29Z,259061,2257676,1277056,499308,481312,436836,143,49,47,47,111,5016,263.810,2923,4743,3000,0
2026-07-26T07:37:01Z,259093,2257676,1277056,499308,481312,438884,143,49,47,47,111,5016,263.810,2747,4263,3000,0
2026-07-26T07:37:32Z,259124,2257676,1277056,499308,481312,375396,143,49,47,47,111,5016,263.810,2771,4303,3000,0
2026-07-26T07:38:04Z,259156,2257676,1277056,499308,481312,377444,143,49,47,47,111,5016,263.810,2971,4483,3000,0
2026-07-26T07:38:35Z,259187,2257712,1277056,499344,481312,440932,143,49,47,47,111,5016,263.810,3007,4879,3000,0
2026-07-26T07:38:49Z,259201,2257712,1277056,499344,481312,440932,143,49,47,47,111,5016,263.810,2859,4631,1300,0
