Linux 7.0.0-1006-aws (ip-172-31-47-97) 	06/20/26 	_x86_64_	(16 CPU)

14:52:35     CPU    %usr   %nice    %sys %iowait    %irq   %soft  %steal  %guest  %gnice   %idle
14:52:36     all   23.04    0.00    3.28    0.76    0.00    0.06    0.00    0.00    0.00   72.85
14:52:36       0   25.51    0.00    1.02    0.00    0.00    0.00    0.00    0.00    0.00   73.47
14:52:36       1   18.18    0.00    3.03    1.01    0.00    0.00    0.00    0.00    0.00   77.78
14:52:36       2   20.00    0.00    1.00    1.00    0.00    0.00    0.00    0.00    0.00   78.00
14:52:36       3   18.18    0.00    2.02    1.01    0.00    0.00    0.00    0.00    0.00   78.79
14:52:36       4   27.00    0.00    2.00    0.00    0.00    0.00    0.00    0.00    0.00   71.00
14:52:36       5   53.54    0.00    1.01    0.00    0.00    0.00    0.00    0.00    0.00   45.45
14:52:36       6   15.15    0.00    1.01    2.02    0.00    0.00    0.00    0.00    0.00   81.82
14:52:36       7   21.43    0.00    2.04    0.00    0.00    0.00    0.00    0.00    0.00   76.53
14:52:36       8   20.20    0.00    2.02    2.02    0.00    0.00    0.00    0.00    0.00   75.76
14:52:36       9   19.39    0.00    1.02    0.00    0.00    0.00    0.00    0.00    0.00   79.59
14:52:36      10   31.68    0.00   25.74    0.99    0.00    0.99    0.00    0.00    0.00   40.59
14:52:36      11   29.17    0.00    2.08    1.04    0.00    0.00    0.00    0.00    0.00   67.71
14:52:36      12   21.00    0.00    2.00    1.00    0.00    0.00    0.00    0.00    0.00   76.00
14:52:36      13   12.12    0.00    2.02    1.01    0.00    0.00    0.00    0.00    0.00   84.85
14:52:36      14   21.21    0.00    2.02    1.01    0.00    0.00    0.00    0.00    0.00   75.76
14:52:36      15   15.00    0.00    2.00    0.00    0.00    0.00    0.00    0.00    0.00   83.00

14:52:36     CPU    %usr   %nice    %sys %iowait    %irq   %soft  %steal  %guest  %gnice   %idle
14:52:37     all   15.61    0.00    1.50    2.26    0.00    0.13    0.00    0.00    0.00   80.50
14:52:37       0   13.00    0.00    0.00    0.00    0.00    0.00    0.00    0.00    0.00   87.00
14:52:37       1    4.04    0.00    0.00    0.00    0.00    0.00    0.00    0.00    0.00   95.96
14:52:37       2   11.11    0.00    1.01    0.00    0.00    0.00    0.00    0.00    0.00   87.88
14:52:37       3   18.81    0.00    0.99    0.99    0.00    0.00    0.00    0.00    0.00   79.21
14:52:37       4    6.12    0.00    0.00    0.00    0.00    0.00    0.00    0.00    0.00   93.88
14:52:37       5  100.00    0.00    0.00    0.00    0.00    0.00    0.00    0.00    0.00    0.00
14:52:37       6    6.06    0.00    1.01    0.00    0.00    0.00    0.00    0.00    0.00   92.93
14:52:37       7   13.86    0.00    0.99    0.99    0.00    0.99    0.00    0.00    0.00   83.17
14:52:37       8    5.94    0.00    0.99    0.00    0.00    0.99    0.00    0.00    0.00   92.08
14:52:37       9   15.15    0.00    5.05   16.16    0.00    0.00    0.00    0.00    0.00   63.64
14:52:37      10    7.07    0.00    1.01    2.02    0.00    0.00    0.00    0.00    0.00   89.90
14:52:37      11   14.14    0.00    7.07    8.08    0.00    0.00    0.00    0.00    0.00   70.71
14:52:37      12    6.00    0.00    2.00    4.00    0.00    0.00    0.00    0.00    0.00   88.00
14:52:37      13    7.92    0.00    0.99    0.00    0.00    0.00    0.00    0.00    0.00   91.09
14:52:37      14    9.00    0.00    1.00    1.00    0.00    0.00    0.00    0.00    0.00   89.00
14:52:37      15   11.11    0.00    2.02    3.03    0.00    0.00    0.00    0.00    0.00   83.84

14:52:37     CPU    %usr   %nice    %sys %iowait    %irq   %soft  %steal  %guest  %gnice   %idle
14:52:38     all   22.50    0.00    2.14    0.95    0.00    0.32    0.00    0.00    0.00   74.10
14:52:38       0   21.21    0.00    2.02    1.01    0.00    1.01    0.00    0.00    0.00   74.75
14:52:38       1   26.00    0.00    3.00    1.00    0.00    0.00    0.00    0.00    0.00   70.00
14:52:38       2   19.19    0.00    2.02    1.01    0.00    1.01    0.00    0.00    0.00   76.77
14:52:38       3   38.38    0.00    2.02    2.02    0.00    1.01    0.00    0.00    0.00   56.57
14:52:38       4   11.11    0.00    2.02    2.02    0.00    0.00    0.00    0.00    0.00   84.85
14:52:38       5   58.42    0.00    0.99    0.99    0.00    0.00    0.00    0.00    0.00   39.60
14:52:38       6   16.00    0.00    3.00    2.00    0.00    0.00    0.00    0.00    0.00   79.00
14:52:38       7   28.71    0.00    2.97    0.99    0.00    0.00    0.00    0.00    0.00   67.33
14:52:38       8   23.71    0.00    2.06    2.06    0.00    0.00    0.00    0.00    0.00   72.16
14:52:38       9   11.22    0.00    2.04    1.02    0.00    0.00    0.00    0.00    0.00   85.71
14:52:38      10   12.24    0.00    2.04    0.00    0.00    0.00    0.00    0.00    0.00   85.71
14:52:38      11   14.00    0.00    3.00    1.00    0.00    0.00    0.00    0.00    0.00   82.00
14:52:38      12    6.00    0.00    2.00    0.00    0.00    1.00    0.00    0.00    0.00   91.00
14:52:38      13   47.47    0.00    1.01    0.00    0.00    1.01    0.00    0.00    0.00   50.51
14:52:38      14   15.31    0.00    2.04    0.00    0.00    0.00    0.00    0.00    0.00   82.65
14:52:38      15   10.10    0.00    2.02    0.00    0.00    0.00    0.00    0.00    0.00   87.88

14:52:38     CPU    %usr   %nice    %sys %iowait    %irq   %soft  %steal  %guest  %gnice   %idle
14:52:39     all   38.84    0.00    3.47    0.38    0.00    0.25    0.00    0.00    0.00   57.06
14:52:39       0   24.24    0.00    6.06    0.00    0.00    0.00    0.00    0.00    0.00   69.70
14:52:39       1   87.88    0.00    2.02    0.00    0.00    0.00    0.00    0.00    0.00   10.10
14:52:39       2   35.00    0.00    2.00    1.00    0.00    0.00    0.00    0.00    0.00   62.00
14:52:39       3   25.77    0.00    5.15    0.00    0.00    0.00    0.00    0.00    0.00   69.07
14:52:39       4   32.32    0.00    4.04    0.00    0.00    1.01    0.00    0.00    0.00   62.63
14:52:39       5   62.63    0.00    2.02    0.00    0.00    0.00    0.00    0.00    0.00   35.35
14:52:39       6   43.43    0.00    1.01    0.00    0.00    0.00    0.00    0.00    0.00   55.56
14:52:39       7   37.37    0.00    3.03    0.00    0.00    0.00    0.00    0.00    0.00   59.60
14:52:39       8   30.30    0.00    5.05    1.01    0.00    0.00    0.00    0.00    0.00   63.64
14:52:39       9   28.00    0.00    8.00    0.00    0.00    1.00    0.00    0.00    0.00   63.00
14:52:39      10   34.34    0.00    4.04    1.01    0.00    0.00    0.00    0.00    0.00   60.61
14:52:39      11   35.35    0.00    4.04    1.01    0.00    1.01    0.00    0.00    0.00   58.59
14:52:39      12   30.93    0.00    3.09    0.00    0.00    0.00    0.00    0.00    0.00   65.98
14:52:39      13   37.00    0.00    2.00    1.00    0.00    0.00    0.00    0.00    0.00   60.00
14:52:39      14   34.00    0.00    2.00    0.00    0.00    1.00    0.00    0.00    0.00   63.00
14:52:39      15   42.57    0.00    1.98    0.99    0.00    0.00    0.00    0.00    0.00   54.46

14:52:39     CPU    %usr   %nice    %sys %iowait    %irq   %soft  %steal  %guest  %gnice   %idle
14:52:40     all   26.28    0.00    3.66    2.65    0.00    0.51    0.00    0.00    0.00   66.90
14:52:40       0   21.43    0.00    3.06    6.12    0.00    0.00    0.00    0.00    0.00   69.39
14:52:40       1   96.00    0.00    1.00    0.00    0.00    1.00    0.00    0.00    0.00    2.00
14:52:40       2   24.49    0.00    4.08   17.35    0.00    0.00    0.00    0.00    0.00   54.08
14:52:40       3   19.19    0.00    2.02    0.00    0.00    1.01    0.00    0.00    0.00   77.78
14:52:40       4   20.20    0.00    6.06    6.06    0.00    0.00    0.00    0.00    0.00   67.68
14:52:40       5   17.17    0.00    3.03    0.00    0.00    1.01    0.00    0.00    0.00   78.79
14:52:40       6   20.79    0.00    1.98    0.99    0.00    0.99    0.00    0.00    0.00   75.25
14:52:40       7   14.29    0.00    7.14    1.02    0.00    0.00    0.00    0.00    0.00   77.55
14:52:40       8   19.39    0.00    3.06    1.02    0.00    0.00    0.00    0.00    0.00   76.53
14:52:40       9   24.24    0.00    1.01    0.00    0.00    0.00    0.00    0.00    0.00   74.75
14:52:40      10   29.00    0.00    2.00    0.00    0.00    0.00    0.00    0.00    0.00   69.00
14:52:40      11   25.51    0.00    6.12    8.16    0.00    1.02    0.00    0.00    0.00   59.18
14:52:40      12   24.75    0.00    1.98    0.00    0.00    0.99    0.00    0.00    0.00   72.28
14:52:40      13   16.16    0.00    6.06    0.00    0.00    1.01    0.00    0.00    0.00   76.77
14:52:40      14   27.27    0.00    4.04    0.00    0.00    0.00    0.00    0.00    0.00   68.69
14:52:40      15   19.59    0.00    6.19    2.06    0.00    1.03    0.00    0.00    0.00   71.13

14:52:40     CPU    %usr   %nice    %sys %iowait    %irq   %soft  %steal  %guest  %gnice   %idle
14:52:41     all   31.31    0.00    4.21    2.42    0.00    0.38    0.00    0.00    0.00   61.67
14:52:41       0   23.23    0.00    5.05    2.02    0.00    1.01    0.00    0.00    0.00   68.69
14:52:41       1   28.28    0.00    4.04    4.04    0.00    0.00    0.00    0.00    0.00   63.64
14:52:41       2   37.50    0.00    3.12    4.17    0.00    0.00    0.00    0.00    0.00   55.21
14:52:41       3   12.50    0.00    8.33    4.17    0.00    0.00    0.00    0.00    0.00   75.00
14:52:41       4   27.84    0.00    7.22    1.03    0.00    1.03    0.00    0.00    0.00   62.89
14:52:41       5   26.26    0.00    2.02    1.01    0.00    0.00    0.00    0.00    0.00   70.71
14:52:41       6   34.38    0.00    2.08    5.21    0.00    0.00    0.00    0.00    0.00   58.33
14:52:41       7   17.35    0.00    5.10    4.08    0.00    1.02    0.00    0.00    0.00   72.45
14:52:41       8   29.59    0.00    5.10    3.06    0.00    1.02    0.00    0.00    0.00   61.22
14:52:41       9   15.46    0.00    6.19    1.03    0.00    1.03    0.00    0.00    0.00   76.29
14:52:41      10   38.38    0.00    2.02    1.01    0.00    1.01    0.00    0.00    0.00   57.58
14:52:41      11   24.49    0.00    6.12    3.06    0.00    0.00    0.00    0.00    0.00   66.33
14:52:41      12   26.04    0.00    3.12    1.04    0.00    0.00    0.00    0.00    0.00   69.79
14:52:41      13  100.00    0.00    0.00    0.00    0.00    0.00    0.00    0.00    0.00    0.00
14:52:41      14   39.00    0.00    2.00    2.00    0.00    0.00    0.00    0.00    0.00   57.00
14:52:41      15   19.00    0.00    6.00    2.00    0.00    0.00    0.00    0.00    0.00   73.00

14:52:41     CPU    %usr   %nice    %sys %iowait    %irq   %soft  %steal  %guest  %gnice   %idle
14:52:42     all   14.64    0.00    1.45    2.65    0.00    0.06    0.00    0.00    0.00   81.20
14:52:42       0   12.24    0.00    2.04    1.02    0.00    1.02    0.00    0.00    0.00   83.67
14:52:42       1    2.06    0.00    2.06    3.09    0.00    0.00    0.00    0.00    0.00   92.78
14:52:42       2   14.14    0.00    1.01    2.02    0.00    0.00    0.00    0.00    0.00   82.83
14:52:42       3   12.12    0.00    0.00    1.01    0.00    0.00    0.00    0.00    0.00   86.87
14:52:42       4    3.03    0.00    1.01    1.01    0.00    0.00    0.00    0.00    0.00   94.95
14:52:42       5    2.00    0.00    1.00    1.00    0.00    0.00    0.00    0.00    0.00   96.00
14:52:42       6    6.06    0.00    4.04   14.14    0.00    0.00    0.00    0.00    0.00   75.76
14:52:42       7   22.22    0.00    1.01    1.01    0.00    0.00    0.00    0.00    0.00   75.76
14:52:42       8    2.02    0.00    2.02    4.04    0.00    0.00    0.00    0.00    0.00   91.92
14:52:42       9    8.08    0.00    1.01    2.02    0.00    0.00    0.00    0.00    0.00   88.89
14:52:42      10    7.14    0.00    2.04    5.10    0.00    0.00    0.00    0.00    0.00   85.71
14:52:42      11    8.08    0.00    1.01    1.01    0.00    0.00    0.00    0.00    0.00   89.90
14:52:42      12   13.00    0.00    2.00    2.00    0.00    0.00    0.00    0.00    0.00   83.00
14:52:42      13  100.00    0.00    0.00    0.00    0.00    0.00    0.00    0.00    0.00    0.00
14:52:42      14    8.00    0.00    1.00    1.00    0.00    0.00    0.00    0.00    0.00   90.00
14:52:42      15   13.00    0.00    2.00    3.00    0.00    0.00    0.00    0.00    0.00   82.00

14:52:42     CPU    %usr   %nice    %sys %iowait    %irq   %soft  %steal  %guest  %gnice   %idle
14:52:43     all    9.87    0.00    0.76    1.90    0.00    0.00    0.00    0.00    0.00   87.48
14:52:43       0    1.00    0.00    0.00    0.00    0.00    0.00    0.00    0.00    0.00   99.00
14:52:43       1    1.03    0.00    3.09    7.22    0.00    0.00    0.00    0.00    0.00   88.66
14:52:43       2    0.00    0.00    1.00    0.00    0.00    0.00    0.00    0.00    0.00   99.00
14:52:43       3    0.00    0.00    1.00    0.00    0.00    0.00    0.00    0.00    0.00   99.00
14:52:43       4    0.00    0.00    0.00    0.00    0.00    0.00    0.00    0.00    0.00  100.00
14:52:43       5    3.03    0.00    0.00    0.00    0.00    0.00    0.00    0.00    0.00   96.97
14:52:43       6    8.16    0.00    2.04    8.16    0.00    0.00    0.00    0.00    0.00   81.63
14:52:43       7    1.01    0.00    2.02    6.06    0.00    0.00    0.00    0.00    0.00   90.91
14:52:43       8    7.07    0.00    2.02    6.06    0.00    0.00    0.00    0.00    0.00   84.85
14:52:43       9    1.01    0.00    0.00    0.00    0.00    0.00    0.00    0.00    0.00   98.99
14:52:43      10    9.18    0.00    1.02    2.04    0.00    0.00    0.00    0.00    0.00   87.76
14:52:43      11    0.00    0.00    0.00    0.00    0.00    0.00    0.00    0.00    0.00  100.00
14:52:43      12   10.20    0.00    0.00    1.02    0.00    0.00    0.00    0.00    0.00   88.78
14:52:43      13  100.00    0.00    0.00    0.00    0.00    0.00    0.00    0.00    0.00    0.00
14:52:43      14   14.14    0.00    0.00    0.00    0.00    0.00    0.00    0.00    0.00   85.86
14:52:43      15    1.02    0.00    0.00    0.00    0.00    0.00    0.00    0.00    0.00   98.98

14:52:43     CPU    %usr   %nice    %sys %iowait    %irq   %soft  %steal  %guest  %gnice   %idle
14:52:44     all    8.89    0.00    1.20    2.77    0.00    0.19    0.00    0.00    0.00   86.95
14:52:44       0    9.28    0.00    1.03    0.00    0.00    0.00    0.00    0.00    0.00   89.69
14:52:44       1    5.88    0.00    0.98    0.98    0.00    0.00    0.00    0.00    0.00   92.16
14:52:44       2    2.02    0.00    1.01    0.00    0.00    0.00    0.00    0.00    0.00   96.97
14:52:44       3    5.00    0.00    0.00    0.00    0.00    1.00    0.00    0.00    0.00   94.00
14:52:44       4    1.01    0.00    4.04   14.14    0.00    0.00    0.00    0.00    0.00   80.81
14:52:44       5    7.29    0.00    4.17    7.29    0.00    0.00    0.00    0.00    0.00   81.25
14:52:44       6    6.00    0.00    1.00    0.00    0.00    0.00    0.00    0.00    0.00   93.00
14:52:44       7    0.00    0.00    1.01    4.04    0.00    0.00    0.00    0.00    0.00   94.95
14:52:44       8    0.00    0.00    0.00    0.00    0.00    0.00    0.00    0.00    0.00  100.00
14:52:44       9    0.00    0.00    2.04   11.22    0.00    0.00    0.00    0.00    0.00   86.73
14:52:44      10    3.00    0.00    1.00    0.00    0.00    0.00    0.00    0.00    0.00   96.00
14:52:44      11    1.02    0.00    1.02    3.06    0.00    0.00    0.00    0.00    0.00   94.90
14:52:44      12    0.00    0.00    2.04    4.08    0.00    0.00    0.00    0.00    0.00   93.88
14:52:44      13  100.00    0.00    0.00    0.00    0.00    0.00    0.00    0.00    0.00    0.00
14:52:44      14    0.00    0.00    0.00    0.00    0.00    1.00    0.00    0.00    0.00   99.00
14:52:44      15    0.99    0.00    0.00    0.00    0.00    0.99    0.00    0.00    0.00   98.02

14:52:44     CPU    %usr   %nice    %sys %iowait    %irq   %soft  %steal  %guest  %gnice   %idle
14:52:45     all   15.81    0.00    1.39    1.51    0.00    0.00    0.00    0.00    0.00   81.30
14:52:45       0    7.00    0.00    1.00    2.00    0.00    0.00    0.00    0.00    0.00   90.00
14:52:45       1    6.12    0.00    1.02    0.00    0.00    0.00    0.00    0.00    0.00   92.86
14:52:45       2   14.14    0.00    1.01    1.01    0.00    0.00    0.00    0.00    0.00   83.84
14:52:45       3    5.00    0.00    1.00    1.00    0.00    0.00    0.00    0.00    0.00   93.00
14:52:45       4   11.00    0.00    1.00    1.00    0.00    0.00    0.00    0.00    0.00   87.00
14:52:45       5   15.15    0.00    1.01    0.00    0.00    0.00    0.00    0.00    0.00   83.84
14:52:45       6   22.45    0.00    1.02    1.02    0.00    0.00    0.00    0.00    0.00   75.51
14:52:45       7    4.04    0.00    2.02    6.06    0.00    0.00    0.00    0.00    0.00   87.88
14:52:45       8    7.00    0.00    1.00    0.00    0.00    0.00    0.00    0.00    0.00   92.00
14:52:45       9    6.06    0.00    1.01    0.00    0.00    0.00    0.00    0.00    0.00   92.93
14:52:45      10    3.96    0.00    1.98    0.99    0.00    0.00    0.00    0.00    0.00   93.07
14:52:45      11   24.24    0.00    3.03    2.02    0.00    0.00    0.00    0.00    0.00   70.71
14:52:45      12   12.24    0.00    3.06    5.10    0.00    0.00    0.00    0.00    0.00   79.59
14:52:45      13  100.00    0.00    0.00    0.00    0.00    0.00    0.00    0.00    0.00    0.00
14:52:45      14    9.09    0.00    1.01    1.01    0.00    0.00    0.00    0.00    0.00   88.89
14:52:45      15    5.05    0.00    2.02    3.03    0.00    0.00    0.00    0.00    0.00   89.90

14:52:45     CPU    %usr   %nice    %sys %iowait    %irq   %soft  %steal  %guest  %gnice   %idle
14:52:46     all   11.33    0.00    1.39    3.42    0.00    0.00    0.00    0.00    0.00   83.86
14:52:46       0    2.08    0.00    4.17    8.33    0.00    0.00    0.00    0.00    0.00   85.42
14:52:46       1    6.06    0.00    1.01    0.00    0.00    0.00    0.00    0.00    0.00   92.93
14:52:46       2    1.00    0.00    1.00    0.00    0.00    0.00    0.00    0.00    0.00   98.00
14:52:46       3    6.06    0.00    1.01    0.00    0.00    0.00    0.00    0.00    0.00   92.93
14:52:46       4   16.33    0.00    0.00    0.00    0.00    0.00    0.00    0.00    0.00   83.67
14:52:46       5    3.96    0.00    0.99    0.99    0.00    0.00    0.00    0.00    0.00   94.06
14:52:46       6    4.00    0.00    0.00    1.00    0.00    0.00    0.00    0.00    0.00   95.00
14:52:46       7    5.10    0.00    1.02    0.00    0.00    0.00    0.00    0.00    0.00   93.88
14:52:46       8    8.08    0.00    1.01    0.00    0.00    0.00    0.00    0.00    0.00   90.91
14:52:46       9    3.96    0.00    0.99    0.99    0.00    0.00    0.00    0.00    0.00   94.06
14:52:46      10    2.02    0.00    1.01    0.00    0.00    0.00    0.00    0.00    0.00   96.97
14:52:46      11   17.35    0.00    5.10   11.22    0.00    0.00    0.00    0.00    0.00   66.33
14:52:46      12    1.04    0.00    1.04   14.58    0.00    0.00    0.00    0.00    0.00   83.33
14:52:46      13  100.00    0.00    0.00    0.00    0.00    0.00    0.00    0.00    0.00    0.00
14:52:46      14    1.01    0.00    1.01    0.00    0.00    0.00    0.00    0.00    0.00   97.98
14:52:46      15    2.06    0.00    3.09   18.56    0.00    0.00    0.00    0.00    0.00   76.29

14:52:46     CPU    %usr   %nice    %sys %iowait    %irq   %soft  %steal  %guest  %gnice   %idle
14:52:47     all   26.99    0.00    4.98    0.88    0.00    0.69    0.00    0.00    0.00   66.46
14:52:47       0   14.00    0.00    6.00    2.00    0.00    1.00    0.00    0.00    0.00   77.00
14:52:47       1   27.27    0.00    5.05    1.01    0.00    1.01    0.00    0.00    0.00   65.66
14:52:47       2   10.20    0.00    6.12    1.02    0.00    1.02    0.00    0.00    0.00   81.63
14:52:47       3   32.99    0.00    5.15    1.03    0.00    0.00    0.00    0.00    0.00   60.82
14:52:47       4   27.18    0.00    5.83    0.97    0.00    0.97    0.00    0.00    0.00   65.05
14:52:47       5   21.21    0.00    5.05    0.00    0.00    1.01    0.00    0.00    0.00   72.73
14:52:47       6   10.10    0.00    7.07    0.00    0.00    1.01    0.00    0.00    0.00   81.82
14:52:47       7   23.23    0.00    1.01    1.01    0.00    0.00    0.00    0.00    0.00   74.75
14:52:47       8   30.00    0.00    5.00    1.00    0.00    1.00    0.00    0.00    0.00   63.00
14:52:47       9   43.30    0.00    4.12    1.03    0.00    0.00    0.00    0.00    0.00   51.55
14:52:47      10   15.00    0.00    6.00    2.00    0.00    1.00    0.00    0.00    0.00   76.00
14:52:47      11   14.14    0.00    4.04    0.00    0.00    1.01    0.00    0.00    0.00   80.81
14:52:47      12   37.37    0.00    5.05    0.00    0.00    1.01    0.00    0.00    0.00   56.57
14:52:47      13  100.00    0.00    0.00    0.00    0.00    0.00    0.00    0.00    0.00    0.00
14:52:47      14   10.00    0.00    8.00    2.00    0.00    1.00    0.00    0.00    0.00   79.00
14:52:47      15   15.46    0.00    6.19    1.03    0.00    0.00    0.00    0.00    0.00   77.32

14:52:47     CPU    %usr   %nice    %sys %iowait    %irq   %soft  %steal  %guest  %gnice   %idle
14:52:48     all   14.21    0.00    2.46    2.40    0.00    0.19    0.00    0.00    0.00   80.73
14:52:48       0    7.14    0.00    3.06    0.00    0.00    0.00    0.00    0.00    0.00   89.80
14:52:48       1    2.02    0.00    3.03    0.00    0.00    0.00    0.00    0.00    0.00   94.95
14:52:48       2   17.82    0.00    2.97    0.00    0.00    0.00    0.00    0.00    0.00   79.21
14:52:48       3    2.02    0.00    2.02    0.00    0.00    0.00    0.00    0.00    0.00   95.96
14:52:48       4    4.12    0.00    1.03    1.03    0.00    0.00    0.00    0.00    0.00   93.81
14:52:48       5    4.85    0.00    2.91    0.00    0.00    0.97    0.00    0.00    0.00   91.26
14:52:48       6   11.22    0.00    2.04    0.00    0.00    0.00    0.00    0.00    0.00   86.73
14:52:48       7   32.00    0.00    1.00    0.00    0.00    0.00    0.00    0.00    0.00   67.00
14:52:48       8    2.04    0.00    1.02    0.00    0.00    0.00    0.00    0.00    0.00   96.94
14:52:48       9    2.97    0.00    5.94   16.83    0.00    0.00    0.00    0.00    0.00   74.26
14:52:48      10   11.22    0.00    5.10    9.18    0.00    1.02    0.00    0.00    0.00   73.47
14:52:48      11   15.79    0.00    3.16   11.58    0.00    1.05    0.00    0.00    0.00   68.42
14:52:48      12    3.06    0.00    2.04    0.00    0.00    0.00    0.00    0.00    0.00   94.90
14:52:48      13  100.00    0.00    0.00    0.00    0.00    0.00    0.00    0.00    0.00    0.00
14:52:48      14    6.12    0.00    2.04    0.00    0.00    0.00    0.00    0.00    0.00   91.84
14:52:48      15    4.00    0.00    2.00    0.00    0.00    0.00    0.00    0.00    0.00   94.00

14:52:48     CPU    %usr   %nice    %sys %iowait    %irq   %soft  %steal  %guest  %gnice   %idle
14:52:49     all   19.38    0.00    3.63    2.80    0.00    0.32    0.00    0.00    0.00   73.87
14:52:49       0    6.19    0.00    3.09    0.00    0.00    1.03    0.00    0.00    0.00   89.69
14:52:49       1   15.15    0.00    3.03    2.02    0.00    0.00    0.00    0.00    0.00   79.80
14:52:49       2   13.40    0.00    5.15    2.06    0.00    0.00    0.00    0.00    0.00   79.38
14:52:49       3   12.12    0.00    4.04    2.02    0.00    0.00    0.00    0.00    0.00   81.82
14:52:49       4    6.06    0.00    4.04    2.02    0.00    0.00    0.00    0.00    0.00   87.88
14:52:49       5   11.22    0.00    3.06    0.00    0.00    0.00    0.00    0.00    0.00   85.71
14:52:49       6   27.55    0.00    2.04    0.00    0.00    0.00    0.00    0.00    0.00   70.41
14:52:49       7   38.00    0.00    2.00    1.00    0.00    0.00    0.00    0.00    0.00   59.00
14:52:49       8   11.11    0.00    3.03    1.01    0.00    1.01    0.00    0.00    0.00   83.84
14:52:49       9   17.17    0.00    2.02    1.01    0.00    1.01    0.00    0.00    0.00   78.79
14:52:49      10   14.29    0.00    7.14   12.24    0.00    0.00    0.00    0.00    0.00   66.33
14:52:49      11   13.04    0.00    6.52   10.87    0.00    0.00    0.00    0.00    0.00   69.57
14:52:49      12   10.10    0.00    6.06    9.09    0.00    1.01    0.00    0.00    0.00   73.74
14:52:49      13  100.00    0.00    0.00    0.00    0.00    0.00    0.00    0.00    0.00    0.00
14:52:49      14    6.00    0.00    4.00    1.00    0.00    0.00    0.00    0.00    0.00   89.00
14:52:49      15    6.32    0.00    3.16    1.05    0.00    1.05    0.00    0.00    0.00   88.42

14:52:49     CPU    %usr   %nice    %sys %iowait    %irq   %soft  %steal  %guest  %gnice   %idle
14:52:50     all   18.17    0.00    2.35    4.00    0.00    0.19    0.00    0.00    0.00   75.29
14:52:50       0    7.14    0.00    2.04    2.04    0.00    0.00    0.00    0.00    0.00   88.78
14:52:50       1   14.29    0.00    3.06    5.10    0.00    0.00    0.00    0.00    0.00   77.55
14:52:50       2    7.07    0.00    2.02    8.08    0.00    1.01    0.00    0.00    0.00   81.82
14:52:50       3   13.27    0.00    3.06    4.08    0.00    1.02    0.00    0.00    0.00   78.57
14:52:50       4   16.49    0.00    3.09    3.09    0.00    0.00    0.00    0.00    0.00   77.32
14:52:50       5   12.12    0.00    1.01    2.02    0.00    0.00    0.00    0.00    0.00   84.85
14:52:50       6    7.14    0.00    3.06    4.08    0.00    0.00    0.00    0.00    0.00   85.71
14:52:50       7   27.27    0.00    2.02    5.05    0.00    1.01    0.00    0.00    0.00   64.65
14:52:50       8   15.31    0.00    3.06    7.14    0.00    0.00    0.00    0.00    0.00   74.49
14:52:50       9   27.27    0.00    3.03    6.06    0.00    0.00    0.00    0.00    0.00   63.64
14:52:50      10   19.19    0.00    2.02    2.02    0.00    0.00    0.00    0.00    0.00   76.77
14:52:50      11    7.07    0.00    4.04    5.05    0.00    0.00    0.00    0.00    0.00   83.84
14:52:50      12    8.25    0.00    2.06    4.12    0.00    0.00    0.00    0.00    0.00   85.57
14:52:50      13   94.95    0.00    0.00    0.00    0.00    0.00    0.00    0.00    0.00    5.05
14:52:50      14    4.08    0.00    3.06    3.06    0.00    0.00    0.00    0.00    0.00   89.80
14:52:50      15    9.09    0.00    1.01    3.03    0.00    0.00    0.00    0.00    0.00   86.87

14:52:50     CPU    %usr   %nice    %sys %iowait    %irq   %soft  %steal  %guest  %gnice   %idle
14:52:51     all    9.34    0.00    2.46    3.41    0.00    0.19    0.00    0.00    0.00   84.60
14:52:51       0    2.00    0.00    5.00    1.00    0.00    0.00    0.00    0.00    0.00   92.00
14:52:51       1   12.12    0.00    3.03    1.01    0.00    1.01    0.00    0.00    0.00   82.83
14:52:51       2    2.00    0.00    2.00    1.00    0.00    0.00    0.00    0.00    0.00   95.00
14:52:51       3    7.14    0.00    1.02    1.02    0.00    0.00    0.00    0.00    0.00   90.82
14:52:51       4    2.02    0.00    5.05   21.21    0.00    0.00    0.00    0.00    0.00   71.72
14:52:51       5    2.06    0.00    4.12    9.28    0.00    0.00    0.00    0.00    0.00   84.54
14:52:51       6   64.36    0.00    0.00    0.00    0.00    0.00    0.00    0.00    0.00   35.64
14:52:51       7    0.00    0.00    4.08    5.10    0.00    0.00    0.00    0.00    0.00   90.82
14:52:51       8    6.12    0.00    2.04    6.12    0.00    0.00    0.00    0.00    0.00   85.71
14:52:51       9    8.16    0.00    1.02    0.00    0.00    0.00    0.00    0.00    0.00   90.82
14:52:51      10    1.01    0.00    1.01    0.00    0.00    0.00    0.00    0.00    0.00   97.98
14:52:51      11    1.02    0.00    1.02    1.02    0.00    0.00    0.00    0.00    0.00   96.94
14:52:51      12    2.00    0.00    3.00    4.00    0.00    1.00    0.00    0.00    0.00   90.00
14:52:51      13    1.00    0.00    3.00    2.00    0.00    1.00    0.00    0.00    0.00   93.00
14:52:51      14   36.00    0.00    2.00    2.00    0.00    0.00    0.00    0.00    0.00   60.00
14:52:51      15    1.01    0.00    2.02    0.00    0.00    0.00    0.00    0.00    0.00   96.97

14:52:51     CPU    %usr   %nice    %sys %iowait    %irq   %soft  %steal  %guest  %gnice   %idle
14:52:52     all   16.75    0.00    2.20    1.76    0.00    0.25    0.00    0.00    0.00   79.03
14:52:52       0    8.08    0.00    4.04    0.00    0.00    0.00    0.00    0.00    0.00   87.88
14:52:52       1   28.00    0.00    1.00    1.00    0.00    0.00    0.00    0.00    0.00   70.00
14:52:52       2   10.10    0.00    2.02    1.01    0.00    0.00    0.00    0.00    0.00   86.87
14:52:52       3   10.10    0.00    1.01    1.01    0.00    0.00    0.00    0.00    0.00   87.88
14:52:52       4   17.17    0.00    2.02    0.00    0.00    1.01    0.00    0.00    0.00   79.80
14:52:52       5    8.08    0.00    2.02    2.02    0.00    1.01    0.00    0.00    0.00   86.87
14:52:52       6    5.94    0.00    1.98    0.00    0.00    0.99    0.00    0.00    0.00   91.09
14:52:52       7    5.00    0.00    1.00    1.00    0.00    0.00    0.00    0.00    0.00   93.00
14:52:52       8   20.62    0.00    4.12   11.34    0.00    0.00    0.00    0.00    0.00   63.92
14:52:52       9    9.00    0.00    2.00    1.00    0.00    0.00    0.00    0.00    0.00   88.00
14:52:52      10    4.04    0.00    2.02    0.00    0.00    1.01    0.00    0.00    0.00   92.93
14:52:52      11   14.14    0.00    3.03    1.01    0.00    0.00    0.00    0.00    0.00   81.82
14:52:52      12    9.09    0.00    3.03    2.02    0.00    0.00    0.00    0.00    0.00   85.86
14:52:52      13   10.10    0.00    3.03    5.05    0.00    0.00    0.00    0.00    0.00   81.82
14:52:52      14  100.00    0.00    0.00    0.00    0.00    0.00    0.00    0.00    0.00    0.00
14:52:52      15    8.08    0.00    3.03    2.02    0.00    0.00    0.00    0.00    0.00   86.87

14:52:52     CPU    %usr   %nice    %sys %iowait    %irq   %soft  %steal  %guest  %gnice   %idle
14:52:53     all   27.79    0.00    3.24    0.63    0.00    0.38    0.00    0.00    0.00   67.96
14:52:53       0   86.87    0.00    3.03    0.00    0.00    1.01    0.00    0.00    0.00    9.09
14:52:53       1   31.96    0.00    3.09    0.00    0.00    0.00    0.00    0.00    0.00   64.95
14:52:53       2   30.30    0.00    2.02    0.00    0.00    0.00    0.00    0.00    0.00   67.68
14:52:53       3   37.37    0.00    4.04    0.00    0.00    1.01    0.00    0.00    0.00   57.58
14:52:53       4   16.33    0.00    3.06    1.02    0.00    0.00    0.00    0.00    0.00   79.59
14:52:53       5   23.47    0.00    5.10    1.02    0.00    0.00    0.00    0.00    0.00   70.41
14:52:53       6   17.17    0.00    3.03    1.01    0.00    0.00    0.00    0.00    0.00   78.79
14:52:53       7   18.37    0.00    1.02    1.02    0.00    0.00    0.00    0.00    0.00   79.59
14:52:53       8   12.00    0.00    4.00    0.00    0.00    1.00    0.00    0.00    0.00   83.00
14:52:53       9   19.39    0.00    3.06    0.00    0.00    0.00    0.00    0.00    0.00   77.55
14:52:53      10   14.14    0.00    5.05    1.01    0.00    0.00    0.00    0.00    0.00   79.80
14:52:53      11   27.55    0.00    2.04    0.00    0.00    1.02    0.00    0.00    0.00   69.39
14:52:53      12   30.00    0.00    3.00    2.00    0.00    1.00    0.00    0.00    0.00   64.00
14:52:53      13   12.37    0.00    4.12    1.03    0.00    0.00    0.00    0.00    0.00   82.47
14:52:53      14   48.48    0.00    2.02    1.01    0.00    0.00    0.00    0.00    0.00   48.48
14:52:53      15   18.37    0.00    4.08    1.02    0.00    1.02    0.00    0.00    0.00   75.51

14:52:53     CPU    %usr   %nice    %sys %iowait    %irq   %soft  %steal  %guest  %gnice   %idle
14:52:54     all   22.51    0.00    4.63    0.63    0.00    0.51    0.00    0.00    0.00   71.72
14:52:54       0   60.82    0.00    1.03    0.00    0.00    0.00    0.00    0.00    0.00   38.14
14:52:54       1   32.00    0.00    3.00    1.00    0.00    0.00    0.00    0.00    0.00   64.00
14:52:54       2   13.27    0.00    5.10    1.02    0.00    1.02    0.00    0.00    0.00   79.59
14:52:54       3   22.00    0.00    6.00    1.00    0.00    0.00    0.00    0.00    0.00   71.00
14:52:54       4   16.16    0.00    6.06    0.00    0.00    1.01    0.00    0.00    0.00   76.77
14:52:54       5    8.16    0.00    7.14    0.00    0.00    0.00    0.00    0.00    0.00   84.69
14:52:54       6   56.12    0.00    2.04    0.00    0.00    1.02    0.00    0.00    0.00   40.82
14:52:54       7   21.21    0.00    5.05    1.01    0.00    0.00    0.00    0.00    0.00   72.73
14:52:54       8   29.59    0.00    1.02    1.02    0.00    0.00    0.00    0.00    0.00   68.37
14:52:54       9   22.22    0.00    4.04    1.01    0.00    1.01    0.00    0.00    0.00   71.72
14:52:54      10   12.37    0.00    4.12    1.03    0.00    0.00    0.00    0.00    0.00   82.47
14:52:54      11    9.00    0.00    7.00    1.00    0.00    1.00    0.00    0.00    0.00   82.00
14:52:54      12   11.22    0.00    7.14    0.00    0.00    0.00    0.00    0.00    0.00   81.63
14:52:54      13   10.10    0.00    5.05    1.01    0.00    1.01    0.00    0.00    0.00   82.83
14:52:54      14    8.00    0.00    5.00    1.00    0.00    1.00    0.00    0.00    0.00   85.00
14:52:54      15   28.87    0.00    5.15    0.00    0.00    1.03    0.00    0.00    0.00   64.95

14:52:54     CPU    %usr   %nice    %sys %iowait    %irq   %soft  %steal  %guest  %gnice   %idle
14:52:55     all   20.41    0.00    4.37    0.82    0.00    0.57    0.00    0.00    0.00   73.83
14:52:55       0   16.16    0.00    4.04    1.01    0.00    0.00    0.00    0.00    0.00   78.79
14:52:55       1   13.13    0.00    5.05    0.00    0.00    1.01    0.00    0.00    0.00   80.81
14:52:55       2   13.40    0.00    4.12    0.00    0.00    0.00    0.00    0.00    0.00   82.47
14:52:55       3    9.00    0.00    4.00    0.00    0.00    1.00    0.00    0.00    0.00   86.00
14:52:55       4   21.21    0.00    3.03    1.01    0.00    0.00    0.00    0.00    0.00   74.75
14:52:55       5   11.76    0.00    3.92    0.98    0.00    0.98    0.00    0.00    0.00   82.35
14:52:55       6   89.00    0.00    1.00    0.00    0.00    1.00    0.00    0.00    0.00    9.00
14:52:55       7   35.71    0.00    3.06    1.02    0.00    0.00    0.00    0.00    0.00   60.20
14:52:55       8   17.17    0.00    5.05    1.01    0.00    1.01    0.00    0.00    0.00   75.76
14:52:55       9   13.27    0.00    5.10    2.04    0.00    1.02    0.00    0.00    0.00   78.57
14:52:55      10   31.96    0.00    2.06    0.00    0.00    0.00    0.00    0.00    0.00   65.98
14:52:55      11    5.10    0.00    8.16    1.02    0.00    0.00    0.00    0.00    0.00   85.71
14:52:55      12   15.79    0.00    4.21    1.05    0.00    0.00    0.00    0.00    0.00   78.95
14:52:55      13    8.16    0.00    5.10    2.04    0.00    1.02    0.00    0.00    0.00   83.67
14:52:55      14   13.13    0.00    6.06    0.00    0.00    1.01    0.00    0.00    0.00   79.80
14:52:55      15   12.00    0.00    6.00    2.00    0.00    1.00    0.00    0.00    0.00   79.00

14:52:55     CPU    %usr   %nice    %sys %iowait    %irq   %soft  %steal  %guest  %gnice   %idle
14:52:56     all   14.81    0.00    3.38    0.57    0.00    0.26    0.00    0.00    0.00   80.98
14:52:56       0    8.08    0.00    3.03    0.00    0.00    1.01    0.00    0.00    0.00   87.88
14:52:56       1    7.14    0.00    3.06    1.02    0.00    0.00    0.00    0.00    0.00   88.78
14:52:56       2    7.14    0.00    3.06    2.04    0.00    0.00    0.00    0.00    0.00   87.76
14:52:56       3    5.10    0.00    3.06    0.00    0.00    0.00    0.00    0.00    0.00   91.84
14:52:56       4   11.22    0.00    3.06    1.02    0.00    0.00    0.00    0.00    0.00   84.69
14:52:56       5    8.25    0.00    4.12    4.12    0.00    0.00    0.00    0.00    0.00   83.51
14:52:56       6    8.33    0.00    4.17    0.00    0.00    0.00    0.00    0.00    0.00   87.50
14:52:56       7  100.00    0.00    0.00    0.00    0.00    0.00    0.00    0.00    0.00    0.00
14:52:56       8   12.37    0.00    3.09    1.03    0.00    0.00    0.00    0.00    0.00   83.51
14:52:56       9   17.17    0.00    5.05    0.00    0.00    0.00    0.00    0.00    0.00   77.78
14:52:56      10    7.14    0.00    3.06    0.00    0.00    1.02    0.00    0.00    0.00   88.78
14:52:56      11   11.22    0.00    4.08    0.00    0.00    0.00    0.00    0.00    0.00   84.69
14:52:56      12   14.00    0.00    4.00    0.00    0.00    2.00    0.00    0.00    0.00   80.00
14:52:56      13    7.45    0.00    3.19    0.00    0.00    0.00    0.00    0.00    0.00   89.36
14:52:56      14    6.12    0.00    5.10    0.00    0.00    0.00    0.00    0.00    0.00   88.78
14:52:56      15    4.04    0.00    3.03    0.00    0.00    0.00    0.00    0.00    0.00   92.93

14:52:56     CPU    %usr   %nice    %sys %iowait    %irq   %soft  %steal  %guest  %gnice   %idle
14:52:57     all   18.76    0.00    6.63    0.69    0.00    0.95    0.00    0.00    0.00   72.96
14:52:57       0    8.25    0.00    6.19    0.00    0.00    1.03    0.00    0.00    0.00   84.54
14:52:57       1   12.12    0.00    8.08    2.02    0.00    1.01    0.00    0.00    0.00   76.77
14:52:57       2   13.00    0.00    7.00    0.00    0.00    1.00    0.00    0.00    0.00   79.00
14:52:57       3   12.12    0.00    9.09    0.00    0.00    0.00    0.00    0.00    0.00   78.79
14:52:57       4   33.33    0.00    5.05    0.00    0.00    1.01    0.00    0.00    0.00   60.61
14:52:57       5   50.51    0.00    3.03    0.00    0.00    1.01    0.00    0.00    0.00   45.45
14:52:57       6   21.00    0.00    6.00    1.00    0.00    0.00    0.00    0.00    0.00   72.00
14:52:57       7   32.99    0.00    3.09    0.00    0.00    1.03    0.00    0.00    0.00   62.89
14:52:57       8   14.14    0.00    7.07    2.02    0.00    0.00    0.00    0.00    0.00   76.77
14:52:57       9    7.07    0.00    8.08    1.01    0.00    2.02    0.00    0.00    0.00   81.82
14:52:57      10   10.10    0.00    7.07    2.02    0.00    0.00    0.00    0.00    0.00   80.81
14:52:57      11   17.17    0.00    9.09    0.00    0.00    1.01    0.00    0.00    0.00   72.73
14:52:57      12   22.22    0.00    8.08    1.01    0.00    1.01    0.00    0.00    0.00   67.68
14:52:57      13   20.79    0.00    4.95    0.00    0.00    0.99    0.00    0.00    0.00   73.27
14:52:57      14    9.09    0.00    7.07    1.01    0.00    1.01    0.00    0.00    0.00   81.82
14:52:57      15   16.33    0.00    7.14    1.02    0.00    3.06    0.00    0.00    0.00   72.45

14:52:57     CPU    %usr   %nice    %sys %iowait    %irq   %soft  %steal  %guest  %gnice   %idle
14:52:58     all   13.10    0.00    3.73    1.01    0.00    0.44    0.00    0.00    0.00   81.71
14:52:58       0   14.14    0.00    6.06    2.02    0.00    0.00    0.00    0.00    0.00   77.78
14:52:58       1    9.38    0.00    4.17    1.04    0.00    0.00    0.00    0.00    0.00   85.42
14:52:58       2   26.53    0.00    2.04    0.00    0.00    1.02    0.00    0.00    0.00   70.41
14:52:58       3    4.95    0.00    3.96    0.99    0.00    0.99    0.00    0.00    0.00   89.11
14:52:58       4    7.14    0.00    3.06    1.02    0.00    0.00    0.00    0.00    0.00   88.78
14:52:58       5   77.23    0.00    0.99    0.00    0.00    0.00    0.00    0.00    0.00   21.78
14:52:58       6    5.05    0.00    3.03    0.00    0.00    1.01    0.00    0.00    0.00   90.91
14:52:58       7   10.10    0.00    6.06    1.01    0.00    1.01    0.00    0.00    0.00   81.82
14:52:58       8    4.08    0.00    5.10    0.00    0.00    1.02    0.00    0.00    0.00   89.80
14:52:58       9    4.08    0.00    3.06    0.00    0.00    0.00    0.00    0.00    0.00   92.86
14:52:58      10    3.00    0.00    4.00    1.00    0.00    1.00    0.00    0.00    0.00   91.00
14:52:58      11   21.21    0.00    3.03    1.01    0.00    0.00    0.00    0.00    0.00   74.75
14:52:58      12    3.09    0.00    4.12    3.09    0.00    0.00    0.00    0.00    0.00   89.69
14:52:58      13    9.00    0.00    4.00    1.00    0.00    0.00    0.00    0.00    0.00   86.00
14:52:58      14    4.08    0.00    3.06    0.00    0.00    1.02    0.00    0.00    0.00   91.84
14:52:58      15    5.05    0.00    4.04    4.04    0.00    0.00    0.00    0.00    0.00   86.87

14:52:58     CPU    %usr   %nice    %sys %iowait    %irq   %soft  %steal  %guest  %gnice   %idle
14:52:59     all   12.85    0.00    2.48    1.21    0.00    0.13    0.00    0.00    0.00   83.33
14:52:59       0   29.00    0.00    4.00    3.00    0.00    0.00    0.00    0.00    0.00   64.00
14:52:59       1    3.09    0.00    2.06    1.03    0.00    0.00    0.00    0.00    0.00   93.81
14:52:59       2   22.45    0.00    2.04    0.00    0.00    0.00    0.00    0.00    0.00   75.51
14:52:59       3    4.12    0.00    3.09    0.00    0.00    1.03    0.00    0.00    0.00   91.75
14:52:59       4   36.36    0.00    4.04    0.00    0.00    0.00    0.00    0.00    0.00   59.60
14:52:59       5   16.33    0.00    6.12    2.04    0.00    0.00    0.00    0.00    0.00   75.51
14:52:59       6   29.29    0.00    1.01    0.00    0.00    0.00    0.00    0.00    0.00   69.70
14:52:59       7    3.06    0.00    2.04    2.04    0.00    0.00    0.00    0.00    0.00   92.86
14:52:59       8   10.20    0.00    2.04    4.08    0.00    0.00    0.00    0.00    0.00   83.67
14:52:59       9    5.10    0.00    3.06    1.02    0.00    0.00    0.00    0.00    0.00   90.82
14:52:59      10   14.43    0.00    1.03    1.03    0.00    0.00    0.00    0.00    0.00   83.51
14:52:59      11    7.22    0.00    2.06    0.00    0.00    0.00    0.00    0.00    0.00   90.72
14:52:59      12    3.00    0.00    2.00    1.00    0.00    1.00    0.00    0.00    0.00   93.00
14:52:59      13    3.06    0.00    2.04    0.00    0.00    0.00    0.00    0.00    0.00   94.90
14:52:59      14   14.00    0.00    1.00    4.00    0.00    0.00    0.00    0.00    0.00   81.00
14:52:59      15    4.08    0.00    2.04    0.00    0.00    0.00    0.00    0.00    0.00   93.88

14:52:59     CPU    %usr   %nice    %sys %iowait    %irq   %soft  %steal  %guest  %gnice   %idle
14:53:00     all   13.13    0.00    2.90    1.33    0.00    0.25    0.00    0.00    0.00   82.39
14:53:00       0   17.17    0.00    5.05    2.02    0.00    0.00    0.00    0.00    0.00   75.76
14:53:00       1    5.10    0.00    3.06    2.04    0.00    1.02    0.00    0.00    0.00   88.78
14:53:00       2   13.00    0.00    2.00    1.00    0.00    0.00    0.00    0.00    0.00   84.00
14:53:00       3    7.07    0.00    2.02    1.01    0.00    0.00    0.00    0.00    0.00   89.90
14:53:00       4    5.15    0.00    3.09    7.22    0.00    0.00    0.00    0.00    0.00   84.54
14:53:00       5    3.03    0.00    2.02    1.01    0.00    0.00    0.00    0.00    0.00   93.94
14:53:00       6   99.00    0.00    1.00    0.00    0.00    0.00    0.00    0.00    0.00    0.00
14:53:00       7   14.43    0.00    2.06    2.06    0.00    0.00    0.00    0.00    0.00   81.44
14:53:00       8    3.03    0.00    4.04    2.02    0.00    0.00    0.00    0.00    0.00   90.91
14:53:00       9   10.10    0.00    4.04    0.00    0.00    0.00    0.00    0.00    0.00   85.86
14:53:00      10    8.00    0.00    3.00    1.00    0.00    0.00    0.00    0.00    0.00   88.00
14:53:00      11    3.00    0.00    3.00    0.00    0.00    1.00    0.00    0.00    0.00   93.00
14:53:00      12    5.00    0.00    3.00    1.00    0.00    0.00    0.00    0.00    0.00   91.00
14:53:00      13    3.03    0.00    3.03    0.00    0.00    1.01    0.00    0.00    0.00   92.93
14:53:00      14    7.14    0.00    2.04    0.00    0.00    0.00    0.00    0.00    0.00   90.82
14:53:00      15    6.00    0.00    4.00    1.00    0.00    1.00    0.00    0.00    0.00   88.00

14:53:00     CPU    %usr   %nice    %sys %iowait    %irq   %soft  %steal  %guest  %gnice   %idle
14:53:01     all   14.85    0.00    4.57    0.70    0.00    0.25    0.00    0.00    0.00   79.63
14:53:01       0   10.42    0.00    6.25    0.00    0.00    0.00    0.00    0.00    0.00   83.33
14:53:01       1    3.03    0.00    4.04    0.00    0.00    0.00    0.00    0.00    0.00   92.93
14:53:01       2    3.03    0.00    3.03    1.01    0.00    0.00    0.00    0.00    0.00   92.93
14:53:01       3   13.27    0.00    4.08    1.02    0.00    0.00    0.00    0.00    0.00   81.63
14:53:01       4   23.23    0.00    2.02    1.01    0.00    0.00    0.00    0.00    0.00   73.74
14:53:01       5    3.09    0.00    2.06    1.03    0.00    1.03    0.00    0.00    0.00   92.78
14:53:01       6  100.00    0.00    0.00    0.00    0.00    0.00    0.00    0.00    0.00    0.00
14:53:01       7    8.08    0.00    3.03    1.01    0.00    0.00    0.00    0.00    0.00   87.88
14:53:01       8   13.40    0.00    6.19    1.03    0.00    1.03    0.00    0.00    0.00   78.35
14:53:01       9   19.00    0.00   10.00    1.00    0.00    1.00    0.00    0.00    0.00   69.00
14:53:01      10    3.06    0.00    7.14    2.04    0.00    0.00    0.00    0.00    0.00   87.76
14:53:01      11    4.12    0.00    4.12    0.00    0.00    0.00    0.00    0.00    0.00   91.75
14:53:01      12    9.18    0.00    8.16    0.00    0.00    0.00    0.00    0.00    0.00   82.65
14:53:01      13   11.11    0.00    4.04    1.01    0.00    0.00    0.00    0.00    0.00   83.84
14:53:01      14    4.04    0.00    5.05    0.00    0.00    1.01    0.00    0.00    0.00   89.90
14:53:01      15    7.92    0.00    3.96    0.99    0.00    0.00    0.00    0.00    0.00   87.13

14:53:01     CPU    %usr   %nice    %sys %iowait    %irq   %soft  %steal  %guest  %gnice   %idle
14:53:02     all   15.08    0.00    3.79    0.57    0.00    0.44    0.00    0.00    0.00   80.13
14:53:02       0    2.02    0.00    3.03    1.01    0.00    1.01    0.00    0.00    0.00   92.93
14:53:02       1    6.06    0.00    4.04    1.01    0.00    1.01    0.00    0.00    0.00   87.88
14:53:02       2    7.22    0.00    3.09    0.00    0.00    1.03    0.00    0.00    0.00   88.66
14:53:02       3    4.04    0.00    3.03    1.01    0.00    0.00    0.00    0.00    0.00   91.92
14:53:02       4   14.85    0.00    5.94    0.00    0.00    0.99    0.00    0.00    0.00   78.22
14:53:02       5    5.00    0.00    4.00    0.00    0.00    0.00    0.00    0.00    0.00   91.00
14:53:02       6  100.00    0.00    0.00    0.00    0.00    0.00    0.00    0.00    0.00    0.00
14:53:02       7    6.06    0.00    4.04    0.00    0.00    0.00    0.00    0.00    0.00   89.90
14:53:02       8    9.00    0.00    5.00    0.00    0.00    0.00    0.00    0.00    0.00   86.00
14:53:02       9   25.51    0.00    8.16    2.04    0.00    0.00    0.00    0.00    0.00   64.29
14:53:02      10   16.16    0.00    4.04    1.01    0.00    1.01    0.00    0.00    0.00   77.78
14:53:02      11    4.04    0.00    3.03    1.01    0.00    0.00    0.00    0.00    0.00   91.92
14:53:02      12    5.88    0.00    3.92    0.98    0.00    0.98    0.00    0.00    0.00   88.24
14:53:02      13   14.29    0.00    2.04    1.02    0.00    1.02    0.00    0.00    0.00   81.63
14:53:02      14    5.10    0.00    2.04    0.00    0.00    0.00    0.00    0.00    0.00   92.86
14:53:02      15   15.46    0.00    5.15    0.00    0.00    0.00    0.00    0.00    0.00   79.38

14:53:02     CPU    %usr   %nice    %sys %iowait    %irq   %soft  %steal  %guest  %gnice   %idle
14:53:03     all   14.56    0.00    4.32    1.78    0.00    0.70    0.00    0.00    0.00   78.64
14:53:03       0   12.37    0.00    3.09    0.00    0.00    0.00    0.00    0.00    0.00   84.54
14:53:03       1    6.06    0.00    4.04    0.00    0.00    1.01    0.00    0.00    0.00   88.89
14:53:03       2   22.45    0.00    5.10    6.12    0.00    0.00    0.00    0.00    0.00   66.33
14:53:03       3   37.76    0.00    3.06    0.00    0.00    1.02    0.00    0.00    0.00   58.16
14:53:03       4    6.06    0.00    4.04    1.01    0.00    1.01    0.00    0.00    0.00   87.88
14:53:03       5    6.00    0.00    5.00    2.00    0.00    1.00    0.00    0.00    0.00   86.00
14:53:03       6   13.40    0.00    3.09    3.09    0.00    1.03    0.00    0.00    0.00   79.38
14:53:03       7   28.28    0.00    3.03    1.01    0.00    1.01    0.00    0.00    0.00   66.67
14:53:03       8    7.22    0.00    8.25    5.15    0.00    1.03    0.00    0.00    0.00   78.35
14:53:03       9    8.91    0.00    6.93    2.97    0.00    0.99    0.00    0.00    0.00   80.20
14:53:03      10   26.53    0.00    4.08    0.00    0.00    0.00    0.00    0.00    0.00   69.39
14:53:03      11   11.00    0.00    6.00    2.00    0.00    0.00    0.00    0.00    0.00   81.00
14:53:03      12   26.53    0.00    3.06    0.00    0.00    1.02    0.00    0.00    0.00   69.39
14:53:03      13    6.25    0.00    3.12    1.04    0.00    0.00    0.00    0.00    0.00   89.58
14:53:03      14    6.12    0.00    2.04    1.02    0.00    1.02    0.00    0.00    0.00   89.80
14:53:03      15    8.16    0.00    5.10    3.06    0.00    1.02    0.00    0.00    0.00   82.65

14:53:03     CPU    %usr   %nice    %sys %iowait    %irq   %soft  %steal  %guest  %gnice   %idle
14:53:04     all   13.59    0.00    3.43    2.03    0.00    0.32    0.00    0.00    0.00   80.63
14:53:04       0   10.00    0.00    3.00    2.00    0.00    1.00    0.00    0.00    0.00   84.00
14:53:04       1    9.09    0.00    3.03    1.01    0.00    0.00    0.00    0.00    0.00   86.87
14:53:04       2    4.95    0.00    1.98    0.00    0.00    0.99    0.00    0.00    0.00   92.08
14:53:04       3    3.06    0.00    4.08    1.02    0.00    0.00    0.00    0.00    0.00   91.84
14:53:04       4    6.12    0.00    4.08    1.02    0.00    1.02    0.00    0.00    0.00   87.76
14:53:04       5    5.15    0.00    6.19    8.25    0.00    0.00    0.00    0.00    0.00   80.41
14:53:04       6    5.10    0.00    3.06    3.06    0.00    0.00    0.00    0.00    0.00   88.78
14:53:04       7    4.17    0.00    5.21    8.33    0.00    0.00    0.00    0.00    0.00   82.29
14:53:04       8    9.18    0.00    4.08    1.02    0.00    0.00    0.00    0.00    0.00   85.71
14:53:04       9   12.24    0.00    4.08    1.02    0.00    0.00    0.00    0.00    0.00   82.65
14:53:04      10  100.00    0.00    0.00    0.00    0.00    0.00    0.00    0.00    0.00    0.00
14:53:04      11    7.14    0.00    4.08    0.00    0.00    1.02    0.00    0.00    0.00   87.76
14:53:04      12   17.17    0.00    2.02    1.01    0.00    0.00    0.00    0.00    0.00   79.80
14:53:04      13    5.00    0.00    5.00    4.00    0.00    1.00    0.00    0.00    0.00   85.00
14:53:04      14   10.31    0.00    3.09    0.00    0.00    0.00    0.00    0.00    0.00   86.60
14:53:04      15    7.14    0.00    2.04    1.02    0.00    0.00    0.00    0.00    0.00   89.80

14:53:04     CPU    %usr   %nice    %sys %iowait    %irq   %soft  %steal  %guest  %gnice   %idle
14:53:05     all   14.10    0.00    2.28    0.70    0.00    0.25    0.00    0.00    0.00   82.68
14:53:05       0    6.12    0.00    2.04    0.00    0.00    0.00    0.00    0.00    0.00   91.84
14:53:05       1   17.53    0.00    3.09    0.00    0.00    0.00    0.00    0.00    0.00   79.38
14:53:05       2    2.04    0.00    2.04    0.00    0.00    0.00    0.00    0.00    0.00   95.92
14:53:05       3   16.00    0.00    6.00    0.00    0.00    0.00    0.00    0.00    0.00   78.00
14:53:05       4    2.04    0.00    2.04    2.04    0.00    0.00    0.00    0.00    0.00   93.88
14:53:05       5   12.00    0.00    1.00    1.00    0.00    1.00    0.00    0.00    0.00   85.00
14:53:05       6    2.06    0.00    2.06    0.00    0.00    0.00    0.00    0.00    0.00   95.88
14:53:05       7    2.04    0.00    2.04    1.02    0.00    0.00    0.00    0.00    0.00   94.90
14:53:05       8    5.00    0.00    2.00    1.00    0.00    1.00    0.00    0.00    0.00   91.00
14:53:05       9   13.86    0.00    1.98    0.99    0.00    0.99    0.00    0.00    0.00   82.18
14:53:05      10  100.00    0.00    0.00    0.00    0.00    0.00    0.00    0.00    0.00    0.00
14:53:05      11    9.09    0.00    1.01    1.01    0.00    0.00    0.00    0.00    0.00   88.89
14:53:05      12   16.16    0.00    2.02    2.02    0.00    0.00    0.00    0.00    0.00   79.80
14:53:05      13   10.10    0.00    5.05    1.01    0.00    0.00    0.00    0.00    0.00   83.84
14:53:05      14    8.08    0.00    2.02    1.01    0.00    0.00    0.00    0.00    0.00   88.89
14:53:05      15    2.02    0.00    2.02    0.00    0.00    1.01    0.00    0.00    0.00   94.95

14:53:05     CPU    %usr   %nice    %sys %iowait    %irq   %soft  %steal  %guest  %gnice   %idle
14:53:06     all   10.91    0.00    4.21    2.17    0.00    0.38    0.00    0.00    0.00   82.32
14:53:06       0    3.09    0.00    4.12    2.06    0.00    0.00    0.00    0.00    0.00   90.72
14:53:06       1    3.03    0.00    9.09    1.01    0.00    1.01    0.00    0.00    0.00   85.86
14:53:06       2    4.04    0.00    2.02    5.05    0.00    0.00    0.00    0.00    0.00   88.89
14:53:06       3    3.12    0.00    2.08    0.00    0.00    1.04    0.00    0.00    0.00   93.75
14:53:06       4    4.08    0.00    7.14    0.00    0.00    1.02    0.00    0.00    0.00   87.76
14:53:06       5    9.09    0.00    5.05    0.00    0.00    0.00    0.00    0.00    0.00   85.86
14:53:06       6    4.04    0.00    5.05    1.01    0.00    0.00    0.00    0.00    0.00   89.90
14:53:06       7    3.00    0.00    6.00   11.00    0.00    1.00    0.00    0.00    0.00   79.00
14:53:06       8    8.25    0.00    4.12    0.00    0.00    0.00    0.00    0.00    0.00   87.63
14:53:06       9    3.12    0.00    3.12    1.04    0.00    0.00    0.00    0.00    0.00   92.71
14:53:06      10  100.00    0.00    0.00    0.00    0.00    0.00    0.00    0.00    0.00    0.00
14:53:06      11    2.04    0.00    4.08    0.00    0.00    1.02    0.00    0.00    0.00   92.86
14:53:06      12    6.12    0.00    4.08    1.02    0.00    0.00    0.00    0.00    0.00   88.78
14:53:06      13    7.29    0.00    4.17    7.29    0.00    1.04    0.00    0.00    0.00   80.21
14:53:06      14    8.33    0.00    4.17    3.12    0.00    0.00    0.00    0.00    0.00   84.38
14:53:06      15    4.04    0.00    3.03    2.02    0.00    0.00    0.00    0.00    0.00   90.91

14:53:06     CPU    %usr   %nice    %sys %iowait    %irq   %soft  %steal  %guest  %gnice   %idle
14:53:07     all   17.73    0.00    5.10    0.83    0.00    0.77    0.00    0.00    0.00   75.57
14:53:07       0   17.53    0.00    5.15    1.03    0.00    1.03    0.00    0.00    0.00   75.26
14:53:07       1    9.18    0.00    5.10    2.04    0.00    0.00    0.00    0.00    0.00   83.67
14:53:07       2   18.18    0.00    3.03    1.01    0.00    1.01    0.00    0.00    0.00   76.77
14:53:07       3   59.00    0.00    3.00    1.00    0.00    0.00    0.00    0.00    0.00   37.00
14:53:07       4    6.12    0.00    5.10    0.00    0.00    0.00    0.00    0.00    0.00   88.78
14:53:07       5    6.19    0.00    9.28    0.00    0.00    1.03    0.00    0.00    0.00   83.51
14:53:07       6   29.29    0.00    3.03    1.01    0.00    1.01    0.00    0.00    0.00   65.66
14:53:07       7    8.25    0.00    3.09    1.03    0.00    1.03    0.00    0.00    0.00   86.60
14:53:07       8   16.33    0.00    5.10    1.02    0.00    1.02    0.00    0.00    0.00   76.53
14:53:07       9    7.07    0.00    7.07    2.02    0.00    1.01    0.00    0.00    0.00   82.83
14:53:07      10   50.00    0.00    2.00    0.00    0.00    1.00    0.00    0.00    0.00   47.00
14:53:07      11   13.40    0.00    3.09    0.00    0.00    1.03    0.00    0.00    0.00   82.47
14:53:07      12   14.29    0.00    9.18    0.00    0.00    1.02    0.00    0.00    0.00   75.51
14:53:07      13    4.21    0.00    4.21    1.05    0.00    0.00    0.00    0.00    0.00   90.53
14:53:07      14   14.43    0.00    5.15    2.06    0.00    1.03    0.00    0.00    0.00   77.32
14:53:07      15    8.08    0.00    9.09    0.00    0.00    1.01    0.00    0.00    0.00   81.82

14:53:07     CPU    %usr   %nice    %sys %iowait    %irq   %soft  %steal  %guest  %gnice   %idle
14:53:08     all   15.28    0.00    6.51    2.58    0.00    0.26    0.00    0.00    0.00   75.37
14:53:08       0    5.26    0.00    5.26    1.05    0.00    0.00    0.00    0.00    0.00   88.42
14:53:08       1   10.31    0.00    8.25    4.12    0.00    0.00    0.00    0.00    0.00   77.32
14:53:08       2    9.18    0.00   15.31    0.00    0.00    1.02    0.00    0.00    0.00   74.49
14:53:08       3   69.70    0.00    1.01    1.01    0.00    0.00    0.00    0.00    0.00   28.28
14:53:08       4    5.21    0.00    7.29   17.71    0.00    0.00    0.00    0.00    0.00   69.79
14:53:08       5    6.12    0.00    5.10    2.04    0.00    0.00    0.00    0.00    0.00   86.73
14:53:08       6    6.32    0.00    5.26    2.11    0.00    0.00    0.00    0.00    0.00   86.32
14:53:08       7    9.47    0.00    7.37    8.42    0.00    0.00    0.00    0.00    0.00   74.74
14:53:08       8    7.22    0.00    5.15    1.03    0.00    1.03    0.00    0.00    0.00   85.57
14:53:08       9   12.37    0.00    6.19    0.00    0.00    0.00    0.00    0.00    0.00   81.44
14:53:08      10   21.05    0.00   12.63    1.05    0.00    0.00    0.00    0.00    0.00   65.26
14:53:08      11   34.65    0.00    2.97    0.00    0.00    0.00    0.00    0.00    0.00   62.38
14:53:08      12    8.42    0.00    6.32    2.11    0.00    0.00    0.00    0.00    0.00   83.16
14:53:08      13   11.34    0.00    5.15    0.00    0.00    1.03    0.00    0.00    0.00   82.47
14:53:08      14   20.20    0.00    6.06    0.00    0.00    1.01    0.00    0.00    0.00   72.73
14:53:08      15    5.15    0.00    5.15    1.03    0.00    0.00    0.00    0.00    0.00   88.66

14:53:08     CPU    %usr   %nice    %sys %iowait    %irq   %soft  %steal  %guest  %gnice   %idle
14:53:09     all   10.34    0.00    3.43    2.86    0.00    0.32    0.00    0.00    0.00   83.06
14:53:09       0    4.08    0.00    4.08    0.00    0.00    0.00    0.00    0.00    0.00   91.84
14:53:09       1    2.04    0.00    4.08    5.10    0.00    0.00    0.00    0.00    0.00   88.78
14:53:09       2    3.09    0.00    4.12    6.19    0.00    0.00    0.00    0.00    0.00   86.60
14:53:09       3  100.00    0.00    0.00    0.00    0.00    0.00    0.00    0.00    0.00    0.00
14:53:09       4    2.06    0.00    3.09   10.31    0.00    1.03    0.00    0.00    0.00   83.51
14:53:09       5    8.25    0.00    1.03    1.03    0.00    0.00    0.00    0.00    0.00   89.69
14:53:09       6    3.06    0.00    4.08    5.10    0.00    1.02    0.00    0.00    0.00   86.73
14:53:09       7    5.05    0.00    3.03    1.01    0.00    0.00    0.00    0.00    0.00   90.91
14:53:09       8    3.06    0.00    4.08    0.00    0.00    0.00    0.00    0.00    0.00   92.86
14:53:09       9   11.00    0.00    2.00    1.00    0.00    1.00    0.00    0.00    0.00   85.00
14:53:09      10    7.92    0.00    5.94    2.97    0.00    0.99    0.00    0.00    0.00   82.18
14:53:09      11    4.04    0.00    4.04    1.01    0.00    1.01    0.00    0.00    0.00   89.90
14:53:09      12    1.03    0.00    3.09    5.15    0.00    0.00    0.00    0.00    0.00   90.72
14:53:09      13    4.04    0.00    4.04    3.03    0.00    0.00    0.00    0.00    0.00   88.89
14:53:09      14    2.02    0.00    5.05    4.04    0.00    0.00    0.00    0.00    0.00   88.89
14:53:09      15    3.03    0.00    3.03    0.00    0.00    0.00    0.00    0.00    0.00   93.94

14:53:09     CPU    %usr   %nice    %sys %iowait    %irq   %soft  %steal  %guest  %gnice   %idle
14:53:10     all   16.12    0.00    4.65    1.72    0.00    0.89    0.00    0.00    0.00   76.61
14:53:10       0    7.07    0.00    6.06    1.01    0.00    1.01    0.00    0.00    0.00   84.85
14:53:10       1   10.31    0.00    4.12    1.03    0.00    1.03    0.00    0.00    0.00   83.51
14:53:10       2   12.12    0.00    6.06    3.03    0.00    1.01    0.00    0.00    0.00   77.78
14:53:10       3  100.00    0.00    0.00    0.00    0.00    0.00    0.00    0.00    0.00    0.00
14:53:10       4   15.31    0.00    7.14    4.08    0.00    1.02    0.00    0.00    0.00   72.45
14:53:10       5    5.05    0.00    4.04    4.04    0.00    1.01    0.00    0.00    0.00   85.86
14:53:10       6   11.88    0.00    5.94    1.98    0.00    0.99    0.00    0.00    0.00   79.21
14:53:10       7    9.28    0.00    6.19    1.03    0.00    1.03    0.00    0.00    0.00   82.47
14:53:10       8   10.00    0.00    6.00    1.00    0.00    1.00    0.00    0.00    0.00   82.00
14:53:10       9    8.33    0.00    5.21    2.08    0.00    1.04    0.00    0.00    0.00   83.33
14:53:10      10   17.71    0.00    4.17    1.04    0.00    0.00    0.00    0.00    0.00   77.08
14:53:10      11   13.27    0.00    3.06    0.00    0.00    1.02    0.00    0.00    0.00   82.65
14:53:10      12    6.12    0.00    4.08    0.00    0.00    1.02    0.00    0.00    0.00   88.78
14:53:10      13   13.40    0.00    3.09    2.06    0.00    1.03    0.00    0.00    0.00   80.41
14:53:10      14    4.21    0.00    4.21    2.11    0.00    0.00    0.00    0.00    0.00   89.47
14:53:10      15   12.12    0.00    5.05    3.03    0.00    2.02    0.00    0.00    0.00   77.78

14:53:10     CPU    %usr   %nice    %sys %iowait    %irq   %soft  %steal  %guest  %gnice   %idle
14:53:11     all   13.42    0.00    3.18    2.16    0.00    0.13    0.00    0.00    0.00   81.11
14:53:11       0    2.04    0.00    3.06    3.06    0.00    0.00    0.00    0.00    0.00   91.84
14:53:11       1   15.00    0.00    3.00    1.00    0.00    0.00    0.00    0.00    0.00   81.00
14:53:11       2   10.42    0.00    2.08    0.00    0.00    1.04    0.00    0.00    0.00   86.46
14:53:11       3  100.00    0.00    0.00    0.00    0.00    0.00    0.00    0.00    0.00    0.00
14:53:11       4    4.04    0.00    3.03    2.02    0.00    0.00    0.00    0.00    0.00   90.91
14:53:11       5    4.17    0.00    6.25    8.33    0.00    0.00    0.00    0.00    0.00   81.25
14:53:11       6   12.37    0.00    3.09    0.00    0.00    0.00    0.00    0.00    0.00   84.54
14:53:11       7    3.06    0.00    3.06    3.06    0.00    0.00    0.00    0.00    0.00   90.82
14:53:11       8   12.63    0.00    2.11    9.47    0.00    0.00    0.00    0.00    0.00   75.79
14:53:11       9    7.14    0.00    4.08    1.02    0.00    0.00    0.00    0.00    0.00   87.76
14:53:11      10   12.00    0.00    5.00    0.00    0.00    0.00    0.00    0.00    0.00   83.00
14:53:11      11    3.00    0.00    3.00    1.00    0.00    0.00    0.00    0.00    0.00   93.00
14:53:11      12    7.00    0.00    3.00    1.00    0.00    0.00    0.00    0.00    0.00   89.00
14:53:11      13    8.33    0.00    4.17    4.17    0.00    0.00    0.00    0.00    0.00   83.33
14:53:11      14    3.03    0.00    3.03    0.00    0.00    1.01    0.00    0.00    0.00   92.93
14:53:11      15    9.00    0.00    3.00    1.00    0.00    0.00    0.00    0.00    0.00   87.00

14:53:11     CPU    %usr   %nice    %sys %iowait    %irq   %soft  %steal  %guest  %gnice   %idle
14:53:12     all   11.08    0.00    5.54    3.25    0.00    0.64    0.00    0.00    0.00   79.50
14:53:12       0    6.12    0.00   11.22    3.06    0.00    1.02    0.00    0.00    0.00   78.57
14:53:12       1    3.12    0.00    6.25    5.21    0.00    0.00    0.00    0.00    0.00   85.42
14:53:12       2    3.06    0.00    4.08    4.08    0.00    1.02    0.00    0.00    0.00   87.76
14:53:12       3  100.00    0.00    0.00    0.00    0.00    0.00    0.00    0.00    0.00    0.00
14:53:12       4    3.06    0.00    5.10    4.08    0.00    1.02    0.00    0.00    0.00   86.73
14:53:12       5    3.03    0.00    5.05    3.03    0.00    0.00    0.00    0.00    0.00   88.89
14:53:12       6    5.05    0.00    7.07    8.08    0.00    1.01    0.00    0.00    0.00   78.79
14:53:12       7    7.22    0.00   10.31    0.00    0.00    0.00    0.00    0.00    0.00   82.47
14:53:12       8    4.08    0.00    4.08    1.02    0.00    1.02    0.00    0.00    0.00   89.80
14:53:12       9    3.09    0.00    4.12    2.06    0.00    0.00    0.00    0.00    0.00   90.72
14:53:12      10    4.00    0.00    5.00    2.00    0.00    1.00    0.00    0.00    0.00   88.00
14:53:12      11    2.04    0.00    4.08    5.10    0.00    1.02    0.00    0.00    0.00   87.76
14:53:12      12   14.43    0.00    3.09    2.06    0.00    1.03    0.00    0.00    0.00   79.38
14:53:12      13    4.00    0.00    5.00    2.00    0.00    1.00    0.00    0.00    0.00   88.00
14:53:12      14    5.10    0.00    9.18    9.18    0.00    1.02    0.00    0.00    0.00   75.51
14:53:12      15    8.16    0.00    5.10    1.02    0.00    0.00    0.00    0.00    0.00   85.71

14:53:12     CPU    %usr   %nice    %sys %iowait    %irq   %soft  %steal  %guest  %gnice   %idle
14:53:13     all   18.39    0.00    4.95    0.64    0.00    0.45    0.00    0.00    0.00   75.56
14:53:13       0   11.46    0.00    4.17    1.04    0.00    0.00    0.00    0.00    0.00   83.33
14:53:13       1   13.27    0.00    3.06    0.00    0.00    1.02    0.00    0.00    0.00   82.65
14:53:13       2    4.12    0.00    4.12    0.00    0.00    0.00    0.00    0.00    0.00   91.75
14:53:13       3  100.00    0.00    0.00    0.00    0.00    0.00    0.00    0.00    0.00    0.00
14:53:13       4   19.59    0.00    3.09    0.00    0.00    1.03    0.00    0.00    0.00   76.29
14:53:13       5    4.12    0.00    4.12    0.00    0.00    1.03    0.00    0.00    0.00   90.72
14:53:13       6   11.22    0.00    5.10    1.02    0.00    0.00    0.00    0.00    0.00   82.65
14:53:13       7   16.33    0.00   11.22    1.02    0.00    1.02    0.00    0.00    0.00   70.41
14:53:13       8   21.65    0.00    5.15    1.03    0.00    0.00    0.00    0.00    0.00   72.16
14:53:13       9    5.05    0.00    4.04    1.01    0.00    1.01    0.00    0.00    0.00   88.89
14:53:13      10   12.37    0.00    3.09    0.00    0.00    1.03    0.00    0.00    0.00   83.51
14:53:13      11    3.12    0.00    5.21    0.00    0.00    0.00    0.00    0.00    0.00   91.67
14:53:13      12   27.55    0.00   10.20    1.02    0.00    0.00    0.00    0.00    0.00   61.22
14:53:13      13    4.17    0.00    2.08    1.04    0.00    0.00    0.00    0.00    0.00   92.71
14:53:13      14   18.95    0.00    7.37    2.11    0.00    0.00    0.00    0.00    0.00   71.58
14:53:13      15   18.75    0.00    7.29    1.04    0.00    1.04    0.00    0.00    0.00   71.88

14:53:13     CPU    %usr   %nice    %sys %iowait    %irq   %soft  %steal  %guest  %gnice   %idle
14:53:14     all   12.97    0.00    4.03    3.07    0.00    0.45    0.00    0.00    0.00   79.49
14:53:14       0    6.12    0.00    3.06    1.02    0.00    1.02    0.00    0.00    0.00   88.78
14:53:14       1    3.12    0.00    5.21   16.67    0.00    1.04    0.00    0.00    0.00   73.96
14:53:14       2    6.12    0.00    5.10    1.02    0.00    1.02    0.00    0.00    0.00   86.73
14:53:14       3  100.00    0.00    0.00    0.00    0.00    0.00    0.00    0.00    0.00    0.00
14:53:14       4   15.15    0.00    2.02    6.06    0.00    0.00    0.00    0.00    0.00   76.77
14:53:14       5    7.22    0.00    5.15    1.03    0.00    0.00    0.00    0.00    0.00   86.60
14:53:14       6   10.10    0.00    4.04    1.01    0.00    1.01    0.00    0.00    0.00   83.84
14:53:14       7    4.17    0.00    4.17    0.00    0.00    0.00    0.00    0.00    0.00   91.67
14:53:14       8    3.26    0.00    6.52   10.87    0.00    0.00    0.00    0.00    0.00   79.35
14:53:14       9    8.25    0.00    3.09    0.00    0.00    0.00    0.00    0.00    0.00   88.66
14:53:14      10    6.00    0.00    6.00    5.00    0.00    0.00    0.00    0.00    0.00   83.00
14:53:14      11    2.04    0.00    3.06    1.02    0.00    0.00    0.00    0.00    0.00   93.88
14:53:14      12   12.12    0.00    5.05    1.01    0.00    1.01    0.00    0.00    0.00   80.81
14:53:14      13    4.04    0.00    6.06    3.03    0.00    1.01    0.00    0.00    0.00   85.86
14:53:14      14    9.09    0.00    3.03    1.01    0.00    0.00    0.00    0.00    0.00   86.87
14:53:14      15    8.16    0.00    3.06    1.02    0.00    1.02    0.00    0.00    0.00   86.73

14:53:14     CPU    %usr   %nice    %sys %iowait    %irq   %soft  %steal  %guest  %gnice   %idle
14:53:15     all   18.42    0.00    8.34    2.07    0.00    1.23    0.00    0.00    0.00   69.94
14:53:15       0   20.00    0.00   12.63    1.05    0.00    1.05    0.00    0.00    0.00   65.26
14:53:15       1    9.28    0.00    8.25    2.06    0.00    1.03    0.00    0.00    0.00   79.38
14:53:15       2   11.46    0.00    7.29    2.08    0.00    1.04    0.00    0.00    0.00   78.12
14:53:15       3   27.37    0.00    5.26    1.05    0.00    1.05    0.00    0.00    0.00   65.26
14:53:15       4   72.73    0.00    2.02    1.01    0.00    0.00    0.00    0.00    0.00   24.24
14:53:15       5   15.69    0.00   10.78    4.90    0.00    0.98    0.00    0.00    0.00   67.65
14:53:15       6   26.04    0.00    6.25    2.08    0.00    1.04    0.00    0.00    0.00   64.58
14:53:15       7   10.42    0.00    8.33    4.17    0.00    1.04    0.00    0.00    0.00   76.04
14:53:15       8    7.45    0.00    8.51    3.19    0.00    1.06    0.00    0.00    0.00   79.79
14:53:15       9   10.31    0.00    9.28    2.06    0.00    1.03    0.00    0.00    0.00   77.32
14:53:15      10   13.54    0.00    7.29    3.12    0.00    2.08    0.00    0.00    0.00   73.96
14:53:15      11   21.88    0.00    8.33    1.04    0.00    2.08    0.00    0.00    0.00   66.67
14:53:15      12    7.14    0.00   10.20    1.02    0.00    2.04    0.00    0.00    0.00   79.59
14:53:15      13   10.31    0.00   10.31    2.06    0.00    1.03    0.00    0.00    0.00   76.29
14:53:15      14   19.79    0.00   10.42    2.08    0.00    2.08    0.00    0.00    0.00   65.62
14:53:15      15   10.31    0.00    8.25    0.00    0.00    1.03    0.00    0.00    0.00   80.41

14:53:15     CPU    %usr   %nice    %sys %iowait    %irq   %soft  %steal  %guest  %gnice   %idle
14:53:16     all   13.63    0.00    2.99    2.80    0.00    0.25    0.00    0.00    0.00   80.32
14:53:16       0    3.12    0.00    2.08    1.04    0.00    0.00    0.00    0.00    0.00   93.75
14:53:16       1    5.10    0.00    3.06    0.00    0.00    0.00    0.00    0.00    0.00   91.84
14:53:16       2    7.07    0.00    2.02    1.01    0.00    0.00    0.00    0.00    0.00   89.90
14:53:16       3   10.00    0.00    3.00    1.00    0.00    1.00    0.00    0.00    0.00   85.00
14:53:16       4  100.00    0.00    0.00    0.00    0.00    0.00    0.00    0.00    0.00    0.00
14:53:16       5    5.15    0.00    4.12    0.00    0.00    0.00    0.00    0.00    0.00   90.72
14:53:16       6    5.10    0.00    4.08    1.02    0.00    0.00    0.00    0.00    0.00   89.80
14:53:16       7    9.09    0.00    3.03    0.00    0.00    0.00    0.00    0.00    0.00   87.88
14:53:16       8    5.10    0.00    4.08   12.24    0.00    0.00    0.00    0.00    0.00   78.57
14:53:16       9   16.33    0.00    2.04    1.02    0.00    1.02    0.00    0.00    0.00   79.59
14:53:16      10   21.43    0.00    4.08   11.22    0.00    0.00    0.00    0.00    0.00   63.27
14:53:16      11    4.95    0.00    3.96    1.98    0.00    0.99    0.00    0.00    0.00   88.12
14:53:16      12    4.04    0.00    2.02    1.01    0.00    0.00    0.00    0.00    0.00   92.93
14:53:16      13    5.10    0.00    3.06    0.00    0.00    1.02    0.00    0.00    0.00   90.82
14:53:16      14    7.45    0.00    5.32   13.83    0.00    0.00    0.00    0.00    0.00   73.40
14:53:16      15    7.22    0.00    2.06    0.00    0.00    0.00    0.00    0.00    0.00   90.72

14:53:16     CPU    %usr   %nice    %sys %iowait    %irq   %soft  %steal  %guest  %gnice   %idle
14:53:17     all   16.67    0.00    4.23    0.19    0.00    0.76    0.00    0.00    0.00   78.16
14:53:17       0   23.00    0.00    2.00    0.00    0.00    1.00    0.00    0.00    0.00   74.00
14:53:17       1   12.24    0.00    4.08    1.02    0.00    1.02    0.00    0.00    0.00   81.63
14:53:17       2    7.22    0.00    3.09    0.00    0.00    1.03    0.00    0.00    0.00   88.66
14:53:17       3    4.95    0.00    8.91    0.00    0.00    1.98    0.00    0.00    0.00   84.16
14:53:17       4   98.00    0.00    0.00    0.00    0.00    0.00    0.00    0.00    0.00    2.00
14:53:17       5   26.53    0.00    4.08    0.00    0.00    1.02    0.00    0.00    0.00   68.37
14:53:17       6    5.94    0.00    4.95    0.00    0.00    0.99    0.00    0.00    0.00   88.12
14:53:17       7   11.88    0.00    4.95    0.99    0.00    0.99    0.00    0.00    0.00   81.19
14:53:17       8    5.15    0.00    5.15    0.00    0.00    1.03    0.00    0.00    0.00   88.66
14:53:17       9   11.34    0.00    3.09    0.00    0.00    0.00    0.00    0.00    0.00   85.57
14:53:17      10   10.31    0.00    5.15    0.00    0.00    1.03    0.00    0.00    0.00   83.51
14:53:17      11    8.08    0.00    4.04    0.00    0.00    0.00    0.00    0.00    0.00   87.88
14:53:17      12    9.09    0.00    4.04    0.00    0.00    1.01    0.00    0.00    0.00   85.86
14:53:17      13   13.13    0.00    4.04    1.01    0.00    1.01    0.00    0.00    0.00   80.81
14:53:17      14   13.00    0.00    5.00    0.00    0.00    0.00    0.00    0.00    0.00   82.00
14:53:17      15    6.00    0.00    5.00    0.00    0.00    0.00    0.00    0.00    0.00   89.00

14:53:17     CPU    %usr   %nice    %sys %iowait    %irq   %soft  %steal  %guest  %gnice   %idle
14:53:18     all   15.71    0.00    3.63    0.76    0.00    0.51    0.00    0.00    0.00   79.39
14:53:18       0   11.46    0.00    3.12    1.04    0.00    0.00    0.00    0.00    0.00   84.38
14:53:18       1    8.16    0.00    3.06    1.02    0.00    0.00    0.00    0.00    0.00   87.76
14:53:18       2   11.11    0.00    6.06    0.00    0.00    0.00    0.00    0.00    0.00   82.83
14:53:18       3    8.16    0.00    4.08    1.02    0.00    0.00    0.00    0.00    0.00   86.73
14:53:18       4    4.08    0.00    3.06    0.00    0.00    1.02    0.00    0.00    0.00   91.84
14:53:18       5   60.61    0.00    2.02    1.01    0.00    0.00    0.00    0.00    0.00   36.36
14:53:18       6    7.37    0.00    3.16    0.00    0.00    1.05    0.00    0.00    0.00   88.42
14:53:18       7   56.57    0.00    2.02    0.00    0.00    0.00    0.00    0.00    0.00   41.41
14:53:18       8    3.00    0.00    3.00    1.00    0.00    1.00    0.00    0.00    0.00   92.00
14:53:18       9   12.24    0.00    4.08    1.02    0.00    0.00    0.00    0.00    0.00   82.65
14:53:18      10    5.94    0.00    5.94    0.99    0.00    0.99    0.00    0.00    0.00   86.14
14:53:18      11    7.00    0.00    5.00    1.00    0.00    1.00    0.00    0.00    0.00   86.00
14:53:18      12    7.22    0.00    2.06    1.03    0.00    0.00    0.00    0.00    0.00   89.69
14:53:18      13   14.58    0.00    4.17    0.00    0.00    1.04    0.00    0.00    0.00   80.21
14:53:18      14   19.39    0.00    5.10    1.02    0.00    1.02    0.00    0.00    0.00   73.47
14:53:18      15   14.00    0.00    2.00    2.00    0.00    1.00    0.00    0.00    0.00   81.00

14:53:18     CPU    %usr   %nice    %sys %iowait    %irq   %soft  %steal  %guest  %gnice   %idle
14:53:19     all   19.29    0.00    5.20    0.57    0.00    0.57    0.00    0.00    0.00   74.37
14:53:19       0   15.15    0.00    6.06    1.01    0.00    0.00    0.00    0.00    0.00   77.78
14:53:19       1   14.43    0.00    4.12    1.03    0.00    0.00    0.00    0.00    0.00   80.41
14:53:19       2    8.08    0.00    5.05    1.01    0.00    1.01    0.00    0.00    0.00   84.85
14:53:19       3   16.67    0.00    5.21    0.00    0.00    0.00    0.00    0.00    0.00   78.12
14:53:19       4   11.34    0.00    5.15    1.03    0.00    0.00    0.00    0.00    0.00   82.47
14:53:19       5   65.35    0.00    1.98    0.99    0.00    0.99    0.00    0.00    0.00   30.69
14:53:19       6    8.00    0.00    7.00    1.00    0.00    1.00    0.00    0.00    0.00   83.00
14:53:19       7   41.00    0.00    5.00    0.00    0.00    1.00    0.00    0.00    0.00   53.00
14:53:19       8    6.12    0.00    5.10    0.00    0.00    1.02    0.00    0.00    0.00   87.76
14:53:19       9   11.22    0.00    4.08    1.02    0.00    1.02    0.00    0.00    0.00   82.65
14:53:19      10   31.63    0.00    4.08    1.02    0.00    0.00    0.00    0.00    0.00   63.27
14:53:19      11   13.40    0.00    7.22    0.00    0.00    1.03    0.00    0.00    0.00   78.35
14:53:19      12    9.28    0.00    6.19    0.00    0.00    1.03    0.00    0.00    0.00   83.51
14:53:19      13    8.00    0.00    7.00    1.00    0.00    0.00    0.00    0.00    0.00   84.00
14:53:19      14   11.11    0.00    5.05    0.00    0.00    1.01    0.00    0.00    0.00   82.83
14:53:19      15   36.00    0.00    5.00    0.00    0.00    0.00    0.00    0.00    0.00   59.00

14:53:19     CPU    %usr   %nice    %sys %iowait    %irq   %soft  %steal  %guest  %gnice   %idle
14:53:20     all   17.46    0.00    4.70    0.25    0.00    0.70    0.00    0.00    0.00   76.89
14:53:20       0    8.00    0.00    6.00    1.00    0.00    2.00    0.00    0.00    0.00   83.00
14:53:20       1   34.65    0.00    6.93    0.99    0.00    1.98    0.00    0.00    0.00   55.45
14:53:20       2    9.28    0.00    5.15    0.00    0.00    1.03    0.00    0.00    0.00   84.54
14:53:20       3    6.06    0.00    7.07    1.01    0.00    1.01    0.00    0.00    0.00   84.85
14:53:20       4   82.00    0.00    2.00    0.00    0.00    0.00    0.00    0.00    0.00   16.00
14:53:20       5   28.28    0.00    4.04    0.00    0.00    0.00    0.00    0.00    0.00   67.68
14:53:20       6   10.10    0.00    5.05    1.01    0.00    0.00    0.00    0.00    0.00   83.84
14:53:20       7   20.62    0.00    2.06    0.00    0.00    0.00    0.00    0.00    0.00   77.32
14:53:20       8    5.15    0.00    4.12    0.00    0.00    1.03    0.00    0.00    0.00   89.69
14:53:20       9    6.06    0.00    5.05    0.00    0.00    1.01    0.00    0.00    0.00   87.88
14:53:20      10    6.12    0.00    4.08    0.00    0.00    1.02    0.00    0.00    0.00   88.78
14:53:20      11    8.16    0.00    5.10    0.00    0.00    1.02    0.00    0.00    0.00   85.71
14:53:20      12    6.06    0.00    5.05    0.00    0.00    0.00    0.00    0.00    0.00   88.89
14:53:20      13   14.58    0.00    4.17    0.00    0.00    0.00    0.00    0.00    0.00   81.25
14:53:20      14    6.19    0.00    5.15    0.00    0.00    0.00    0.00    0.00    0.00   88.66
14:53:20      15   26.26    0.00    4.04    0.00    0.00    1.01    0.00    0.00    0.00   68.69

14:53:20     CPU    %usr   %nice    %sys %iowait    %irq   %soft  %steal  %guest  %gnice   %idle
14:53:21     all   18.20    0.00    3.95    0.70    0.00    0.57    0.00    0.00    0.00   76.58
14:53:21       0   11.46    0.00    4.17    0.00    0.00    0.00    0.00    0.00    0.00   84.38
14:53:21       1  100.00    0.00    0.00    0.00    0.00    0.00    0.00    0.00    0.00    0.00
14:53:21       2   18.56    0.00    4.12    1.03    0.00    0.00    0.00    0.00    0.00   76.29
14:53:21       3   21.65    0.00    3.09    1.03    0.00    0.00    0.00    0.00    0.00   74.23
14:53:21       4   13.54    0.00    5.21    0.00    0.00    1.04    0.00    0.00    0.00   80.21
14:53:21       5   13.13    0.00    4.04    1.01    0.00    1.01    0.00    0.00    0.00   80.81
14:53:21       6   10.31    0.00    3.09    1.03    0.00    1.03    0.00    0.00    0.00   84.54
14:53:21       7   14.29    0.00    6.12    1.02    0.00    1.02    0.00    0.00    0.00   77.55
14:53:21       8   17.00    0.00    5.00    1.00    0.00    1.00    0.00    0.00    0.00   76.00
14:53:21       9    3.09    0.00    3.09    1.03    0.00    1.03    0.00    0.00    0.00   91.75
14:53:21      10    9.18    0.00    2.04    0.00    0.00    0.00    0.00    0.00    0.00   88.78
14:53:21      11    6.12    0.00    5.10    1.02    0.00    0.00    0.00    0.00    0.00   87.76
14:53:21      12   10.89    0.00    4.95    0.99    0.00    0.99    0.00    0.00    0.00   82.18
14:53:21      13   16.00    0.00    4.00    1.00    0.00    1.00    0.00    0.00    0.00   78.00
14:53:21      14    5.00    0.00    5.00    1.00    0.00    1.00    0.00    0.00    0.00   88.00
14:53:21      15   19.59    0.00    4.12    0.00    0.00    0.00    0.00    0.00    0.00   76.29

14:53:21     CPU    %usr   %nice    %sys %iowait    %irq   %soft  %steal  %guest  %gnice   %idle
14:53:22     all   15.32    0.00    3.37    0.19    0.00    0.57    0.00    0.00    0.00   80.55
14:53:22       0   25.00    0.00    3.00    0.00    0.00    1.00    0.00    0.00    0.00   71.00
14:53:22       1  100.00    0.00    0.00    0.00    0.00    0.00    0.00    0.00    0.00    0.00
14:53:22       2    6.12    0.00    3.06    1.02    0.00    1.02    0.00    0.00    0.00   88.78
14:53:22       3    4.08    0.00    4.08    0.00    0.00    1.02    0.00    0.00    0.00   90.82
14:53:22       4    4.08    0.00    3.06    0.00    0.00    1.02    0.00    0.00    0.00   91.84
14:53:22       5    5.10    0.00    4.08    1.02    0.00    1.02    0.00    0.00    0.00   88.78
14:53:22       6    4.17    0.00    2.08    0.00    0.00    0.00    0.00    0.00    0.00   93.75
14:53:22       7   28.28    0.00    3.03    0.00    0.00    0.00    0.00    0.00    0.00   68.69
14:53:22       8   27.55    0.00    4.08    0.00    0.00    0.00    0.00    0.00    0.00   68.37
14:53:22       9    4.08    0.00    3.06    0.00    0.00    0.00    0.00    0.00    0.00   92.86
14:53:22      10    7.14    0.00    4.08    0.00    0.00    0.00    0.00    0.00    0.00   88.78
14:53:22      11    5.10    0.00    5.10    0.00    0.00    1.02    0.00    0.00    0.00   88.78
14:53:22      12    4.12    0.00    4.12    0.00    0.00    1.03    0.00    0.00    0.00   90.72
14:53:22      13    9.09    0.00    4.04    1.01    0.00    1.01    0.00    0.00    0.00   84.85
14:53:22      14    5.05    0.00    3.03    0.00    0.00    0.00    0.00    0.00    0.00   91.92
14:53:22      15    4.04    0.00    4.04    0.00    0.00    1.01    0.00    0.00    0.00   90.91

14:53:22     CPU    %usr   %nice    %sys %iowait    %irq   %soft  %steal  %guest  %gnice   %idle
14:53:23     all   15.37    0.00    3.02    0.50    0.00    0.32    0.00    0.00    0.00   80.78
14:53:23       0    5.05    0.00    3.03    2.02    0.00    0.00    0.00    0.00    0.00   89.90
14:53:23       1  100.00    0.00    0.00    0.00    0.00    0.00    0.00    0.00    0.00    0.00
14:53:23       2    6.06    0.00    4.04    0.00    0.00    1.01    0.00    0.00    0.00   88.89
14:53:23       3    6.06    0.00    3.03    0.00    0.00    0.00    0.00    0.00    0.00   90.91
14:53:23       4    9.09    0.00    2.02    1.01    0.00    0.00    0.00    0.00    0.00   87.88
14:53:23       5    5.05    0.00    3.03    0.00    0.00    0.00    0.00    0.00    0.00   91.92
14:53:23       6    4.95    0.00    4.95    0.99    0.00    0.99    0.00    0.00    0.00   88.12
14:53:23       7    7.14    0.00    3.06    0.00    0.00    0.00    0.00    0.00    0.00   89.80
14:53:23       8   27.00    0.00    1.00    0.00    0.00    0.00    0.00    0.00    0.00   72.00
14:53:23       9    4.04    0.00    2.02    0.00    0.00    1.01    0.00    0.00    0.00   92.93
14:53:23      10   12.12    0.00    4.04    1.01    0.00    1.01    0.00    0.00    0.00   81.82
14:53:23      11   33.33    0.00    3.03    1.01    0.00    0.00    0.00    0.00    0.00   62.63
14:53:23      12    8.08    0.00    4.04    0.00    0.00    0.00    0.00    0.00    0.00   87.88
14:53:23      13    6.12    0.00    3.06    0.00    0.00    0.00    0.00    0.00    0.00   90.82
14:53:23      14    4.04    0.00    4.04    1.01    0.00    1.01    0.00    0.00    0.00   89.90
14:53:23      15    7.00    0.00    4.00    1.00    0.00    0.00    0.00    0.00    0.00   88.00

14:53:23     CPU    %usr   %nice    %sys %iowait    %irq   %soft  %steal  %guest  %gnice   %idle
14:53:24     all   16.06    0.00    2.52    0.50    0.00    0.57    0.00    0.00    0.00   80.35
14:53:24       0    9.09    0.00    3.03    1.01    0.00    1.01    0.00    0.00    0.00   85.86
14:53:24       1   36.00    0.00    1.00    0.00    0.00    0.00    0.00    0.00    0.00   63.00
14:53:24       2   23.23    0.00    2.02    0.00    0.00    0.00    0.00    0.00    0.00   74.75
14:53:24       3   67.68    0.00    2.02    0.00    0.00    1.01    0.00    0.00    0.00   29.29
14:53:24       4    4.04    0.00    3.03    0.00    0.00    1.01    0.00    0.00    0.00   91.92
14:53:24       5    4.00    0.00    3.00    1.00    0.00    1.00    0.00    0.00    0.00   91.00
14:53:24       6    4.00    0.00    3.00    0.00    0.00    1.00    0.00    0.00    0.00   92.00
14:53:24       7    5.05    0.00    3.03    0.00    0.00    1.01    0.00    0.00    0.00   90.91
14:53:24       8    5.94    0.00    2.97    0.99    0.00    0.99    0.00    0.00    0.00   89.11
14:53:24       9    5.00    0.00    4.00    1.00    0.00    0.00    0.00    0.00    0.00   90.00
14:53:24      10   12.12    0.00    2.02    1.01    0.00    1.01    0.00    0.00    0.00   83.84
14:53:24      11    6.19    0.00    2.06    0.00    0.00    0.00    0.00    0.00    0.00   91.75
14:53:24      12   38.38    0.00    0.00    1.01    0.00    0.00    0.00    0.00    0.00   60.61
14:53:24      13    9.09    0.00    4.04    1.01    0.00    0.00    0.00    0.00    0.00   85.86
14:53:24      14    4.04    0.00    2.02    1.01    0.00    0.00    0.00    0.00    0.00   92.93
14:53:24      15   23.23    0.00    3.03    0.00    0.00    1.01    0.00    0.00    0.00   72.73

14:53:24     CPU    %usr   %nice    %sys %iowait    %irq   %soft  %steal  %guest  %gnice   %idle
14:53:25     all   19.01    0.00    5.59    0.76    0.00    0.45    0.00    0.00    0.00   74.19
14:53:25       0   20.00    0.00    4.00    0.00    0.00    0.00    0.00    0.00    0.00   76.00
14:53:25       1   17.35    0.00    6.12    0.00    0.00    0.00    0.00    0.00    0.00   76.53
14:53:25       2   64.00    0.00    5.00    0.00    0.00    0.00    0.00    0.00    0.00   31.00
14:53:25       3   22.68    0.00    2.06    2.06    0.00    0.00    0.00    0.00    0.00   73.20
14:53:25       4   15.31    0.00    7.14    1.02    0.00    0.00    0.00    0.00    0.00   76.53
14:53:25       5   13.13    0.00    5.05    0.00    0.00    0.00    0.00    0.00    0.00   81.82
14:53:25       6    8.16    0.00    5.10    0.00    0.00    0.00    0.00    0.00    0.00   86.73
14:53:25       7   22.68    0.00    5.15    0.00    0.00    1.03    0.00    0.00    0.00   71.13
14:53:25       8   34.02    0.00    3.09    0.00    0.00    0.00    0.00    0.00    0.00   62.89
14:53:25       9   12.12    0.00    5.05    0.00    0.00    1.01    0.00    0.00    0.00   81.82
14:53:25      10   27.00    0.00    5.00    0.00    0.00    0.00    0.00    0.00    0.00   68.00
14:53:25      11   13.27    0.00    8.16    0.00    0.00    1.02    0.00    0.00    0.00   77.55
14:53:25      12   13.13    0.00    6.06    6.06    0.00    1.01    0.00    0.00    0.00   73.74
14:53:25      13    6.00    0.00   12.00    3.00    0.00    2.00    0.00    0.00    0.00   77.00
14:53:25      14    7.22    0.00    5.15    0.00    0.00    1.03    0.00    0.00    0.00   86.60
14:53:25      15    7.29    0.00    5.21    0.00    0.00    0.00    0.00    0.00    0.00   87.50

14:53:25     CPU    %usr   %nice    %sys %iowait    %irq   %soft  %steal  %guest  %gnice   %idle
14:53:26     all   14.40    0.00    1.90    1.39    0.00    0.44    0.00    0.00    0.00   81.87
14:53:26       0    7.07    0.00    3.03    1.01    0.00    1.01    0.00    0.00    0.00   87.88
14:53:26       1    3.03    0.00    2.02    1.01    0.00    1.01    0.00    0.00    0.00   92.93
14:53:26       2   15.00    0.00    1.00    1.00    0.00    1.00    0.00    0.00    0.00   82.00
14:53:26       3   19.80    0.00    1.98    0.99    0.00    0.99    0.00    0.00    0.00   76.24
14:53:26       4    9.18    0.00    3.06    2.04    0.00    0.00    0.00    0.00    0.00   85.71
14:53:26       5   23.71    0.00    2.06    5.15    0.00    0.00    0.00    0.00    0.00   69.07
14:53:26       6    4.00    0.00    2.00    2.00    0.00    0.00    0.00    0.00    0.00   92.00
14:53:26       7    6.00    0.00    2.00    1.00    0.00    0.00    0.00    0.00    0.00   91.00
14:53:26       8    5.05    0.00    2.02    1.01    0.00    0.00    0.00    0.00    0.00   91.92
14:53:26       9    6.12    0.00    2.04    0.00    0.00    0.00    0.00    0.00    0.00   91.84
14:53:26      10  100.00    0.00    0.00    0.00    0.00    0.00    0.00    0.00    0.00    0.00
14:53:26      11    4.04    0.00    2.02    3.03    0.00    1.01    0.00    0.00    0.00   89.90
14:53:26      12    7.22    0.00    2.06    1.03    0.00    0.00    0.00    0.00    0.00   89.69
14:53:26      13   10.20    0.00    2.04    1.02    0.00    1.02    0.00    0.00    0.00   85.71
14:53:26      14    1.02    0.00    2.04    1.02    0.00    0.00    0.00    0.00    0.00   95.92
14:53:26      15    8.00    0.00    1.00    1.00    0.00    1.00    0.00    0.00    0.00   89.00

14:53:26     CPU    %usr   %nice    %sys %iowait    %irq   %soft  %steal  %guest  %gnice   %idle
14:53:27     all   12.14    0.00    1.97    1.21    0.00    0.25    0.00    0.00    0.00   84.42
14:53:27       0    3.06    0.00    1.02    1.02    0.00    0.00    0.00    0.00    0.00   94.90
14:53:27       1   10.20    0.00    3.06    1.02    0.00    0.00    0.00    0.00    0.00   85.71
14:53:27       2    3.06    0.00    1.02    0.00    0.00    0.00    0.00    0.00    0.00   95.92
14:53:27       3   12.24    0.00    3.06    0.00    0.00    0.00    0.00    0.00    0.00   84.69
14:53:27       4    5.00    0.00    3.00    5.00    0.00    1.00    0.00    0.00    0.00   86.00
14:53:27       5   10.20    0.00    3.06    0.00    0.00    0.00    0.00    0.00    0.00   86.73
14:53:27       6   11.11    0.00    1.01    1.01    0.00    1.01    0.00    0.00    0.00   85.86
14:53:27       7    2.11    0.00    2.11    1.05    0.00    0.00    0.00    0.00    0.00   94.74
14:53:27       8    3.00    0.00    3.00    1.00    0.00    1.00    0.00    0.00    0.00   92.00
14:53:27       9    2.02    0.00    3.03    5.05    0.00    0.00    0.00    0.00    0.00   89.90
14:53:27      10  100.00    0.00    0.00    0.00    0.00    0.00    0.00    0.00    0.00    0.00
14:53:27      11    6.00    0.00    3.00    1.00    0.00    0.00    0.00    0.00    0.00   90.00
14:53:27      12    4.04    0.00    1.01    1.01    0.00    1.01    0.00    0.00    0.00   92.93
14:53:27      13    8.25    0.00    2.06    2.06    0.00    0.00    0.00    0.00    0.00   87.63
14:53:27      14    3.06    0.00    1.02    0.00    0.00    0.00    0.00    0.00    0.00   95.92
14:53:27      15    9.38    0.00    1.04    0.00    0.00    0.00    0.00    0.00    0.00   89.58

14:53:27     CPU    %usr   %nice    %sys %iowait    %irq   %soft  %steal  %guest  %gnice   %idle
14:53:28     all   15.71    0.00    1.45    0.69    0.00    0.06    0.00    0.00    0.00   82.09
14:53:28       0    2.02    0.00    2.02    0.00    0.00    0.00    0.00    0.00    0.00   95.96
14:53:28       1    3.00    0.00    2.00    0.00    0.00    0.00    0.00    0.00    0.00   95.00
14:53:28       2    2.97    0.00    2.97    0.00    0.00    0.00    0.00    0.00    0.00   94.06
14:53:28       3    3.03    0.00    1.01    1.01    0.00    0.00    0.00    0.00    0.00   94.95
14:53:28       4    1.02    0.00    1.02    2.04    0.00    0.00    0.00    0.00    0.00   95.92
14:53:28       5    9.90    0.00    1.98    0.99    0.00    0.00    0.00    0.00    0.00   87.13
14:53:28       6   14.14    0.00    2.02    1.01    0.00    0.00    0.00    0.00    0.00   82.83
14:53:28       7    8.00    0.00    2.00    0.00    0.00    0.00    0.00    0.00    0.00   90.00
14:53:28       8    2.02    0.00    1.01    2.02    0.00    0.00    0.00    0.00    0.00   94.95
14:53:28       9   12.12    0.00    1.01    1.01    0.00    0.00    0.00    0.00    0.00   85.86
14:53:28      10  100.00    0.00    0.00    0.00    0.00    0.00    0.00    0.00    0.00    0.00
14:53:28      11   20.20    0.00    1.01    0.00    0.00    0.00    0.00    0.00    0.00   78.79
14:53:28      12   34.34    0.00    2.02    1.01    0.00    0.00    0.00    0.00    0.00   62.63
14:53:28      13    9.00    0.00    2.00    0.00    0.00    0.00    0.00    0.00    0.00   89.00
14:53:28      14   28.28    0.00    0.00    2.02    0.00    0.00    0.00    0.00    0.00   69.70
14:53:28      15    1.01    0.00    1.01    0.00    0.00    1.01    0.00    0.00    0.00   96.97

14:53:28     CPU    %usr   %nice    %sys %iowait    %irq   %soft  %steal  %guest  %gnice   %idle
14:53:29     all   11.27    0.00    1.96    1.90    0.00    0.13    0.00    0.00    0.00   84.74
14:53:29       0    1.03    0.00    1.03    3.09    0.00    0.00    0.00    0.00    0.00   94.85
14:53:29       1    2.04    0.00    2.04    3.06    0.00    1.02    0.00    0.00    0.00   91.84
14:53:29       2    1.03    0.00    3.09   10.31    0.00    0.00    0.00    0.00    0.00   85.57
14:53:29       3    1.02    0.00    2.04    0.00    0.00    0.00    0.00    0.00    0.00   96.94
14:53:29       4    2.04    0.00    2.04    3.06    0.00    0.00    0.00    0.00    0.00   92.86
14:53:29       5    4.04    0.00    1.01    0.00    0.00    0.00    0.00    0.00    0.00   94.95
14:53:29       6    2.04    0.00    1.02    0.00    0.00    0.00    0.00    0.00    0.00   96.94
14:53:29       7    2.00    0.00    2.00    1.00    0.00    0.00    0.00    0.00    0.00   95.00
14:53:29       8    3.06    0.00    3.06    1.02    0.00    0.00    0.00    0.00    0.00   92.86
14:53:29       9    3.03    0.00    2.02    0.00    0.00    1.01    0.00    0.00    0.00   93.94
14:53:29      10  100.00    0.00    0.00    0.00    0.00    0.00    0.00    0.00    0.00    0.00
14:53:29      11   10.10    0.00    2.02    1.01    0.00    0.00    0.00    0.00    0.00   86.87
14:53:29      12   26.26    0.00    2.02    4.04    0.00    0.00    0.00    0.00    0.00   67.68
14:53:29      13    5.05    0.00    2.02    1.01    0.00    0.00    0.00    0.00    0.00   91.92
14:53:29      14   13.13    0.00    3.03    2.02    0.00    0.00    0.00    0.00    0.00   81.82
14:53:29      15    2.97    0.00    2.97    0.99    0.00    0.00    0.00    0.00    0.00   93.07

14:53:29     CPU    %usr   %nice    %sys %iowait    %irq   %soft  %steal  %guest  %gnice   %idle
14:53:30     all   15.95    0.00    1.65    0.82    0.00    0.25    0.00    0.00    0.00   81.33
14:53:30       0   19.79    0.00    1.04    1.04    0.00    0.00    0.00    0.00    0.00   78.12
14:53:30       1   10.10    0.00    2.02    1.01    0.00    0.00    0.00    0.00    0.00   86.87
14:53:30       2   32.65    0.00    1.02    0.00    0.00    0.00    0.00    0.00    0.00   66.33
14:53:30       3    4.04    0.00    1.01    1.01    0.00    0.00    0.00    0.00    0.00   93.94
14:53:30       4   14.43    0.00    3.09    1.03    0.00    0.00    0.00    0.00    0.00   81.44
14:53:30       5    2.02    0.00    2.02    0.00    0.00    1.01    0.00    0.00    0.00   94.95
14:53:30       6    4.08    0.00    1.02    1.02    0.00    1.02    0.00    0.00    0.00   92.86
14:53:30       7    3.00    0.00    3.00    1.00    0.00    0.00    0.00    0.00    0.00   93.00
14:53:30       8    9.28    0.00    1.03    1.03    0.00    0.00    0.00    0.00    0.00   88.66
14:53:30       9    3.03    0.00    1.01    1.01    0.00    0.00    0.00    0.00    0.00   94.95
14:53:30      10   81.19    0.00    0.00    0.00    0.00    0.00    0.00    0.00    0.00   18.81
14:53:30      11    4.00    0.00    2.00    1.00    0.00    1.00    0.00    0.00    0.00   92.00
14:53:30      12   24.24    0.00    2.02    1.01    0.00    0.00    0.00    0.00    0.00   72.73
14:53:30      13   19.00    0.00    2.00    1.00    0.00    0.00    0.00    0.00    0.00   78.00
14:53:30      14   16.16    0.00    3.03    1.01    0.00    0.00    0.00    0.00    0.00   79.80
14:53:30      15    7.07    0.00    1.01    1.01    0.00    1.01    0.00    0.00    0.00   89.90

14:53:30     CPU    %usr   %nice    %sys %iowait    %irq   %soft  %steal  %guest  %gnice   %idle
14:53:31     all   12.71    0.00    3.81    2.23    0.00    0.70    0.00    0.00    0.00   80.55
14:53:31       0    9.09    0.00    5.05    3.03    0.00    1.01    0.00    0.00    0.00   81.82
14:53:31       1    8.25    0.00    4.12    1.03    0.00    0.00    0.00    0.00    0.00   86.60
14:53:31       2   69.31    0.00    1.98    0.00    0.00    0.99    0.00    0.00    0.00   27.72
14:53:31       3    6.12    0.00    4.08    3.06    0.00    1.02    0.00    0.00    0.00   85.71
14:53:31       4   29.00    0.00    3.00    0.00    0.00    1.00    0.00    0.00    0.00   67.00
14:53:31       5   10.20    0.00    5.10    3.06    0.00    0.00    0.00    0.00    0.00   81.63
14:53:31       6   11.11    0.00    3.03    1.01    0.00    0.00    0.00    0.00    0.00   84.85
14:53:31       7   10.53    0.00    4.21   11.58    0.00    1.05    0.00    0.00    0.00   72.63
14:53:31       8    7.07    0.00    4.04    1.01    0.00    1.01    0.00    0.00    0.00   86.87
14:53:31       9    5.05    0.00    4.04    0.00    0.00    1.01    0.00    0.00    0.00   89.90
14:53:31      10    4.08    0.00    3.06    0.00    0.00    1.02    0.00    0.00    0.00   91.84
14:53:31      11    6.19    0.00    3.09    1.03    0.00    1.03    0.00    0.00    0.00   88.66
14:53:31      12    5.15    0.00    5.15    6.19    0.00    0.00    0.00    0.00    0.00   83.51
14:53:31      13    8.00    0.00    4.00    1.00    0.00    1.00    0.00    0.00    0.00   86.00
14:53:31      14    8.08    0.00    3.03    3.03    0.00    1.01    0.00    0.00    0.00   84.85
14:53:31      15    4.12    0.00    4.12    1.03    0.00    0.00    0.00    0.00    0.00   90.72

14:53:31     CPU    %usr   %nice    %sys %iowait    %irq   %soft  %steal  %guest  %gnice   %idle
14:53:32     all   12.80    0.00    3.12    2.29    0.00    0.19    0.00    0.00    0.00   81.59
14:53:32       0    2.08    0.00    4.17   12.50    0.00    0.00    0.00    0.00    0.00   81.25
14:53:32       1    9.00    0.00    3.00    3.00    0.00    1.00    0.00    0.00    0.00   84.00
14:53:32       2    3.06    0.00    4.08    0.00    0.00    0.00    0.00    0.00    0.00   92.86
14:53:32       3    4.21    0.00    4.21    6.32    0.00    0.00    0.00    0.00    0.00   85.26
14:53:32       4   44.00    0.00    2.00    2.00    0.00    0.00    0.00    0.00    0.00   52.00
14:53:32       5   67.68    0.00    1.01    2.02    0.00    0.00    0.00    0.00    0.00   29.29
14:53:32       6    3.06    0.00    3.06    0.00    0.00    1.02    0.00    0.00    0.00   92.86
14:53:32       7    6.12    0.00    3.06    1.02    0.00    0.00    0.00    0.00    0.00   89.80
14:53:32       8    3.03    0.00    4.04    3.03    0.00    0.00    0.00    0.00    0.00   89.90
14:53:32       9    6.06    0.00    3.03    4.04    0.00    0.00    0.00    0.00    0.00   86.87
14:53:32      10   10.10    0.00    2.02    2.02    0.00    0.00    0.00    0.00    0.00   85.86
14:53:32      11   12.24    0.00    3.06    0.00    0.00    0.00    0.00    0.00    0.00   84.69
14:53:32      12   11.22    0.00    3.06    0.00    0.00    0.00    0.00    0.00    0.00   85.71
14:53:32      13    4.08    0.00    3.06    1.02    0.00    0.00    0.00    0.00    0.00   91.84
14:53:32      14    7.22    0.00    3.09    0.00    0.00    0.00    0.00    0.00    0.00   89.69
14:53:32      15   10.20    0.00    4.08    0.00    0.00    1.02    0.00    0.00    0.00   84.69

14:53:32     CPU    %usr   %nice    %sys %iowait    %irq   %soft  %steal  %guest  %gnice   %idle
14:53:33     all   20.80    0.00    2.43    1.08    0.00    0.32    0.00    0.00    0.00   75.37
14:53:33       0    7.37    0.00    2.11    1.05    0.00    0.00    0.00    0.00    0.00   89.47
14:53:33       1   44.90    0.00    3.06    0.00    0.00    0.00    0.00    0.00    0.00   52.04
14:53:33       2   24.74    0.00    2.06    2.06    0.00    0.00    0.00    0.00    0.00   71.13
14:53:33       3   18.37    0.00    3.06    1.02    0.00    0.00    0.00    0.00    0.00   77.55
14:53:33       4   17.71    0.00    2.08    1.04    0.00    0.00    0.00    0.00    0.00   79.17
14:53:33       5   39.80    0.00    1.02    0.00    0.00    0.00    0.00    0.00    0.00   59.18
14:53:33       6    7.22    0.00    2.06    1.03    0.00    1.03    0.00    0.00    0.00   88.66
14:53:33       7   50.00    0.00    1.02    1.02    0.00    0.00    0.00    0.00    0.00   47.96
14:53:33       8   11.22    0.00    2.04    1.02    0.00    1.02    0.00    0.00    0.00   84.69
14:53:33       9    9.09    0.00    3.03    1.01    0.00    0.00    0.00    0.00    0.00   86.87
14:53:33      10   26.26    0.00    3.03    1.01    0.00    0.00    0.00    0.00    0.00   69.70
14:53:33      11   14.14    0.00    4.04    2.02    0.00    0.00    0.00    0.00    0.00   79.80
14:53:33      12   31.63    0.00    3.06    1.02    0.00    0.00    0.00    0.00    0.00   64.29
14:53:33      13    8.16    0.00    2.04    1.02    0.00    1.02    0.00    0.00    0.00   87.76
14:53:33      14   11.00    0.00    3.00    2.00    0.00    1.00    0.00    0.00    0.00   83.00
14:53:33      15   11.11    0.00    2.02    1.01    0.00    1.01    0.00    0.00    0.00   84.85

14:53:33     CPU    %usr   %nice    %sys %iowait    %irq   %soft  %steal  %guest  %gnice   %idle
14:53:34     all   16.25    0.00    1.90    0.70    0.00    0.25    0.00    0.00    0.00   80.89
14:53:34       0   15.00    0.00    2.00    1.00    0.00    1.00    0.00    0.00    0.00   81.00
14:53:34       1    8.08    0.00    2.02    1.01    0.00    0.00    0.00    0.00    0.00   88.89
14:53:34       2   24.24    0.00    4.04    0.00    0.00    1.01    0.00    0.00    0.00   70.71
14:53:34       3    9.18    0.00    3.06    0.00    0.00    0.00    0.00    0.00    0.00   87.76
14:53:34       4    3.12    0.00    1.04    1.04    0.00    0.00    0.00    0.00    0.00   94.79
14:53:34       5    6.12    0.00    2.04    0.00    0.00    0.00    0.00    0.00    0.00   91.84
14:53:34       6   18.18    0.00    2.02    0.00    0.00    0.00    0.00    0.00    0.00   79.80
14:53:34       7  100.00    0.00    0.00    0.00    0.00    0.00    0.00    0.00    0.00    0.00
14:53:34       8    5.15    0.00    1.03    1.03    0.00    0.00    0.00    0.00    0.00   92.78
14:53:34       9    2.04    0.00    2.04    0.00    0.00    0.00    0.00    0.00    0.00   95.92
14:53:34      10    1.02    0.00    2.04    0.00    0.00    1.02    0.00    0.00    0.00   95.92
14:53:34      11    7.14    0.00    2.04    0.00    0.00    1.02    0.00    0.00    0.00   89.80
14:53:34      12   34.34    0.00    3.03    2.02    0.00    0.00    0.00    0.00    0.00   60.61
14:53:34      13   19.00    0.00    1.00    0.00    0.00    0.00    0.00    0.00    0.00   80.00
14:53:34      14    4.12    0.00    1.03    0.00    0.00    0.00    0.00    0.00    0.00   94.85
14:53:34      15    1.01    0.00    2.02    5.05    0.00    0.00    0.00    0.00    0.00   91.92

14:53:34     CPU    %usr   %nice    %sys %iowait    %irq   %soft  %steal  %guest  %gnice   %idle
14:53:35     all   16.28    0.00    3.80    0.70    0.00    0.44    0.00    0.00    0.00   78.78
14:53:35       0   14.58    0.00    3.12    0.00    0.00    0.00    0.00    0.00    0.00   82.29
14:53:35       1    4.08    0.00    4.08    0.00    0.00    1.02    0.00    0.00    0.00   90.82
14:53:35       2   25.25    0.00    4.04    2.02    0.00    0.00    0.00    0.00    0.00   68.69
14:53:35       3    7.14    0.00    4.08    0.00    0.00    1.02    0.00    0.00    0.00   87.76
14:53:35       4    3.00    0.00    3.00    2.00    0.00    1.00    0.00    0.00    0.00   91.00
14:53:35       5   11.34    0.00    4.12    1.03    0.00    0.00    0.00    0.00    0.00   83.51
14:53:35       6   17.82    0.00    4.95    0.99    0.00    0.99    0.00    0.00    0.00   75.25
14:53:35       7   75.25    0.00    1.98    0.00    0.00    0.99    0.00    0.00    0.00   21.78
14:53:35       8   20.20    0.00    5.05    1.01    0.00    0.00    0.00    0.00    0.00   73.74
14:53:35       9   10.20    0.00    4.08    0.00    0.00    0.00    0.00    0.00    0.00   85.71
14:53:35      10    3.03    0.00    4.04    1.01    0.00    0.00    0.00    0.00    0.00   91.92
14:53:35      11    3.09    0.00    3.09    1.03    0.00    0.00    0.00    0.00    0.00   92.78
14:53:35      12   19.19    0.00    4.04    1.01    0.00    1.01    0.00    0.00    0.00   74.75
14:53:35      13    5.05    0.00    4.04    1.01    0.00    0.00    0.00    0.00    0.00   89.90
14:53:35      14    8.08    0.00    4.04    0.00    0.00    1.01    0.00    0.00    0.00   86.87
14:53:35      15   31.31    0.00    3.03    0.00    0.00    0.00    0.00    0.00    0.00   65.66

14:53:35     CPU    %usr   %nice    %sys %iowait    %irq   %soft  %steal  %guest  %gnice   %idle
14:53:36     all   15.90    0.00    3.23    0.57    0.00    0.25    0.00    0.00    0.00   80.05
14:53:36       0   11.00    0.00    3.00    0.00    0.00    1.00    0.00    0.00    0.00   85.00
14:53:36       1   23.47    0.00    4.08    2.04    0.00    1.02    0.00    0.00    0.00   69.39
14:53:36       2    5.10    0.00    4.08    1.02    0.00    0.00    0.00    0.00    0.00   89.80
14:53:36       3    6.12    0.00    4.08    1.02    0.00    0.00    0.00    0.00    0.00   88.78
14:53:36       4    8.08    0.00    4.04    1.01    0.00    0.00    0.00    0.00    0.00   86.87
14:53:36       5   28.28    0.00    1.01    1.01    0.00    0.00    0.00    0.00    0.00   69.70
14:53:36       6    7.07    0.00    7.07    0.00    0.00    0.00    0.00    0.00    0.00   85.86
14:53:36       7    6.12    0.00    1.02    0.00    0.00    0.00    0.00    0.00    0.00   92.86
14:53:36       8    7.92    0.00    3.96    0.99    0.00    0.00    0.00    0.00    0.00   87.13
14:53:36       9   13.00    0.00    4.00    1.00    0.00    1.00    0.00    0.00    0.00   81.00
14:53:36      10   11.22    0.00    2.04    1.02    0.00    0.00    0.00    0.00    0.00   85.71
14:53:36      11    7.14    0.00    4.08    0.00    0.00    0.00    0.00    0.00    0.00   88.78
14:53:36      12    7.14    0.00    3.06    0.00    0.00    0.00    0.00    0.00    0.00   89.80
14:53:36      13    8.08    0.00    3.03    0.00    0.00    1.01    0.00    0.00    0.00   87.88
14:53:36      14   31.63    0.00    3.06    0.00    0.00    0.00    0.00    0.00    0.00   65.31
14:53:36      15   73.47    0.00    0.00    0.00    0.00    0.00    0.00    0.00    0.00   26.53

14:53:36     CPU    %usr   %nice    %sys %iowait    %irq   %soft  %steal  %guest  %gnice   %idle
14:53:37     all   17.08    0.00    2.97    0.57    0.00    0.76    0.00    0.00    0.00   78.62
14:53:37       0   14.29    0.00    3.06    1.02    0.00    1.02    0.00    0.00    0.00   80.61
14:53:37       1   15.31    0.00    4.08    0.00    0.00    1.02    0.00    0.00    0.00   79.59
14:53:37       2   13.27    0.00    1.02    0.00    0.00    1.02    0.00    0.00    0.00   84.69
14:53:37       3    9.09    0.00    3.03    0.00    0.00    1.01    0.00    0.00    0.00   86.87
14:53:37       4   10.20    0.00    2.04    0.00    0.00    0.00    0.00    0.00    0.00   87.76
14:53:37       5   10.10    0.00    3.03    0.00    0.00    1.01    0.00    0.00    0.00   85.86
14:53:37       6   15.15    0.00    4.04    1.01    0.00    0.00    0.00    0.00    0.00   79.80
14:53:37       7   15.31    0.00    4.08    1.02    0.00    1.02    0.00    0.00    0.00   78.57
14:53:37       8    2.02    0.00    4.04    0.00    0.00    1.01    0.00    0.00    0.00   92.93
14:53:37       9    7.07    0.00    4.04    1.01    0.00    1.01    0.00    0.00    0.00   86.87
14:53:37      10    5.10    0.00    3.06    1.02    0.00    1.02    0.00    0.00    0.00   89.80
14:53:37      11   16.00    0.00    3.00    1.00    0.00    1.00    0.00    0.00    0.00   79.00
14:53:37      12    9.09    0.00    3.03    1.01    0.00    1.01    0.00    0.00    0.00   85.86
14:53:37      13   18.18    0.00    2.02    1.01    0.00    0.00    0.00    0.00    0.00   78.79
14:53:37      14  100.00    0.00    0.00    0.00    0.00    0.00    0.00    0.00    0.00    0.00
14:53:37      15   12.00    0.00    4.00    1.00    0.00    1.00    0.00    0.00    0.00   82.00

14:53:37     CPU    %usr   %nice    %sys %iowait    %irq   %soft  %steal  %guest  %gnice   %idle
14:53:38     all   16.35    0.00    6.26    2.23    0.00    0.64    0.00    0.00    0.00   74.52
14:53:38       0    7.07    0.00    7.07    3.03    0.00    0.00    0.00    0.00    0.00   82.83
14:53:38       1    6.12    0.00    6.12    4.08    0.00    1.02    0.00    0.00    0.00   82.65
14:53:38       2    7.14    0.00    6.12    1.02    0.00    0.00    0.00    0.00    0.00   85.71
14:53:38       3    7.00    0.00    8.00    1.00    0.00    1.00    0.00    0.00    0.00   83.00
14:53:38       4    7.07    0.00    7.07    3.03    0.00    1.01    0.00    0.00    0.00   81.82
14:53:38       5    7.14    0.00    7.14    1.02    0.00    1.02    0.00    0.00    0.00   83.67
14:53:38       6    8.25    0.00    5.15    0.00    0.00    0.00    0.00    0.00    0.00   86.60
14:53:38       7   24.24    0.00    4.04    1.01    0.00    0.00    0.00    0.00    0.00   70.71
14:53:38       8    8.33    0.00   10.42    6.25    0.00    0.00    0.00    0.00    0.00   75.00
14:53:38       9   18.75    0.00   10.42    1.04    0.00    1.04    0.00    0.00    0.00   68.75
14:53:38      10   29.59    0.00    6.12    1.02    0.00    1.02    0.00    0.00    0.00   62.24
14:53:38      11   10.42    0.00    7.29   10.42    0.00    1.04    0.00    0.00    0.00   70.83
14:53:38      12    5.15    0.00    5.15    2.06    0.00    1.03    0.00    0.00    0.00   86.60
14:53:38      13    6.19    0.00    5.15    0.00    0.00    1.03    0.00    0.00    0.00   87.63
14:53:38      14  100.00    0.00    0.00    0.00    0.00    0.00    0.00    0.00    0.00    0.00
14:53:38      15    7.14    0.00    5.10    1.02    0.00    1.02    0.00    0.00    0.00   85.71

14:53:38     CPU    %usr   %nice    %sys %iowait    %irq   %soft  %steal  %guest  %gnice   %idle
14:53:39     all   15.83    0.00    5.41    2.32    0.00    0.58    0.00    0.00    0.00   75.87
14:53:39       0    5.21    0.00    4.17    1.04    0.00    1.04    0.00    0.00    0.00   88.54
14:53:39       1    7.45    0.00    3.19    0.00    0.00    0.00    0.00    0.00    0.00   89.36
14:53:39       2    6.12    0.00    8.16    1.02    0.00    1.02    0.00    0.00    0.00   83.67
14:53:39       3    7.29    0.00    4.17    1.04    0.00    0.00    0.00    0.00    0.00   87.50
14:53:39       4    6.06    0.00    7.07    6.06    0.00    1.01    0.00    0.00    0.00   79.80
14:53:39       5   28.12    0.00    6.25    4.17    0.00    0.00    0.00    0.00    0.00   61.46
14:53:39       6    8.25    0.00    7.22    1.03    0.00    1.03    0.00    0.00    0.00   82.47
14:53:39       7   15.46    0.00    3.09    0.00    0.00    1.03    0.00    0.00    0.00   80.41
14:53:39       8    7.45    0.00    7.45    8.51    0.00    0.00    0.00    0.00    0.00   76.60
14:53:39       9   11.11    0.00    6.06    2.02    0.00    1.01    0.00    0.00    0.00   79.80
14:53:39      10    9.18    0.00    5.10    1.02    0.00    0.00    0.00    0.00    0.00   84.69
14:53:39      11    9.28    0.00    7.22    9.28    0.00    1.03    0.00    0.00    0.00   73.20
14:53:39      12   11.22    0.00    6.12    0.00    0.00    1.02    0.00    0.00    0.00   81.63
14:53:39      13    9.09    0.00    6.06    1.01    0.00    1.01    0.00    0.00    0.00   82.83
14:53:39      14  100.00    0.00    0.00    0.00    0.00    0.00    0.00    0.00    0.00    0.00
14:53:39      15    9.38    0.00    5.21    1.04    0.00    0.00    0.00    0.00    0.00   84.38

14:53:39     CPU    %usr   %nice    %sys %iowait    %irq   %soft  %steal  %guest  %gnice   %idle
14:53:40     all   16.84    0.00    5.17    0.51    0.00    0.64    0.00    0.00    0.00   76.85
14:53:40       0    9.28    0.00    5.15    0.00    0.00    0.00    0.00    0.00    0.00   85.57
14:53:40       1   12.24    0.00    5.10    1.02    0.00    1.02    0.00    0.00    0.00   80.61
14:53:40       2    5.05    0.00    5.05    0.00    0.00    1.01    0.00    0.00    0.00   88.89
14:53:40       3   17.00    0.00    6.00    1.00    0.00    1.00    0.00    0.00    0.00   75.00
14:53:40       4    6.12    0.00    5.10    1.02    0.00    0.00    0.00    0.00    0.00   87.76
14:53:40       5   16.33    0.00    5.10    1.02    0.00    1.02    0.00    0.00    0.00   76.53
14:53:40       6   16.33    0.00    5.10    0.00    0.00    0.00    0.00    0.00    0.00   78.57
14:53:40       7   13.27    0.00    5.10    1.02    0.00    0.00    0.00    0.00    0.00   80.61
14:53:40       8   12.87    0.00    6.93    0.99    0.00    1.98    0.00    0.00    0.00   77.23
14:53:40       9   15.15    0.00    3.03    2.02    0.00    0.00    0.00    0.00    0.00   79.80
14:53:40      10    6.25    0.00    6.25    0.00    0.00    1.04    0.00    0.00    0.00   86.46
14:53:40      11    9.38    0.00    8.33    0.00    0.00    1.04    0.00    0.00    0.00   81.25
14:53:40      12   26.80    0.00    4.12    0.00    0.00    1.03    0.00    0.00    0.00   68.04
14:53:40      13    5.32    0.00    5.32    0.00    0.00    0.00    0.00    0.00    0.00   89.36
14:53:40      14   89.00    0.00    1.00    0.00    0.00    0.00    0.00    0.00    0.00   10.00
14:53:40      15    7.07    0.00    6.06    0.00    0.00    1.01    0.00    0.00    0.00   85.86

14:53:40     CPU    %usr   %nice    %sys %iowait    %irq   %soft  %steal  %guest  %gnice   %idle
14:53:41     all   19.42    0.00    4.38    0.57    0.00    0.63    0.00    0.00    0.00   75.00
14:53:41       0    4.08    0.00    6.12    0.00    0.00    1.02    0.00    0.00    0.00   88.78
14:53:41       1   10.10    0.00    5.05    0.00    0.00    2.02    0.00    0.00    0.00   82.83
14:53:41       2   10.31    0.00    4.12    1.03    0.00    1.03    0.00    0.00    0.00   83.51
14:53:41       3    7.00    0.00    5.00    1.00    0.00    1.00    0.00    0.00    0.00   86.00
14:53:41       4   11.11    0.00    4.04    0.00    0.00    1.01    0.00    0.00    0.00   83.84
14:53:41       5   34.65    0.00    1.98    0.99    0.00    0.00    0.00    0.00    0.00   62.38
14:53:41       6   81.82    0.00    1.01    0.00    0.00    0.00    0.00    0.00    0.00   17.17
14:53:41       7   13.27    0.00    7.14    1.02    0.00    0.00    0.00    0.00    0.00   78.57
14:53:41       8   30.30    0.00    4.04    1.01    0.00    0.00    0.00    0.00    0.00   64.65
14:53:41       9   29.90    0.00    3.09    1.03    0.00    0.00    0.00    0.00    0.00   65.98
14:53:41      10   16.16    0.00    5.05    0.00    0.00    1.01    0.00    0.00    0.00   77.78
14:53:41      11   15.00    0.00    4.00    1.00    0.00    1.00    0.00    0.00    0.00   79.00
14:53:41      12   25.00    0.00    3.12    1.04    0.00    0.00    0.00    0.00    0.00   70.83
14:53:41      13    4.12    0.00    5.15    1.03    0.00    0.00    0.00    0.00    0.00   89.69
14:53:41      14    9.09    0.00    6.06    0.00    0.00    1.01    0.00    0.00    0.00   83.84
14:53:41      15    8.16    0.00    5.10    0.00    0.00    1.02    0.00    0.00    0.00   85.71

14:53:41     CPU    %usr   %nice    %sys %iowait    %irq   %soft  %steal  %guest  %gnice   %idle
14:53:42     all   13.19    0.00    6.50    1.93    0.00    0.71    0.00    0.00    0.00   77.67
14:53:42       0    4.12    0.00    6.19    2.06    0.00    2.06    0.00    0.00    0.00   85.57
14:53:42       1    4.12    0.00    6.19    2.06    0.00    0.00    0.00    0.00    0.00   87.63
14:53:42       2    4.12    0.00    6.19    2.06    0.00    1.03    0.00    0.00    0.00   86.60
14:53:42       3   76.53    0.00    0.00    0.00    0.00    0.00    0.00    0.00    0.00   23.47
14:53:42       4   13.40    0.00    5.15    2.06    0.00    0.00    0.00    0.00    0.00   79.38
14:53:42       5   36.46    0.00    5.21    1.04    0.00    1.04    0.00    0.00    0.00   56.25
14:53:42       6    5.21    0.00    6.25    2.08    0.00    1.04    0.00    0.00    0.00   85.42
14:53:42       7    8.33    0.00   11.46    1.04    0.00    1.04    0.00    0.00    0.00   78.12
14:53:42       8   16.49    0.00   15.46    3.09    0.00    0.00    0.00    0.00    0.00   64.95
14:53:42       9    9.28    0.00    6.19    2.06    0.00    1.03    0.00    0.00    0.00   81.44
14:53:42      10    4.12    0.00    6.19    2.06    0.00    1.03    0.00    0.00    0.00   86.60
14:53:42      11    4.12    0.00    4.12    1.03    0.00    0.00    0.00    0.00    0.00   90.72
14:53:42      12    4.08    0.00    6.12    2.04    0.00    1.02    0.00    0.00    0.00   86.73
14:53:42      13   11.11    0.00    8.08    1.01    0.00    1.01    0.00    0.00    0.00   78.79
14:53:42      14    5.10    0.00    6.12    4.08    0.00    0.00    0.00    0.00    0.00   84.69
14:53:42      15    4.12    0.00    5.15    3.09    0.00    1.03    0.00    0.00    0.00   86.60

14:53:42     CPU    %usr   %nice    %sys %iowait    %irq   %soft  %steal  %guest  %gnice   %idle
14:53:43     all   15.22    0.00    7.80    3.09    0.00    0.90    0.00    0.00    0.00   72.99
14:53:43       0    7.37    0.00    7.37    6.32    0.00    0.00    0.00    0.00    0.00   78.95
14:53:43       1    6.12    0.00    7.14    2.04    0.00    1.02    0.00    0.00    0.00   83.67
14:53:43       2    7.29    0.00    6.25    1.04    0.00    1.04    0.00    0.00    0.00   84.38
14:53:43       3   13.27    0.00    5.10    1.02    0.00    1.02    0.00    0.00    0.00   79.59
14:53:43       4    6.32    0.00    6.32    3.16    0.00    1.05    0.00    0.00    0.00   83.16
14:53:43       5    8.16    0.00   11.22    1.02    0.00    1.02    0.00    0.00    0.00   78.57
14:53:43       6   10.42    0.00    6.25    2.08    0.00    1.04    0.00    0.00    0.00   80.21
14:53:43       7   11.34    0.00   10.31    0.00    0.00    1.03    0.00    0.00    0.00   77.32
14:53:43       8    7.14    0.00    8.16    2.04    0.00    1.02    0.00    0.00    0.00   81.63
14:53:43       9   12.37    0.00    8.25    3.09    0.00    1.03    0.00    0.00    0.00   75.26
14:53:43      10   12.50    0.00   12.50    5.21    0.00    1.04    0.00    0.00    0.00   68.75
14:53:43      11    8.08    0.00    9.09    2.02    0.00    2.02    0.00    0.00    0.00   78.79
14:53:43      12   15.46    0.00    6.19    1.03    0.00    0.00    0.00    0.00    0.00   77.32
14:53:43      13    9.38    0.00   12.50    5.21    0.00    1.04    0.00    0.00    0.00   71.88
14:53:43      14   11.46    0.00    8.33   14.58    0.00    1.04    0.00    0.00    0.00   64.58
14:53:43      15   94.95    0.00    0.00    0.00    0.00    0.00    0.00    0.00    0.00    5.05

14:53:43     CPU    %usr   %nice    %sys %iowait    %irq   %soft  %steal  %guest  %gnice   %idle
14:53:44     all   17.97    0.00    4.25    0.83    0.00    0.57    0.00    0.00    0.00   76.38
14:53:44       0   10.31    0.00    3.09    1.03    0.00    1.03    0.00    0.00    0.00   84.54
14:53:44       1   18.18    0.00    5.05    1.01    0.00    1.01    0.00    0.00    0.00   74.75
14:53:44       2    5.21    0.00    4.17    1.04    0.00    0.00    0.00    0.00    0.00   89.58
14:53:44       3    3.16    0.00    3.16    1.05    0.00    0.00    0.00    0.00    0.00   92.63
14:53:44       4    6.06    0.00    5.05    0.00    0.00    0.00    0.00    0.00    0.00   88.89
14:53:44       5    6.19    0.00    4.12    1.03    0.00    0.00    0.00    0.00    0.00   88.66
14:53:44       6    9.09    0.00    5.05    1.01    0.00    1.01    0.00    0.00    0.00   83.84
14:53:44       7    3.00    0.00    3.00    0.00    0.00    1.00    0.00    0.00    0.00   93.00
14:53:44       8   19.39    0.00    6.12    1.02    0.00    1.02    0.00    0.00    0.00   72.45
14:53:44       9   13.86    0.00    6.93    0.99    0.00    0.99    0.00    0.00    0.00   77.23
14:53:44      10   17.35    0.00    6.12    1.02    0.00    1.02    0.00    0.00    0.00   74.49
14:53:44      11   10.10    0.00    6.06    1.01    0.00    0.00    0.00    0.00    0.00   82.83
14:53:44      12   12.12    0.00    3.03    1.01    0.00    1.01    0.00    0.00    0.00   82.83
14:53:44      13   19.19    0.00    3.03    1.01    0.00    0.00    0.00    0.00    0.00   76.77
14:53:44      14   32.32    0.00    4.04    1.01    0.00    1.01    0.00    0.00    0.00   61.62
14:53:44      15  100.00    0.00    0.00    0.00    0.00    0.00    0.00    0.00    0.00    0.00

14:53:44     CPU    %usr   %nice    %sys %iowait    %irq   %soft  %steal  %guest  %gnice   %idle
14:53:45     all   12.00    0.00    1.19    0.69    0.00    0.00    0.00    0.00    0.00   86.12
14:53:45       0    6.06    0.00    1.01    1.01    0.00    0.00    0.00    0.00    0.00   91.92
14:53:45       1    4.08    0.00    1.02    0.00    0.00    0.00    0.00    0.00    0.00   94.90
14:53:45       2    0.00    0.00    1.01    0.00    0.00    0.00    0.00    0.00    0.00   98.99
14:53:45       3    4.00    0.00    1.00    1.00    0.00    0.00    0.00    0.00    0.00   94.00
14:53:45       4   19.00    0.00    1.00    1.00    0.00    0.00    0.00    0.00    0.00   79.00
14:53:45       5    1.00    0.00    1.00    0.00    0.00    0.00    0.00    0.00    0.00   98.00
14:53:45       6    6.00    0.00    1.00    0.00    0.00    0.00    0.00    0.00    0.00   93.00
14:53:45       7    9.00    0.00    1.00    2.00    0.00    0.00    0.00    0.00    0.00   88.00
14:53:45       8    2.06    0.00    0.00    0.00    0.00    0.00    0.00    0.00    0.00   97.94
14:53:45       9    0.00    0.00    1.01    3.03    0.00    0.00    0.00    0.00    0.00   95.96
14:53:45      10    2.00    0.00    1.00    1.00    0.00    0.00    0.00    0.00    0.00   96.00
14:53:45      11   14.00    0.00    1.00    1.00    0.00    0.00    0.00    0.00    0.00   84.00
14:53:45      12    5.00    0.00    2.00    0.00    0.00    0.00    0.00    0.00    0.00   93.00
14:53:45      13    4.95    0.00    1.98    0.00    0.00    0.00    0.00    0.00    0.00   93.07
14:53:45      14   14.14    0.00    4.04    1.01    0.00    0.00    0.00    0.00    0.00   80.81
14:53:45      15  100.00    0.00    0.00    0.00    0.00    0.00    0.00    0.00    0.00    0.00

14:53:45     CPU    %usr   %nice    %sys %iowait    %irq   %soft  %steal  %guest  %gnice   %idle
14:53:46     all    9.70    0.00    1.01    1.14    0.00    0.13    0.00    0.00    0.00   88.02
14:53:46       0    9.18    0.00    1.02    1.02    0.00    0.00    0.00    0.00    0.00   88.78
14:53:46       1    5.05    0.00    2.02    2.02    0.00    0.00    0.00    0.00    0.00   90.91
14:53:46       2    7.00    0.00    1.00    1.00    0.00    0.00    0.00    0.00    0.00   91.00
14:53:46       3    1.00    0.00    1.00    0.00    0.00    0.00    0.00    0.00    0.00   98.00
14:53:46       4   15.15    0.00    0.00    1.01    0.00    1.01    0.00    0.00    0.00   82.83
14:53:46       5   13.13    0.00    0.00    1.01    0.00    1.01    0.00    0.00    0.00   84.85
14:53:46       6   13.27    0.00    1.02    1.02    0.00    0.00    0.00    0.00    0.00   84.69
14:53:46       7    7.07    0.00    2.02    3.03    0.00    0.00    0.00    0.00    0.00   87.88
14:53:46       8    3.03    0.00    2.02    1.01    0.00    0.00    0.00    0.00    0.00   93.94
14:53:46       9    5.15    0.00    0.00    1.03    0.00    0.00    0.00    0.00    0.00   93.81
14:53:46      10    2.06    0.00    1.03    0.00    0.00    0.00    0.00    0.00    0.00   96.91
14:53:46      11   13.27    0.00    1.02    2.04    0.00    0.00    0.00    0.00    0.00   83.67
14:53:46      12    9.18    0.00    1.02    1.02    0.00    0.00    0.00    0.00    0.00   88.78
14:53:46      13    2.02    0.00    1.01    2.02    0.00    0.00    0.00    0.00    0.00   94.95
14:53:46      14    2.04    0.00    1.02    0.00    0.00    0.00    0.00    0.00    0.00   96.94
14:53:46      15   47.00    0.00    1.00    1.00    0.00    0.00    0.00    0.00    0.00   51.00
